recno,JName,RA_deg,Dec_deg,RA_str,Dec_str,P0_s,DM,S1400_mJy,W50_ms
1,J0006+1834,1.52,18.583056,00:06:04.80,+18:34:59.0,0.69374767047,1.4e-10,12.0,0.6
2,J0007+7303,1.757083,73.052056,00:07:01.70,+73:03:07.4,0.3158731909,3e-10,1.4,13900.0
3,J0014+4746,3.573958,47.775944,00:14:17.75,+47:46:33.4,1.240699038946,1.1e-11,30.85,0.07
4,J0023+0923,5.820333,9.389972,00:23:16.88,+09:23:23.9,0.4,0.3,0.00305,14.3
5,J0024-7204C,5.959792,-72.075417,00:23:50.35,-72:04:31.5,0.00575677999551,1.7e-16,24.599,0.002
6,J0024-7204D,6.057833,-72.078833,00:24:13.88,-72:04:43.8,0.00535757328486,1.8e-16,24.729,0.002
7,J0024-7204E,6.04625,-72.088917,00:24:11.10,-72:05:20.1,0.00353632915276,1.3e-16,24.23,0.002
8,J0024-7204F,6.016042,-72.078556,00:24:03.85,-72:04:42.8,0.00262357935251,1.4e-16,24.379,0.005
9,J0024-7204G,6.033167,-72.077694,00:24:07.96,-72:04:39.7,0.00404037914356,4e-16,24.441,0.005
10,J0024-7204H,6.027917,-72.068556,00:24:06.70,-72:04:06.8,0.00321034070935,5e-16,24.36,0.03
11,J0024-7204I,6.033042,-72.077694,00:24:07.93,-72:04:39.7,0.00348499206166,5e-16,24.42,0.02
12,J0024-7204J,5.997542,-72.066333,00:23:59.41,-72:03:58.8,0.00210063354535,3e-17,24.5848,0.0009
13,J0024-7204L,6.015708,-72.082472,00:24:03.77,-72:04:56.9,0.00434616799946,1.4e-15,24.38,0.05
14,J0024-7204M,5.977042,-72.091861,00:23:54.49,-72:05:30.7,0.0036766432176,1e-15,24.42,0.02
15,J0024-7204N,6.038292,-72.074694,00:24:09.19,-72:04:28.9,0.00305395434626,4e-16,24.56,0.03
16,J0024-7204O,6.019375,-72.081611,00:24:04.65,-72:04:53.8,0.00264334329724,3e-16,24.363,0.01
17,J0024-7204P,6.023625,-72.081278,00:24:05.67,-72:04:52.6,0.003643021,1e-09,24.3,0.1
18,J0024-7204Q,6.068708,-72.073667,00:24:16.49,-72:04:25.2,0.00403318118457,5e-16,24.29,0.02
19,J0024-7204R,6.023625,-72.081278,00:24:05.67,-72:04:52.6,0.003480463,1e-09,24.4,0.1
20,J0024-7204S,6.016583,-72.078417,00:24:03.98,-72:04:42.3,0.00283040595788,5e-16,24.353,0.009
21,J0024-7204T,6.035625,-72.077472,00:24:08.55,-72:04:38.9,0.00758847980736,5e-15,24.39,0.06
22,J0024-7204U,6.041,-72.066583,00:24:09.84,-72:03:59.7,0.00434282669639,4e-16,24.335,0.004
23,J0024-7204V,6.023625,-72.081278,00:24:05.67,-72:04:52.6,0.00481,1e-06,24.1,0.1
24,J0024-7204W,6.025292,-72.080278,00:24:06.07,-72:04:49.0,0.002352344,1e-09,24.3,0.1
25,J0024-7204X,6.023625,-72.081278,00:24:05.67,-72:04:52.6,0.004771,24.0,0.2,4.0
26,J0024-7204Y,6.023625,-72.081278,00:24:05.67,-72:04:52.6,0.00219666,24.2,0.1,4.0
27,J0024-7204Z,6.023625,-72.081278,00:24:05.67,-72:04:52.6,0.004554,24.47,0.01,4.0
28,J0026+6320,6.710667,63.333583,00:26:50.56,+63:20:00.9,0.318357731235,1e-12,230.31,13.6
29,J0030+0451,7.614292,4.861028,00:30:27.43,+04:51:39.7,3.3,0.2,0.00486545320737,3e-16
30,J0033+57,8.25,57.0,00:33:00.00,+57:00:00.0,0.315,76.0,3.34,3.34
31,J0033+61,8.25,61.0,00:33:00.00,+61:00:00.0,0.912,37.0,1.92,1.92
32,J0034-0534,8.590958,-5.576833,00:34:21.83,-05:34:36.6,0.00187718188458,2e-16,13.76517,4e-05
33,J0034-0721,8.536958,-7.364833,00:34:08.87,-07:21:53.4,0.93,0.08,0.9429509945598,1.7e-12
34,J0034+69,8.5,69.716667,00:34:00.00,+69:43:00.0,0.03680412,1.6e-07,80.0,0.3
35,J0040+5716,10.134833,57.273583,00:40:32.36,+57:16:24.9,1.1182253452412,1.3e-12,92.595,0.009
36,J0045-7042,11.357042,-70.701972,00:45:25.69,-70:42:07.1,0.63233580002,6e-11,70.0,3.0
37,J0045-7319,11.3965,-73.3175,00:45:35.16,-73:19:03.0,0.92627590497,3e-11,105.4,0.7
38,J0048+3412,12.141583,34.202222,00:48:33.98,+34:12:08.0,1.217094296058,8e-12,39.94,0.04
39,J0051+0423,12.875417,4.380278,00:51:30.10,+04:22:49.0,0.3547317989,1e-11,13.9,0.1
40,J0053+69,13.25,69.65,00:53:00.00,+69:39:00.0,0.832938,2.8e-05,117.0,2.0
41,J0054+66,13.5,66.0,00:54:00.00,+66:00:00.0,1.39,15.0,0.81,0.81
42,J0054+69,13.616667,69.433333,00:54:28.00,+69:26:00.0,90.3,0.2,4.73,4.73
43,J0055+5117,13.939083,51.290278,00:55:45.38,+51:17:25.0,2.115171148865,4e-12,44.125,0.01
44,J0056+4756,14.106292,47.93625,00:56:25.51,+47:56:10.5,0.472036662076,7e-12,18.09,0.04
45,J0057-7201,14.433333,-72.021944,00:57:44.00,-72:01:19.0,0.7380624426,2e-10,27.0,5.0
46,J0058+6125,14.5,61.416667,00:58:00.00,+61:25:00.0,0.637,129.0,5.81,5.81
47,J0059+50,14.75,50.033333,00:59:00.00,+50:02:00.0,0.996009,6.1e-05,67.0,2.0
48,J0100-7211,15.179292,-72.192667,01:00:43.03,-72:11:33.6,8.020392,9e-06,59.7,6760.0
49,J0101-6422,15.296333,-64.375056,01:01:11.12,-64:22:30.2,0.00257315197217,2e-16,11.926,0.001
50,J0102+4839,15.75,48.0,01:03:00.00,+48:00:00.0,0.00296,53.5,0.5,4.03
51,J0102+6537,15.637333,65.620389,01:02:32.96,+65:37:13.4,1.679164229064,1.2e-11,65.853,0.02
52,J0103+54,15.904167,54.033333,01:03:37.00,+54:02:00.0,0.354304,6e-06,55.605,0.004
53,J0106+4855,16.604417,48.931056,01:06:25.06,+48:55:51.8,0.083157305005,6e-13,70.87,0.2
54,J0108-1431,17.034792,-14.530611,01:08:08.35,-14:31:50.2,4.2,1.4,0.807564614019,2e-11
55,J0108+6608,17.094333,66.142778,01:08:22.64,+66:08:34.0,1.2836598429,5e-10,30.46,0.05
56,J0108+6905,17.122917,69.097944,01:08:29.50,+69:05:52.6,1.071118109859,5e-12,61.092,0.02
57,J0111-7131,17.869875,-71.529667,01:11:28.77,-71:31:46.8,0.68854151164,5e-11,76.0,3.0
58,J0112+66,18.0,66.366667,01:12:00.00,+66:22:00.0,4.30124,0.0007,112.0,3.0
59,J0113-7220,18.296208,-72.342278,01:13:11.09,-72:20:32.2,0.32588301613,1e-11,125.49,0.03
60,J0117+5914,19.411083,59.244,01:17:38.66,+59:14:38.4,0.1014390664824,2e-12,49.423,0.004
61,J0125+62,21.5,62.583333,01:26:00.00,+62:35:00.0,1.708233,9.8e-05,118.0,2.0
62,J0131-7310,22.868792,-73.16925,01:31:28.51,-73:10:09.3,0.348124045581,7e-12,205.2,0.7
63,J0133-6957,23.38525,-69.95825,01:33:32.46,-69:57:29.7,0.463473741703,3e-12,22.948,0.008
64,J0134-2937,23.577792,-29.621361,01:34:18.67,-29:37:16.9,0.1369615841351,1e-13,21.806,0.006
65,J0136+63,24.0,63.7,01:36:00.00,+63:42:00.0,0.717895,2.7e-05,286.0,2.0
66,J0137+1654,24.3495,16.911694,01:37:23.88,+16:54:42.1,0.4147630265082,5e-13,26.6,0.4
67,J0139+5621,24.910667,56.360222,01:39:38.56,+56:21:36.8,1.77534382596,1e-10,101.842,0.03
68,J0139+5814,24.83225,58.242167,01:39:19.74,+58:14:31.8,0.37,0.04,0.27245063095,1.5e-11
69,J0141+6009,25.416417,60.158972,01:41:39.94,+60:09:32.3,1.2229485205457,1.8e-12,34.926,0.004
70,J0141+63,25.25,63.133333,01:41:00.00,+63:08:00.0,0.04668588,4.9e-07,272.6,0.4
71,J0146+6145,26.593417,61.750778,01:46:22.42,+61:45:02.8,8.6889941,4e-07,3.6,69100.0
72,J0147+5922,26.936042,59.367583,01:47:44.65,+59:22:03.3,0.19632137543003,1.6e-13,40.111,0.003
73,J0151-0635,27.844583,-6.584111,01:51:22.70,-06:35:02.8,1.464664549334,7e-12,25.66,0.03
74,J0152+0948,28.098875,9.802778,01:52:23.73,+09:48:10.0,2.74664729014,1e-10,21.87,0.02
75,J0152-1637,28.045208,-16.631389,01:52:10.85,-16:37:53.0,0.8327416126878,1.3e-12,11.92577,4e-05
76,J0156+3949,29.23,39.824722,01:56:55.20,+39:49:29.0,1.81156061131,1e-10,60.0,0.6
77,J0157+6212,29.458042,62.207194,01:57:49.93,+62:12:25.9,2.35174493646,7e-11,30.21,0.03
78,J0158+21,29.620833,21.133333,01:58:29.00,+21:08:00.0,0.5053,20.0,1.45,1.45
79,J0201+7005,30.42225,70.088361,02:01:41.34,+70:05:18.1,1.349184471846,1e-11,21.029,0.002
80,J0205+6449,31.408,64.828139,02:05:37.92,+64:49:41.3,0.06571592849324,9e-14,140.7,0.3
81,J0206-4028,31.505292,-40.467861,02:06:01.27,-40:28:04.3,0.630550140847,6e-12,12.9,1.0
82,J0211-8159,32.995833,-81.993389,02:11:59.00,-81:59:36.2,1.0773327013,8e-10,24.36,0.03
83,J0212+5222,33.2175,52.379167,02:12:52.20,+52:22:45.0,0.376386292,1e-09,38.0,4.1
84,J0214+5222,33.730292,52.378028,02:14:55.27,+52:22:40.9,0.02457529479071,2.2e-13,22.0354,0.003
85,J0215+6218,33.985958,62.309278,02:15:56.63,+62:18:33.4,0.548879819155,3e-12,84.0,0.05
86,J0218+4232,34.5265,42.538167,02:18:06.36,+42:32:17.4,0.16,0.09,0.00232309046783,1.7e-15
87,J0229+20,37.2625,20.966667,02:29:03.00,+20:58:00.0,0.8069,27.0,2.97,2.97
88,J0231+7026,37.808292,70.44275,02:31:13.99,+70:26:33.9,1.466820306152,7e-12,46.64,0.03
89,J0241+16,40.441667,16.066667,02:41:46.00,+16:04:00.0,1.5454,16.0,1.01,1.01
90,J0242+62,40.645833,62.947222,02:42:35.00,+62:56:50.0,0.592,4.0,0.21,0.21
91,J0243+6027,40.75,60.45,02:43:00.00,+60:27:00.0,1.473,141.0,6.99,6.99
92,J0244+14,41.2125,14.45,02:44:51.00,+14:27:00.0,2.1281,31.0,2.73,2.73
93,J0248+6021,42.077583,60.359639,02:48:18.62,+60:21:34.7,0.217094,5e-06,370.0,1.0
94,J0255-5304,43.98425,-53.072611,02:55:56.22,-53:04:21.4,0.447708444058,3e-12,15.9,0.5
95,J0304+1932,46.137958,19.547611,03:04:33.11,+19:32:51.4,1.387584446262,3e-12,15.737,0.009
96,J0308+74,47.0,74.0,03:08:00.00,+74:00:00.0,0.00316,6.35,0.3,0.34
97,J0323+3944,50.860917,39.748028,03:23:26.62,+39:44:52.9,3.032071956385,1e-11,26.173,0.002
98,J0324+5239,51.231083,52.658694,03:24:55.46,+52:39:31.3,0.336620230291,3e-12,119.0,6.28
99,J0325+67,51.5,67.816667,03:26:00.00,+67:49:00.0,1.364741,6.2e-05,65.0,2.0
100,J0329+1654,52.285625,16.900556,03:29:08.55,+16:54:02.0,0.893319660649,1e-12,42.1,0.2
101,J0332+5434,53.247375,54.578778,03:32:59.37,+54:34:43.6,0.94,0.11,0.714519699726,4e-12
102,J0332+79,53.1875,79.166667,03:32:45.00,+79:10:00.0,2.05621,6e-05,16.67,0.02
103,J0335+4555,53.819375,45.931528,03:35:16.65,+45:55:53.5,0.26920054092953,1.3e-13,47.153,0.003
104,J0337+1715,54.432625,17.254111,03:37:43.83,+17:15:14.8,0.00273258863244,9e-14,21.3162,0.0003
105,J0338+66,54.75,66.733333,03:39:00.00,+66:44:00.0,1.762,0.00015,67.0,2.0
106,J0340+4130,55.097042,41.512583,03:40:23.29,+41:30:45.3,0.7,0.7,0.00329,49.6
107,J0341+5711,55.25,57.183333,03:41:00.00,+57:11:00.0,1.888,100.0,364.7,4.47
108,J0343-3000,55.866417,-30.007639,03:43:27.94,-30:00:27.5,2.59702715738,9e-11,20.2,0.3
109,J0343+5312,55.80375,53.214833,03:43:12.90,+53:12:53.4,1.934478067294,1.5e-11,67.3,0.06
110,J0348+0432,57.181833,4.536528,03:48:43.64,+04:32:11.5,0.03912265690178,7e-16,40.46313,0.0001
111,J0357+3205,59.46875,32.090278,03:57:52.50,+32:05:25.0,0.4441044988,6e-10,540000.0,5.9e+33
112,J0357+5236,59.43675,52.616028,03:57:44.82,+52:36:57.7,0.1970300980314,3e-13,103.706,0.004
113,J0358+42,59.5,42.1,03:58:00.00,+42:06:00.0,0.2264777,5e-06,46.0,1.0
114,J0358+5413,59.723833,54.220472,03:58:53.72,+54:13:13.7,0.91,0.16,0.1563824177774,1.5e-12
115,J0358+66,59.5,66.666667,03:58:00.00,+66:40:00.0,0.09150682,6.3e-07,62.3,0.4
116,J0401-7608,60.465333,-76.137167,04:01:51.68,-76:08:13.8,0.545252742352,1.6e-11,21.6,0.4
117,J0406+6138,61.625333,61.644722,04:06:30.08,+61:38:41.0,0.5945761650437,8e-13,65.303,0.007
118,J0407+1607,61.978917,16.121222,04:07:54.94,+16:07:16.4,0.02570173919463,2e-14,35.65,0.02
119,J0408+551,62.0,55.0,04:08:00.00,+55:00:00.0,1.837,55.0,2.04,2.04
120,J0408+552,62.0,55.0,04:08:00.00,+55:00:00.0,0.754,64.0,2.36,2.36
121,J0410-31,62.6625,-31.124722,04:10:39.00,-31:07:29.0,1.8785,0.0002,9.2,0.3
122,J0413+58,63.25,58.0,04:13:00.00,+58:00:00.0,0.687,57.0,2.24,2.24
123,J0415+6954,63.981875,69.90275,04:15:55.65,+69:54:09.9,0.3907150899386,3e-13,27.465,0.004
124,J0417+35,64.429167,35.75,04:17:43.00,+35:45:00.0,0.6544,3e-05,51.0,10.0
125,J0417+61,64.25,61.133333,04:17:00.00,+61:08:00.0,0.440283,1.3e-05,71.0,2.0
126,J0418-4154,64.5175,-41.903,04:18:04.20,-41:54:10.8,0.75711887132,6e-11,24.54,0.08
127,J0418+5732,64.641125,57.539694,04:18:33.87,+57:32:22.9,9.07838822,5e-08,35100000.0,2.2e+29
128,J0419+44,64.75,44.0,04:19:00.00,+44:00:00.0,1.241,71.0,3.12,3.12
129,J0420-5022,65.008125,-50.380028,04:20:01.95,-50:22:48.1,3.453004027,1.2e-08,1980000.0,2.6e+31
130,J0421-0345,65.389833,-3.751833,04:21:33.56,-03:45:06.6,2.161308494552,1.5e-11,44.61,0.09
131,J0426+4933,66.528375,49.560694,04:26:06.81,+49:33:38.5,0.922474730055,2e-12,85.0,3.6
132,J0435+27,68.891667,27.733333,04:35:34.00,+27:44:00.0,0.3262793,9e-07,53.0,5.0
133,J0437-4715,69.31625,-47.252528,04:37:15.90,-47:15:09.1,6.37,0.09,0.00575745193671,1.7e-17
134,J0447-04,71.75,-4.583333,04:47:00.00,-04:35:00.0,2.18819,2e-05,29.83,0.04
135,J0448-2749,72.173208,-27.829639,04:48:41.57,-27:49:46.7,0.4504483308563,1.7e-12,26.22,0.04
136,J0449-7031,72.273625,-70.525472,04:49:05.67,-70:31:31.7,0.479163971291,1.4e-11,65.83,0.07
137,J0450-1248,72.536583,-12.801972,04:50:08.78,-12:48:07.1,0.4380141493906,8e-13,37.041,0.01
138,J0451-67,72.958333,-67.3,04:51:50.00,-67:18:00.0,0.24545429,7e-08,45.0,1.0
139,J0452-1759,73.142125,-17.989833,04:52:34.11,-17:59:23.4,0.6,1.4,0.548939223294,3e-12
140,J0453+1559,73.439208,15.98925,04:53:45.41,+15:59:21.3,0.04578181687295,3.3e-15,30.3053,0.0003
141,J0454+5543,73.532292,55.728167,04:54:07.75,+55:43:41.4,0.84,0.05,0.340729436235,1e-11
142,J0455-6951,73.948125,-69.859528,04:55:47.55,-69:51:34.3,0.320422711526,1.2e-11,94.89,0.1
143,J0456-69,74.125,-69.166667,04:56:30.00,-69:10:00.0,0.117073051,1.5e-08,103.0,1.0
144,J0456-7031,74.010417,-70.5185,04:56:02.50,-70:31:06.6,0.80013207321,1e-10,100.3,0.3
145,J0457+23,74.275,23.566667,04:57:06.00,+23:34:00.0,0.5049,59.0,3.89,3.89
146,J0457-6337,74.282458,-63.625111,04:57:07.79,-63:37:30.4,2.49701169613,1.9e-10,27.5,1.0
147,J0457-69,74.258333,-69.766667,04:57:02.00,-69:46:00.0,0.231390388,7.3e-08,91.0,1.0
148,J0458-0505,74.654667,-5.08475,04:58:37.12,-05:05:05.1,1.88347965849,1.8e-10,47.806,0.03
149,J0458-67,74.745833,-67.716667,04:58:59.00,-67:43:00.0,1.1339,1.8e-06,97.0,2.0
150,J0459-0210,74.966417,-2.1685,04:59:51.94,-02:10:06.6,1.133076123659,6e-12,21.02,0.03
151,J0501+4516,75.278167,45.276083,05:01:06.76,+45:16:33.9,5.76209653,4e-08,2.2,15700.0
152,J0502+4654,75.519,46.901694,05:02:04.56,+46:54:06.1,0.638565481517,3e-12,42.187,0.008
153,J0502-6617,75.710542,-66.299667,05:02:50.53,-66:17:58.8,0.69125141818,4e-11,68.9,0.3
154,J0509+08,77.35,8.95,05:09:24.00,+08:57:00.0,0.0041,38.0,5.0,2.58
155,J0510+38,77.495833,38.2,05:09:59.00,+38:12:00.0,0.0765644,4.4e-07,69.0,1.0
156,J0511-6508,77.985417,-65.143472,05:11:56.50,-65:08:36.5,0.322061827468,8e-12,25.66,0.08
157,J0514-4002A,78.527875,-40.046917,05:14:06.69,-40:02:48.9,0.00499057511411,3e-15,52.1489,0.0006
158,J0514-4407,78.716,-44.118472,05:14:51.84,-44:07:06.5,0.3022,15.4,0.92,0.92
159,J0517+22,79.291667,22.266667,05:17:10.00,+22:16:00.0,0.222344,20.0,7.0,1.1
160,J0519+44,79.75,44.0,05:19:00.00,+44:00:00.0,0.515,52.0,2.03,2.03
161,J0519+54,80.0,54.416667,05:20:00.00,+54:25:00.0,0.340194,1.2e-05,43.0,1.0
162,J0519-6932,79.9455,-69.539861,05:19:46.92,-69:32:23.5,0.263211634568,3e-12,119.4,0.5
163,J0520-2553,80.150792,-25.88675,05:20:36.19,-25:53:12.3,0.2416421756731,7e-13,33.77,0.03
164,J0521-68,80.433333,-68.583333,05:21:44.00,-68:35:00.0,0.4334207,3e-07,136.0,4.0
165,J0522-6847,80.596083,-68.783944,05:22:23.06,-68:47:02.2,0.67453190906,3e-11,126.45,0.07
166,J0525+1115,81.485208,11.255306,05:25:56.45,+11:15:19.1,0.3544375945137,1.3e-13,79.345,0.003
167,J0525-6607,81.50375,-66.07675,05:26:00.90,-66:04:36.3,8.047,0.0002,1960.0,4.9e+33
168,J0528+2200,82.21775,22.001111,05:28:52.26,+22:00:04.0,3.7455392503,3e-11,50.937,0.02
169,J0529-6652,82.462167,-66.877278,05:29:50.92,-66:52:38.2,0.97572496638,6e-11,103.2,0.3
170,J0532-6639,83.247958,-66.660361,05:32:59.51,-66:39:37.3,0.64274275093,3e-11,69.3,2.0
171,J0532-69,83.016667,-69.766667,05:32:04.00,-69:46:00.0,0.57459786,7e-07,124.0,1.0
172,J0533+0402,83.357583,4.033472,05:33:25.82,+04:02:00.5,0.96301770198,2e-11,83.7,0.1
173,J0533+67,83.25,67.0,05:33:00.00,+67:00:00.0,0.00439,57.4,5.8,5.8
174,J0534+2200,83.633208,22.014472,05:34:31.97,+22:00:52.1,0.0333924123,1.2e-09,56.791,0.001
175,J0534-6703,83.650708,-67.063556,05:34:36.17,-67:03:48.8,1.81756503106,1.7e-10,94.7,1.0
176,J0535-66,83.916667,-66.866667,05:35:40.00,-66:52:00.0,0.210524357,3e-08,75.0,1.0
177,J0535-6935,83.75,-69.583333,05:35:00.00,-69:35:00.0,0.20051133,2e-08,93.7,0.4
178,J0536-7543,84.128292,-75.732417,05:36:30.79,-75:43:56.7,1.24585559629,5e-11,17.5,0.5
179,J0537-69,84.429167,-69.35,05:37:43.00,-69:21:00.0,0.112613212,2e-08,273.0,1.0
180,J0537-6910,84.447583,-69.172194,05:37:47.42,-69:10:19.9,0.0161222220245,4e-13,49.7,4930.0
181,J0538+2817,84.604417,28.285889,05:38:25.06,+28:17:09.2,0.72,0.12,0.14315825891177,1.1e-13
182,J0540+3207,85.154667,32.127028,05:40:37.12,+32:07:37.3,0.5242708632083,5e-13,61.97,0.04
183,J0540-6919,85.046667,-69.331722,05:40:11.20,-69:19:54.2,0.05049881764574,6e-14,146.5,0.2
184,J0540-7125,85.128333,-71.425389,05:40:30.80,-71:25:31.4,1.286014595,3e-09,29.41,0.07
185,J0542-68,85.645833,-68.266667,05:42:35.00,-68:16:00.0,0.425189,7.2e-07,114.0,5.0
186,J0543+2329,85.79025,23.484722,05:43:09.66,+23:29:05.0,0.2459747688901,1.9e-12,77.7115,0.002
187,J0543-6851,85.969625,-68.857028,05:43:52.71,-68:51:25.3,0.70895418575,6e-11,131.0,4.0
188,J0545-03,86.25,-3.166667,05:45:00.00,-03:10:00.0,1.07393,2e-05,67.2,0.4
189,J0546+2441,86.619833,24.689167,05:46:28.76,+24:41:21.0,2.84385038524,6e-11,73.81,0.03
190,J0554+3107,88.520875,31.128056,05:54:05.01,+31:07:41.0,0.464960965736,1.6e-11,51700.0,5.6e+34
191,J0555+3948,88.75,39.8,05:55:00.00,+39:48:00.0,1.1469058,2e-07,37.0,1.76
192,J0555-7056,88.757708,-70.946,05:55:01.85,-70:56:45.6,0.82783808575,7e-11,73.4,2.0
193,J0557+1550,89.381042,15.835,05:57:31.45,+15:50:06.0,0.00255636707678,6e-16,102.5723,0.0005
194,J0600-5756,90.19375,-57.948333,06:00:46.50,-57:56:54.0,2.261364513,3e-09,30.0,8.0
195,J0601-0527,90.49575,-5.464056,06:01:58.98,-05:27:50.6,0.3959691695432,5e-13,80.538,0.005
196,J0605+37,91.25,37.0,06:05:00.00,+37:00:00.0,0.00273,21.0,1.16,1.16
197,J0608+00,92.204167,0.65,06:08:49.00,+00:39:00.0,1.0762,48.0,2.58,2.58
198,J0609+2130,92.495375,21.500778,06:09:58.89,+21:30:02.8,0.05569801392951,2e-14,38.73,0.02
199,J0610-2100,92.556625,-21.007778,06:10:13.59,-21:00:28.0,0.0038613247043,6e-16,60.6662,0.002
200,J0610+37,92.75,37.3,06:11:00.00,+37:18:00.0,0.443861,1.4e-05,39.0,2.0
201,J0611+30,92.816667,30.266667,06:11:16.00,+30:16:00.0,1.41209,3e-06,45.3,1.4
202,J0612+3721,93.202875,37.360389,06:12:48.69,+37:21:37.4,0.29798232657184,1.8e-13,27.135,0.004
203,J0613-0200,93.43325,-2.013111,06:13:43.98,-02:00:47.2,0.86,0.13,0.00306184408768,1.5e-17
204,J0613+3731,93.300625,37.527306,06:13:12.15,+37:31:38.3,0.6191981811,7e-11,18.99,0.01
205,J0614+2229,93.5715,22.51,06:14:17.16,+22:30:36.0,0.33495996611,1.6e-10,96.91,0.07
206,J0614-3329,93.543125,-33.498361,06:14:10.35,-33:29:54.1,0.00314866957944,9e-15,37.049,0.001
207,J0614+83,93.5,83.233333,06:14:00.00,+83:14:00.0,1.039203,5.1e-05,44.0,1.0
208,J0621+0336,95.29675,3.612639,06:21:11.22,+03:36:45.5,0.2699540683678,9e-13,72.59,0.1
209,J0621+1002,95.342125,10.044083,06:21:22.11,+10:02:38.7,0.02885386073005,1e-15,36.601,0.0006
210,J0621+25,95.25,25.0,06:21:00.00,+25:00:00.0,0.00272,83.6,4.25,4.25
211,J0622+3749,95.543792,37.820444,06:22:10.51,+37:49:13.6,0.333208231801,6e-12,208000.0,2.7e+34
212,J0623+0340,95.944833,3.668556,06:23:46.76,+03:40:06.8,0.613759600022,7e-12,54.0,4.0
213,J0624-0424,96.083458,-4.414,06:24:20.03,-04:24:50.4,1.039076475851,1.5e-12,70.835,0.01
214,J0625+10,96.4375,10.266667,06:25:45.00,+10:16:00.0,0.498397,3e-06,78.0,20.0
215,J0627+0649,96.973458,6.831694,06:27:53.63,+06:49:54.1,0.346522567131,1.3e-11,86.6,0.08
216,J0627+0706,96.934042,7.10925,06:27:44.17,+07:06:33.3,0.47587700897,1.5e-10,138.15,0.1
217,J0627+16,96.804167,16.2,06:27:13.00,+16:12:00.0,2.18,113.0,5.87,5.87
218,J0628+0909,97.15075,9.153861,06:28:36.18,+09:09:13.9,1.241421391299,3e-12,88.3,0.2
219,J0629+2415,97.273875,24.262028,06:29:05.73,+24:15:43.3,0.476622836038,4e-12,84.195,0.004
220,J0630-0046,97.612333,-0.768278,06:30:26.96,-00:46:05.8,0.680574832268,7e-12,97.3,0.5
221,J0630-2834,97.705833,-28.578556,06:30:49.40,-28:34:42.8,3.01,0.41,1.24441859615,8e-11
222,J0631+1036,97.864667,10.617361,06:31:27.52,+10:37:02.5,0.287800021959,9e-12,125.36,0.01
223,J0633+0632,98.434208,6.543028,06:33:44.21,+06:32:34.9,0.29739519058,7e-11,59200.0,1.2e+35
224,J0633+1746,98.475625,17.77025,06:33:54.15,+17:46:12.9,6.4,1.8,0.2370994416923,2e-12
225,J0633-2015,98.286917,-20.251972,06:33:08.86,-20:15:07.1,3.2532108384,5e-10,90.7,0.2
226,J0635+0533,98.825,5.553056,06:35:18.00,+05:33:11.0,0.033856495,1.2e-08,,
227,J0636-4549,99.140583,-45.825722,06:36:33.74,-45:49:32.6,1.98459736713,4e-11,26.31,0.1
228,J0636+5129,99.020208,51.483333,06:36:04.85,+51:29:00.0,4.9,0.6,0.00286895284631,11.10598
229,J0645+5158,101.496167,51.970806,06:45:59.08,+51:58:14.9,1.3,0.3,0.00885349668613,7e-17
230,J0645+80,101.5,80.15,06:46:00.00,+80:09:00.0,0.657873,2.4e-05,50.0,3.0
231,J0646+0905,101.629125,9.097028,06:46:30.99,+09:05:49.3,0.9039132,7e-07,149.0,0.7
232,J0647+0913,101.815333,9.233194,06:47:15.68,+09:13:59.5,1.23485362778,3e-11,154.7,1.0
233,J0652-0142,103.046292,-1.708417,06:52:11.11,-01:42:30.3,0.924053918109,1.4e-11,116.3,1.0
234,J0653+8051,103.312875,80.866722,06:53:15.09,+80:52:00.2,1.214440511516,2e-12,33.332,0.02
235,J0656-2228,104.125875,-22.47375,06:56:30.21,-22:28:25.5,1.22475441462,3e-11,32.39,0.2
236,J0656-5449,104.204125,-54.820806,06:56:48.99,-54:49:14.9,0.183156898795,2e-12,67.5,1.0
237,J0658+0022,104.563375,0.376472,06:58:15.21,+00:22:35.3,0.563294925255,3e-12,122.0,0.7
238,J0659+1414,104.950542,14.239306,06:59:48.13,+14:14:21.5,3.47,0.36,0.384891195054,5e-12
239,J0700+6418,105.1575,64.303111,07:00:37.80,+64:18:11.2,0.19567094516627,1.6e-13,8.777,0.001
240,J0702-4956,105.66375,-49.942833,07:02:39.30,-49:56:34.2,0.66599359,5e-10,98.7,0.1
241,J0709-5923,107.385542,-59.398778,07:09:32.53,-59:23:55.6,0.485268383925,5e-12,65.0,2.0
242,J0711+0931,107.90075,9.523611,07:11:36.18,+09:31:25.0,1.21409049248,1e-11,45.0,0.1
243,J0711-6830,107.975792,-68.513167,07:11:54.19,-68:30:47.4,0.00549096850619,4e-17,18.4066,0.0006
244,J0719-2545,109.78075,-25.750056,07:19:07.38,-25:45:00.2,0.974724730631,9e-12,253.89,0.06
245,J0720-3125,110.104,-31.430583,07:20:24.96,-31:25:50.1,2.8,0.9,8.391115532,2.6e-08
246,J0721-2038,110.42875,-20.635306,07:21:42.90,-20:38:07.1,0.015542394974,8e-14,76.1,0.6
247,J0725-1635,111.251667,-16.596056,07:25:00.40,-16:35:45.8,0.4243114031834,1.1e-12,98.98,0.03
248,J0726-2612,111.533833,-26.210583,07:26:08.12,-26:12:38.1,3.4423084877,4e-10,69.4,0.4
249,J0729-1448,112.318542,-14.810222,07:29:16.45,-14:48:36.8,0.251658714181,1.3e-11,92.3,0.3
250,J0729-1836,112.384792,-18.611861,07:29:32.35,-18:36:42.7,0.51016034483,3e-11,61.293,0.01
251,J0733-2345,113.3525,-23.765611,07:33:24.60,-23:45:56.2,1.79624970117,1e-10,194.0,3.0
252,J0734-1559,113.5,-15.983333,07:34:00.00,-15:59:00.0,0.15625,203000.0,1.3e+35,
253,J0735-62,113.841667,-62.966667,07:35:22.00,-62:58:00.0,4.86294,2e-06,19.4,8.0
254,J0737-2202,114.433625,-22.034806,07:37:44.07,-22:02:05.3,0.320366370454,5e-12,95.7,0.4
255,J0737-3039A,114.463542,-30.661306,07:37:51.25,-30:39:40.7,0.87,0.14,0.02269937859962,1.1e-15
256,J0737-3039B,114.463542,-30.661306,07:37:51.25,-30:39:40.7,0.87,0.14,2.77346077007,8e-11
257,J0737+69,114.25,69.233333,07:37:00.00,+69:14:00.0,6.82424,0.00063,16.0,3.0
258,J0738-4042,114.634708,-40.711361,07:38:32.33,-40:42:40.9,0.374919985032,6e-12,160.8,0.7
259,J0740+41,115.25,41.066667,07:41:00.00,+41:04:00.0,0.003139215,4.8e-09,20.83,0.09
260,J0742-2822,115.704417,-28.378833,07:42:49.06,-28:22:43.8,0.166762291572,2e-11,73.782,0.002
261,J0742+66,115.5,66.333333,07:42:00.00,+66:20:00.0,0.00288570374,4.5e-10,14.96,0.04
262,J0745-5353,116.259583,-53.856111,07:45:02.30,-53:51:22.0,0.2148363514,5e-10,122.3,2.0
263,J0746-4529,116.748,-45.490722,07:46:59.52,-45:29:26.6,2.79102517845,5e-11,134.57,0.1
264,J0746+66,116.5,66.6,07:46:00.00,+66:36:00.0,0.4076702,9.3e-06,28.0,1.0
265,J0749-4247,117.456958,-42.795028,07:49:49.67,-42:47:42.1,1.09545215761,1.4e-11,104.595,0.009
266,J0750+57,117.5,57.0,07:50:00.00,+57:00:00.0,1.174875,6.5e-05,27.0,2.0
267,J0751+1807,117.788167,18.127389,07:51:09.16,+18:07:38.6,1.6,0.8,0.00347877078319,3e-17
268,J0754+3231,118.669542,32.532278,07:54:40.69,+32:31:56.2,1.442349479143,3e-12,39.949,0.008
269,J0758-1528,119.621125,-15.469083,07:58:29.07,-15:28:08.7,0.682265175806,1.4e-12,63.327,0.003
270,J0804-3647,121.0925,-36.793194,08:04:22.20,-36:47:35.5,2.19198689593,1.5e-10,196.0,5.0
271,J0806+08,121.520833,8.283333,08:06:05.00,+08:17:00.0,2.0631,46.0,5.07,5.07
272,J0806-4123,121.5975,-41.37525,08:06:23.40,-41:22:30.9,11.37038593,1.2e-07,3240000.0,1.5e+30
273,J0807-5421,121.946583,-54.357361,08:07:47.18,-54:21:26.5,0.52664353143,3e-11,165.03,0.07
274,J0808-3937,122.048458,-39.631361,08:08:11.63,-39:37:52.9,0.86634928471,3e-11,165.0,4.0
275,J0809-4753,122.432875,-47.898639,08:09:43.89,-47:53:55.1,0.547199235502,4e-12,228.3,1.0
276,J0812-3905,123.061667,-39.096917,08:12:14.80,-39:05:48.9,0.482595929159,4e-12,327.0,4.0
277,J0814+7429,123.747917,74.484917,08:14:59.50,+74:29:05.7,2.31,0.04,1.292241446862,3e-12
278,J0815+0939,123.786583,9.664083,08:15:08.78,+09:39:50.7,0.64516119106,5e-11,52.667,0.009
279,J0818-3049,124.705417,-30.825278,08:18:49.30,-30:49:31.0,0.7637418483,5e-10,133.7,0.2
280,J0818-3232,124.608042,-32.541806,08:18:25.93,-32:32:30.5,2.161258926939,1.5e-11,131.8,0.07
281,J0820-1350,125.109917,-13.848861,08:20:26.38,-13:50:55.9,0.51,0.04,1.2381295438682,8e-13
282,J0820-3826,125.249708,-38.44525,08:20:59.93,-38:26:42.9,0.1248363804193,7e-13,195.56,0.2
283,J0820-3921,125.204625,-39.365472,08:20:49.11,-39:21:55.7,1.07356658405,4e-11,179.4,0.1
284,J0820-4114,125.064375,-41.243444,08:20:15.45,-41:14:36.4,0.54544553611,2e-11,113.4,0.2
285,J0821-4221,125.436,-42.357083,08:21:44.64,-42:21:25.5,0.3967282353771,1.9e-12,270.6,0.1
286,J0821-4300,125.489042,-43.00475,08:21:57.37,-43:00:17.1,0.112799455072,5e-12,2.2,193000000.0
287,J0823+0159,125.790708,1.986778,08:23:09.77,+01:59:12.4,0.8648728046988,9e-13,23.727,0.006
288,J0824+00,126.066667,0.45,08:24:16.00,+00:27:00.0,0.0099,35.0,2.57,2.57
289,J0826+2637,126.714083,26.623278,08:26:51.38,+26:37:23.8,2.8,0.6,0.53066051169,3e-11
290,J0828-3417,127.069167,-34.285278,08:28:16.60,-34:17:07.0,1.84891880365,1.1e-10,52.2,0.6
291,J0831-4406,127.885125,-44.103306,08:31:32.43,-44:06:11.9,0.311673518473,1.1e-11,254.0,0.5
292,J0834-4159,128.567917,-41.9975,08:34:16.30,-41:59:51.0,0.121116349354,1.5e-11,240.5,2.0
293,J0834-60,128.708333,-60.583333,08:34:50.00,-60:35:00.0,0.384645,6e-06,20.0,6.0
294,J0835-3707,128.762833,-37.130972,08:35:03.08,-37:07:51.5,0.541404373627,1.5e-11,112.3,0.3
295,J0835-42,128.904167,-42.543611,08:35:37.00,-42:32:37.0,0.7384,190.0,6.75,6.75
296,J0835-4510,128.835875,-45.176361,08:35:20.61,-45:10:34.9,3.5,0.2,0.089328385024,4e-12
297,J0837+0610,129.2735,6.170722,08:37:05.64,+06:10:14.6,1.2737682915785,7e-13,12.864,0.0004
298,J0837-24,129.433333,-24.796667,08:37:44.00,-24:47:48.0,142.8,0.5,10.34,10.34
299,J0837-4135,129.33825,-41.587333,08:37:21.18,-41:35:14.4,0.751623617646,8e-12,147.29,0.07
300,J0838-2621,129.578333,-26.358194,08:38:18.80,-26:21:29.5,0.3085806621443,2e-12,116.9,0.05
301,J0838-3947,129.628333,-39.789444,08:38:30.80,-39:47:22.0,1.7039457055,9e-10,219.0,10.0
302,J0840-5332,130.141167,-53.543194,08:40:33.88,-53:32:35.5,0.72061236106,2e-11,156.5,1.0
303,J0842-4851,130.522375,-48.855778,08:42:05.37,-48:51:20.8,0.6443540558,1.2e-10,196.85,0.08
304,J0843+0719,130.890917,7.313278,08:43:33.82,+07:18:47.8,1.36586,5e-05,36.6,0.3
305,J0843-5022,130.791167,-50.378639,08:43:09.88,-50:22:43.1,0.2089556931527,1.4e-12,178.47,0.09
306,J0846-3533,131.52525,-35.561306,08:46:06.06,-35:33:40.7,1.116097163402,5e-12,94.16,0.1
307,J0847-4316,131.988875,-43.282444,08:47:57.33,-43:16:56.8,5.977492737,7e-10,292.5,0.9
308,J0848+16,132.220833,16.716667,08:48:53.00,+16:43:00.0,0.4524,38.0,3.21,3.21
309,J0849-6322,132.427458,-63.376389,08:49:42.59,-63:22:35.0,0.367953256307,5e-12,91.29,0.09
310,J0849+8028,132.25625,80.483083,08:49:01.50,+80:28:59.1,1.60222797387,4e-11,34.66,0.2
311,J0855-3331,133.910042,-33.527583,08:55:38.41,-33:31:39.3,1.267535702756,5e-12,86.635,0.02
312,J0855-4644,133.90075,-46.737056,08:55:36.18,-46:44:13.4,0.0646861308252,4e-13,238.2,2.0
313,J0855-4658,133.831542,-46.972944,08:55:19.57,-46:58:22.6,0.57507238258,4e-11,472.7,1.0
314,J0856-6137,134.247125,-61.631472,08:56:59.31,-61:37:53.3,0.9625085573,3e-10,95.0,3.0
315,J0857-4424,134.479833,-44.402861,08:57:55.16,-44:24:10.3,0.326774210079,2e-12,184.429,0.004
316,J0900-3144,135.183125,-31.741917,09:00:43.95,-31:44:30.9,0.01110964915739,1.2e-15,75.702,0.01
317,J0901-4624,135.417167,-46.413472,09:01:40.12,-46:24:48.5,0.441995130786,1.4e-11,198.8,0.3
318,J0902-6325,135.635,-63.42,09:02:32.40,-63:25:12.0,0.6603133715,2e-10,76.0,7.0
319,J0904-4246,136.246667,-42.770556,09:04:59.20,-42:46:14.0,0.9651709987,4e-10,145.8,0.5
320,J0904-7459,136.045,-74.995222,09:04:10.80,-74:59:42.8,0.54955311909,1.2e-10,51.1,2.0
321,J0905-4536,136.349583,-45.614722,09:05:23.90,-45:36:53.0,0.9882805974,2e-10,179.7,13.0
322,J0905-5127,136.466333,-51.463528,09:05:51.92,-51:27:48.7,0.346287436779,2e-12,196.432,0.004
323,J0905-6019,136.3135,-60.322806,09:05:15.24,-60:19:22.1,0.340854176542,8e-12,91.4,0.4
324,J0907-5157,136.81625,-51.966444,09:07:15.90,-51:57:59.2,0.253556015011,3e-12,103.72,35.0
325,J0908-1739,137.159083,-17.660472,09:08:38.18,-17:39:37.7,0.40162562344216,1.8e-13,15.879,0.002
326,J0908-4913,137.148042,-49.218472,09:08:35.53,-49:13:06.5,0.1067545925,3e-11,180.37,0.04
327,J0909-7212,137.4,-72.202333,09:09:36.00,-72:12:08.4,1.3628899542,5e-10,54.3,2.0
328,J0910+77,137.5,77.466667,09:10:00.00,+77:28:00.0,1.57905,6e-05,,
329,J0912-3851,138.177917,-38.850833,09:12:42.70,-38:51:03.0,1.526085076,3e-09,70.0,1.0
330,J0919-42,,,09:19:00.00,+0.81260000000000:bcm+15:57.800000,0.58,0.58,,
331,J0919-6040,139.866125,-60.680667,09:19:27.87,-60:40:50.4,1.216975723,6e-10,82.5,0.3
332,J0921+6254,140.308875,62.903861,09:21:14.13,+62:54:13.9,1.56799401848,4e-12,13.158,0.02
333,J0922+0638,140.558417,6.639806,09:22:14.02,+06:38:23.3,0.83,0.13,0.430627098928,1.7e-11
334,J0922-4949,140.562333,-49.820028,09:22:14.96,-49:49:12.1,0.950288537028,8e-12,237.1,0.3
335,J0922-52,140.5,-52.0,09:22:00.00,-52:00:00.0,0.00968,122.4,3.76,3.76
336,J0923-31,140.991667,-31.95,09:23:58.00,-31:57:00.0,72.0,20.0,1.02,1.02
337,J0924-5302,141.036208,-53.045611,09:24:08.69,-53:02:44.2,0.74629520954,1e-10,152.9,0.5
338,J0924-5814,141.129167,-58.235111,09:24:31.00,-58:14:06.4,0.73950132654,4e-11,57.4,0.3
339,J0927+23,141.904167,23.783333,09:27:37.00,+23:47:00.0,0.761886,3e-06,23.0,2.0
340,J0928+06,142.183333,6.233333,09:28:44.00,+06:14:00.0,2.0604,50.0,2.88,2.88
341,J0931-1902,142.829667,-19.048611,09:31:19.12,-19:02:55.0,8.0,8.0,0.00463802939121,7e-14
342,J0932-3217,143.163125,-32.287278,09:32:39.15,-32:17:14.2,1.93162674308,1.9e-10,102.1,0.8
343,J0932-5327,143.09525,-53.453056,09:32:22.86,-53:27:11.0,4.3921587127,6e-10,122.0,10.0
344,J0934-4154,143.7425,-41.905417,09:34:58.20,-41:54:19.5,0.57040923643,1.4e-11,113.79,0.2
345,J0934-5249,143.617917,-52.824222,09:34:28.30,-52:49:27.2,1.44477320982,3e-11,100.0,2.0
346,J0940-5428,145.242583,-54.477944,09:40:58.22,-54:28:40.6,0.087545204308,4e-12,134.5,0.9
347,J0941-39,145.408333,-39.683333,09:41:38.00,-39:41:00.0,0.58677841838,3e-11,78.2,3.0
348,J0941-5244,145.421458,-52.734583,09:41:41.15,-52:44:04.5,0.65855761432,1e-11,157.94,0.01
349,J0942-5552,145.565958,-55.881194,09:42:15.83,-55:52:52.3,0.66436748807,6e-11,180.2,0.5
350,J0942-5657,145.726917,-56.962056,09:42:54.46,-56:57:43.4,0.808127417142,1.1e-11,159.74,0.1
351,J0943+1631,145.875417,16.526944,09:43:30.10,+16:31:37.0,1.087417728071,1e-11,20.32,0.05
352,J0943+22,145.854167,22.933333,09:43:25.00,+22:56:00.0,0.532913,1.2e-05,25.1,0.6
353,J0943+41,145.75,41.15,09:43:00.00,+41:09:00.0,2.229489,9.9e-05,21.0,2.0
354,J0944-1354,146.120667,-13.911556,09:44:28.96,-13:54:41.6,0.5702641245619,4e-13,12.497,0.003
355,J0945-4833,146.409375,-48.554028,09:45:38.25,-48:33:14.5,0.3315855987755,1.8e-12,98.1,0.3
356,J0946+0951,146.531667,9.865278,09:46:07.60,+09:51:55.0,1.09770570486,7e-11,15.334,0.001
357,J0947+27,146.841667,27.7,09:47:22.00,+27:42:00.0,0.85105,2e-05,29.0,3.0
358,J0949-6902,147.335708,-69.044889,09:49:20.57,-69:02:41.6,0.64001572416,1e-11,93.0,0.1
359,J0952-3839,148.071667,-38.652833,09:52:17.20,-38:39:10.2,1.3738151214,5e-10,167.0,3.0
360,J0953+0755,148.288792,7.926583,09:53:09.31,+07:55:35.7,3.82,0.07,0.2530651649482,9e-13
361,J0954-5430,148.525167,-54.514861,09:54:06.04,-54:30:53.5,0.472834279266,1.6e-11,200.3,0.4
362,J0955-5304,148.872917,-53.071306,09:55:29.50,-53:04:16.7,0.86211773933,5e-11,156.9,0.2
363,J0955-61,148.75,-61.8,09:55:00.00,-61:48:00.0,0.001999,160.7,5.38,5.38
364,J0957-06,149.25,-6.283333,09:57:00.00,-06:17:00.0,1.7237,8e-05,26.95,0.02
365,J0957-5432,149.483375,-54.534417,09:57:56.01,-54:32:03.9,0.203556697536,6e-12,226.1,0.3
366,J0959-4809,149.859417,-48.163194,09:59:26.26,-48:09:47.5,0.6700857604,1.8e-10,92.7,1.0
367,J1000-5149,150.11725,-51.832806,10:00:28.14,-51:49:58.1,0.2556770984252,2e-12,72.8,0.3
368,J1001-5507,150.40825,-55.118528,10:01:37.98,-55:07:06.7,1.4365826292,1.2e-10,130.32,0.2
369,J1001-5559,150.285833,-55.983389,10:01:08.60,-55:59:00.2,1.66117674023,4e-11,159.3,0.9
370,J1001-5939,150.384292,-59.654944,10:01:32.23,-59:39:17.8,7.7336402649,8e-10,113.0,3.0
371,J1002-5559,150.74125,-55.993611,10:02:57.90,-55:59:37.0,0.7775009067,3e-10,426.0,4.0
372,J1002-5919,150.585417,-59.327,10:02:20.50,-59:19:37.2,0.7134892535,6e-10,347.0,2.0
373,J1003-4747,150.839917,-47.783889,10:03:21.58,-47:47:02.0,0.30707169975,3e-11,98.1,1.0
374,J1006-6311,151.6525,-63.194778,10:06:36.60,-63:11:41.2,0.835797468,2e-10,195.99,0.05
375,J1010+15,152.5,15.85,10:10:00.00,+15:51:00.0,42.0,2.27,2.27,
376,J1012-2337,153.1405,-23.639556,10:12:33.72,-23:38:22.4,2.5179450205,4e-11,22.51,0.09
377,J1012-4235,153.029167,-42.583333,10:12:07.00,-42:35:00.0,0.003101,71.6,2.47,2.47
378,J1012+5307,153.139292,53.117389,10:12:33.43,+53:07:02.6,1.22,0.26,0.00525574901412,1.4e-17
379,J1012-5830,153.22875,-58.507111,10:12:54.90,-58:30:25.6,2.1335912144,3e-10,294.0,4.0
380,J1012-5857,153.202083,-58.961111,10:12:48.50,-58:57:40.0,0.8199114962,3e-10,383.9,0.1
381,J1013-5934,153.382708,-59.574083,10:13:31.85,-59:34:26.7,0.442900630729,4e-12,379.78,0.2
382,J1014-48,153.575,-48.828333,10:14:18.00,-48:49:42.0,1.5088,0.0002,87.0,7.0
383,J1015-5719,153.908167,-57.320222,10:15:37.96,-57:19:12.8,0.139881677595,4e-12,278.7,0.6
384,J1016-5345,154.13,-53.753833,10:16:31.20,-53:45:13.8,0.7695835272,2e-10,66.8,2.0
385,J1016-5819,154.050417,-58.316972,10:16:12.10,-58:19:01.1,0.0878341561432,9e-13,252.1,0.4
386,J1016-5857,154.088167,-58.953361,10:16:21.16,-58:57:12.1,0.1073864584588,1.5e-12,394.2,0.2
387,J1017-5621,154.303583,-56.358528,10:17:12.86,-56:21:30.7,0.50345881546,8e-11,438.7,0.5
388,J1017-7156,154.463875,-71.944889,10:17:51.33,-71:56:41.6,3.9,1.2,0.00233851444012,4e-17
389,J1018-1642,154.668167,-16.702806,10:18:40.36,-16:42:10.1,1.804694945768,1e-11,48.82,0.07
390,J1019-5749,154.96725,-57.818306,10:19:52.14,-57:49:05.9,0.162498709997,8e-12,1039.4,1.0
391,J1020-5921,155.058458,-59.359444,10:20:14.03,-59:21:34.0,1.23830534423,1.1e-10,80.0,3.0
392,J1020-6026,155.0475,-60.435222,10:20:11.40,-60:26:06.8,0.140479910179,8e-12,445.0,2.0
393,J1021-5601,155.353417,-56.030806,10:21:24.82,-56:01:50.9,0.67002629761,1.4e-10,212.0,8.0
394,J1022+1001,155.741667,10.031333,10:22:58.00,+10:01:52.8,1.1,0.3,0.0164529299542,9e-17
395,J1022-5813,155.617083,-58.225,10:22:28.10,-58:13:30.0,1.643726002,5e-10,714.0,8.0
396,J1023+0038,155.948708,0.644667,10:23:47.69,+00:38:40.8,0.731,0.022,0.00168798744401,4e-16
397,J1023-5746,155.762083,-57.768056,10:23:02.90,-57:46:05.0,0.11147243434,9e-11,4600.0,1.1e+37
398,J1024-0719,156.161167,-7.322056,10:24:38.68,-07:19:19.4,0.5,0.3,0.00516220463952,1.1e-15
399,J1028-5819,157.116667,-58.318111,10:28:28.00,-58:19:05.2,0.0914032309,1.4e-09,96.525,0.002
400,J1031-6117,157.759333,-61.297389,10:31:02.24,-61:17:50.6,0.306410837119,1e-11,506.8,1.0
401,J1032-5206,158.115375,-52.102361,10:32:27.69,-52:06:08.5,2.40762231135,1.2e-10,139.0,4.0
402,J1032-5911,158.029167,-59.166667,10:32:07.00,-59:10:00.0,0.46420801,8e-09,418.2,0.2
403,J1034-3224,158.581292,-32.407222,10:34:19.51,-32:24:26.0,1.150590428417,1e-11,50.75,0.08
404,J1035-6345,158.762833,-63.755111,10:35:03.08,-63:45:18.4,0.579576736318,6e-12,189.7,0.9
405,J1036-4926,159.054458,-49.439389,10:36:13.07,-49:26:21.8,0.510368133101,8e-12,136.529,0.01
406,J1036-6559,159.0835,-65.985917,10:36:20.04,-65:59:09.3,0.53350188629,6e-11,158.36,0.09
407,J1036-8317,159.0,-83.283333,10:36:00.00,-83:17:00.0,0.003408,27.0,1.59,1.59
408,J1038+0032,159.612208,0.545444,10:38:26.93,+00:32:43.6,0.02885155795131,8e-14,26.59,0.2
409,J1038-5831,159.582083,-58.524222,10:38:19.70,-58:31:27.2,0.661992094032,1.1e-11,72.74,0.03
410,J1041-1942,160.400833,-19.703778,10:41:36.20,-19:42:13.6,1.386368074588,3e-12,33.777,0.01
411,J1042-5521,160.502542,-55.351528,10:42:00.61,-55:21:05.5,1.170859077,4e-10,306.5,0.4
412,J1043-6116,160.980375,-61.280778,10:43:55.29,-61:16:50.8,0.288601695277,5e-12,449.2,0.4
413,J1044-5737,161.136667,-57.622028,10:44:32.80,-57:37:19.3,0.1390288911,4e-11,40300.0,8e+35
414,J1045-4509,161.459125,-45.165028,10:45:50.19,-45:09:54.1,2.2,1.1,0.00747422422843,8e-16
415,J1046+0304,161.680125,3.068583,10:46:43.23,+03:04:06.9,0.326271446035,4e-12,25.3,0.5
416,J1046-5813,161.578625,-58.231056,10:46:18.87,-58:13:51.8,0.3694266962,6e-11,240.2,0.5
417,J1047-3032,161.753375,-30.538333,10:47:00.81,-30:32:18.0,0.3303280523313,1.9e-12,52.54,0.07
418,J1047-58,161.983333,-58.683333,10:47:56.00,-58:41:00.0,1.23129,1e-05,69.3,3.0
419,J1047-6709,161.867833,-67.164194,10:47:28.28,-67:09:51.1,0.1984514505627,8e-13,116.156,0.002
420,J1048-5832,162.050833,-58.534944,10:48:12.20,-58:32:05.8,0.123670657887,3e-12,129.1,0.2
421,J1049-5833,162.45975,-58.562389,10:49:50.34,-58:33:44.6,2.202325077,3e-10,446.8,2.0
422,J1050-5953,162.529667,-59.889278,10:50:07.12,-59:53:21.4,6.4520766,6e-07,9.0,2680.0
423,J1052-5954,163.158792,-59.91225,10:52:38.11,-59:54:44.1,0.180591500693,1e-11,491.0,3.0
424,J1052-6348,163.222458,-63.804611,10:52:53.39,-63:48:16.6,0.383830423532,1.5e-11,167.5,1.0
425,J1054-5943,163.740625,-59.720583,10:54:57.75,-59:43:14.1,0.346908957903,1.3e-11,330.7,0.6
426,J1054-5946,163.626917,-59.775278,10:54:30.46,-59:46:31.0,0.228324249982,8e-12,253.9,0.6
427,J1054-6452,163.536833,-64.877083,10:54:08.84,-64:52:37.5,1.8400035414,3e-10,234.0,4.0
428,J1055-6022,163.952083,-60.381111,10:55:48.50,-60:22:52.0,0.9475584093,3e-10,590.0,5.0
429,J1055-6028,163.913292,-60.477083,10:55:39.19,-60:28:37.5,0.09966083348,3e-12,635.9,0.2
430,J1055-6236,163.977542,-62.613417,10:55:54.61,-62:36:48.3,0.44863544246,3e-11,149.7,2.0
431,J1055-6905,163.936292,-69.0865,10:55:44.71,-69:05:11.4,2.9193969868,3e-10,142.8,0.4
432,J1056-5709,164.182458,-57.159583,10:56:43.79,-57:09:34.5,0.67608189374,8e-11,436.5,2.0
433,J1056-6258,164.106458,-62.979889,10:56:25.55,-62:58:47.6,0.422447188684,1.6e-11,320.3,0.6
434,J1056-7117,164.191583,-71.298167,10:56:45.98,-71:17:53.4,0.0263096769824,7e-13,93.04,0.04
435,J1057-4754,164.471417,-47.916,10:57:53.14,-47:54:57.6,0.628305878552,7e-12,60.0,8.0
436,J1057-5226,164.495667,-52.448972,10:57:58.96,-52:26:56.3,0.197107608187,1.5e-11,30.1,0.5
437,J1057-7914,164.364167,-79.240056,10:57:27.40,-79:14:24.2,1.3474021612,4e-10,51.0,2.0
438,J1058-5957,164.642708,-59.960111,10:58:34.25,-59:57:36.4,0.616270272343,1.6e-11,334.0,1.0
439,J1059-5742,164.75375,-57.703944,10:59:00.90,-57:42:14.2,1.18499893354,3e-11,108.7,0.3
440,J1101-6101,165.437333,-61.027667,11:01:44.96,-61:01:39.6,0.062800077,6e-09,7.0,116000.0
441,J1101-6424,165.404958,-64.410917,11:01:37.19,-64:24:39.3,0.00510927290428,2e-15,207.0,7.86
442,J1101+65,165.5,65.116667,11:02:00.00,+65:07:00.0,3.63132,0.00053,19.0,3.0
443,J1103-5403,165.888708,-54.062,11:03:33.29,-54:03:43.2,0.00339270965933,4e-14,103.915,0.003
444,J1103-6025,165.881167,-60.426778,11:03:31.48,-60:25:36.4,0.396586748928,5e-12,275.9,0.3
445,J1104-6103,166.071917,-61.051083,11:04:17.26,-61:03:03.9,0.2809053015394,1.8e-12,78.506,0.01
446,J1105-43,166.35,-43.950278,11:05:24.00,-43:57:01.0,0.3511,38.0,2.2,2.2
447,J1105-6107,166.359042,-61.130944,11:05:26.17,-61:07:51.4,0.063192941526,8e-12,271.01,0.02
448,J1106-6438,166.6185,-64.65,11:06:28.44,-64:39:00.0,2.717934136,3e-10,203.0,3.0
449,J1107-5907,166.893583,-59.121861,11:07:34.46,-59:07:18.7,0.252773323418,6e-12,40.2,1.0
450,J1107-5947,166.994583,-59.784444,11:07:58.70,-59:47:04.0,1.5165309654,1.2e-09,158.4,1.0
451,J1107-6143,166.80125,-61.733056,11:07:12.30,-61:43:59.0,1.7993956675,4e-10,406.0,3.0
452,J1110-5637,167.501667,-56.625806,11:10:00.40,-56:37:32.9,0.558252726401,7e-12,262.56,0.06
453,J1110+58,167.75,58.866667,11:11:00.00,+58:52:00.0,0.793348,2.1e-05,26.0,1.0
454,J1112-6103,168.061708,-61.058639,11:12:14.81,-61:03:31.1,0.064961851894,3e-12,599.1,0.7
455,J1112-6613,168.160542,-66.218,11:12:38.53,-66:13:04.8,0.33421283978,6e-11,249.3,1.0
456,J1112-6926,168.2125,-69.441944,11:12:51.00,-69:26:31.0,0.82048420411,1.6e-10,148.4,1.0
457,J1114-6100,168.593833,-61.0095,11:14:22.52,-61:00:34.2,0.88081962549,2e-11,677.0,0.4
458,J1115+5030,168.91,50.503417,11:15:38.40,+50:30:12.3,1.656439759937,3e-12,9.183,0.0004
459,J1115-6052,168.973667,-60.871611,11:15:53.68,-60:52:17.8,0.259776659501,9e-12,228.2,0.4
460,J1116-4122,169.179542,-41.378889,11:16:43.09,-41:22:44.0,0.943157882843,7e-12,40.53,0.03
461,J1117-6154,169.349208,-61.906111,11:17:23.81,-61:54:22.0,0.50509714918,5e-11,493.6,0.9
462,J1117-6447,169.4375,-64.799444,11:17:45.00,-64:47:58.0,1.1552719604,3e-10,303.0,6.0
463,J1119-6127,169.809583,-61.46375,11:19:14.30,-61:27:49.5,0.40796298356,9e-11,707.4,1.0
464,J1119-7936,169.92,-79.608417,11:19:40.80,-79:36:30.3,2.2805971963,7e-10,27.4,1.0
465,J1120-3618,170.093333,-36.308944,11:20:22.40,-36:18:32.2,0.00555,45.1,4.5,4.5
466,J1121-5444,170.329958,-54.734861,11:21:19.19,-54:44:05.5,0.53578313115,3e-11,204.7,0.6
467,J1122+78,171.491667,78.383333,11:25:58.00,+78:23:00.0,0.0042013838,1.4e-09,11.22,0.08
468,J1123-4844,170.815208,-48.739639,11:23:15.65,-48:44:22.7,0.244838478401,7e-12,92.915,0.003
469,J1123-6102,170.92375,-61.035056,11:23:41.70,-61:02:06.2,0.64023374765,3e-11,439.4,0.4
470,J1123-6259,170.981458,-62.986306,11:23:55.55,-62:59:10.7,0.271434052199,3e-12,223.26,0.03
471,J1123-6651,170.967542,-66.863639,11:23:52.21,-66:51:49.1,0.232976432603,2e-12,111.196,0.005
472,J1124-3653,171.0,-36.0,11:24:00.00,-36:00:00.0,0.00241,44.9,0.3,4.4
473,J1124-5638,171.235292,-56.644361,11:24:56.47,-56:38:39.7,0.185559973402,1.1e-11,289.5,2.0
474,J1124-5916,171.1625,-59.271944,11:24:39.00,-59:16:19.0,0.13547685441,1.7e-10,330.0,2.0
475,J1124-6421,171.247917,-64.354722,11:24:59.50,-64:21:17.0,0.47909858452,7e-11,298.0,3.0
476,J1125-5825,171.434875,-58.421361,11:25:44.37,-58:25:16.9,0.00310221391893,1.6e-16,124.7946,0.0008
477,J1125-6014,171.480083,-60.235167,11:25:55.22,-60:14:06.6,0.00263038073978,8e-16,52.951,0.01
478,J1126-27,171.5,-27.616667,11:26:00.00,-27:37:00.0,0.358161,8e-06,26.86,0.007
479,J1126-6054,171.719208,-60.911111,11:26:52.61,-60:54:40.0,0.202736911853,3e-12,280.27,0.03
480,J1126-6942,171.590292,-69.70425,11:26:21.67,-69:42:15.3,0.579416438,2e-10,55.33,0.02
481,J1128-6219,172.194583,-62.319167,11:28:46.70,-62:19:09.0,0.5159835105,1.1e-10,675.0,9.0
482,J1129-53,172.3375,-53.516667,11:29:21.00,-53:31:00.0,1.06288,5e-06,77.0,2.0
483,J1130-5826,172.568042,-58.433972,11:30:16.33,-58:26:02.3,0.162323475501,3e-12,261.1,0.7
484,J1130-5925,172.5435,-59.426139,11:30:10.44,-59:25:34.1,0.68098383242,6e-11,264.4,2.0
485,J1130-6807,172.632958,-68.124583,11:30:31.91,-68:07:28.5,0.2563527993088,8e-13,148.734,0.004
486,J1132-46,173.1375,-46.918333,11:32:33.00,-46:55:06.0,0.3254,120.0,7.36,7.36
487,J1132-5627,173.065583,-56.458028,11:32:15.74,-56:27:28.9,0.175166247082,1e-11,305.7,0.8
488,J1133-6250,173.464375,-62.847389,11:33:51.45,-62:50:50.6,1.02287514082,9e-11,567.8,0.5
489,J1135-49,173.983333,-49.425278,11:35:56.00,-49:25:31.0,114.0,20.0,8.74,8.74
490,J1135-6055,173.75,-60.916667,11:35:00.00,-60:55:00.0,0.114943,23000.0,2.1e+36,
491,J1136+1551,174.013542,15.85125,11:36:03.25,+15:51:04.5,2.8,0.16,1.187913065936,3e-12
492,J1136-5525,174.009042,-55.418972,11:36:02.17,-55:25:08.3,0.36470557624,2e-11,85.5,0.7
493,J1137-6700,174.383708,-67.009167,11:37:32.09,-67:00:33.0,0.5562160557,2e-11,228.041,0.009
494,J1138-6207,174.590083,-62.133139,11:38:21.62,-62:07:59.3,0.117563794023,3e-12,519.8,0.8
495,J1141-3107,175.356792,-31.131278,11:41:25.63,-31:07:52.6,0.538431789013,4e-12,30.77,0.03
496,J1141-3322,175.428167,-33.377056,11:41:42.76,-33:22:37.4,0.291467536511,4e-12,46.448,0.02
497,J1141-6545,175.279208,-65.755306,11:41:07.01,-65:45:19.1,0.3938988148378,7e-13,116.08,0.001
498,J1142+0119,175.5,1.316667,11:42:00.00,+01:19:00.0,0.00507,19.2,2.04,2.04
499,J1142-6230,175.71875,-62.501083,11:42:52.50,-62:30:03.9,0.55838338569,1e-10,343.8,2.0
500,J1143-5158,175.81275,-51.97775,11:43:15.06,-51:58:39.9,0.675646047064,8e-12,159.03,0.02
501,J1143-5536,175.790792,-55.60125,11:43:09.79,-55:36:04.5,0.68535848563,4e-11,185.0,0.1
502,J1144-6146,176.145,-61.780278,11:44:34.80,-61:46:49.0,0.98778306934,1.6e-10,78.7,1.0
503,J1144-6217,176.008792,-62.29175,11:44:02.11,-62:17:30.3,0.85066494337,4e-11,284.7,0.6
504,J1146-6030,176.53225,-60.5165,11:46:07.74,-60:30:59.4,0.27337242988,3e-11,111.68,0.07
505,J1147-66,176.75,-66.0,11:47:00.00,-66:00:00.0,0.00372,133.8,4.26,4.26
506,J1148-5725,177.118875,-57.420167,11:48:28.53,-57:25:12.6,3.559937232,7e-10,174.0,5.0
507,J1148-6415,177.1575,-64.259167,11:48:37.80,-64:15:33.0,3.2410285031,8e-10,241.0,6.0
508,J1151-6108,177.986917,-61.138222,11:51:56.86,-61:08:17.6,0.101633196293,2e-12,216.0,1.0
509,J1152-5800,178.041667,-58.009444,11:52:10.00,-58:00:34.0,1.7898294664,5e-10,191.0,7.0
510,J1152-6012,178.224167,-60.205833,11:52:53.80,-60:12:21.0,0.37656956576,5e-11,74.0,3.0
511,J1153-21,178.25,-21.3,11:53:00.00,-21:18:00.0,2.34348,5e-05,34.8,0.1
512,J1154-6250,178.58375,-62.834083,11:54:20.10,-62:50:02.7,0.28201171065,3e-11,74.0,6.0
513,J1156-5707,179.031042,-57.117194,11:56:07.45,-57:07:01.9,0.288409420325,8e-12,243.5,0.6
514,J1156-5909,179.089583,-59.153417,11:56:21.50,-59:09:12.3,1.0379310509,9e-10,219.2,0.1
515,J1157-5112,179.284042,-51.215583,11:57:08.17,-51:12:56.1,0.04358922706284,1.2e-13,39.67,0.04
516,J1157-6224,179.3135,-62.414139,11:57:15.24,-62:24:50.9,0.40052204834,4e-12,325.2,0.5
517,J1159-6409,179.840417,-64.165833,11:59:21.70,-64:09:57.0,0.66748553354,6e-11,178.0,5.0
518,J1159-7910,179.898792,-79.168222,11:59:35.71,-79:10:05.6,0.5250742392,3e-10,59.24,0.02
519,J1201-6306,180.345875,-63.116528,12:01:23.01,-63:06:59.5,0.59213602908,5e-11,683.0,3.0
520,J1202-5820,180.618333,-58.342611,12:02:28.40,-58:20:33.4,0.452800508195,1.9e-11,145.41,0.2
521,J1204-6843,181.153,-68.721444,12:04:36.72,-68:43:17.2,0.3088608620097,1.9e-12,133.93,0.09
522,J1207-5050,181.840875,-50.84175,12:07:21.81,-50:50:30.3,0.00484,50.6,2.19,2.19
523,J1210-5226,182.503792,-52.441222,12:10:00.91,-52:26:28.4,0.424130748816,1.2e-11,2.6,302000000.0
524,J1210-5559,182.524958,-55.984417,12:10:05.99,-55:59:03.9,0.2797673308446,9e-13,174.347,0.003
525,J1210-6550,182.675,-65.834611,12:10:42.00,-65:50:04.6,4.2370102164,1.8e-09,37.0,6.0
526,J1211-6324,182.85075,-63.412556,12:11:24.18,-63:24:45.2,0.433083926199,1.7e-11,333.8,1.0
527,J1214-5830,183.535083,-58.507194,12:14:08.42,-58:30:25.9,0.90982270118,4e-11,141.1,0.7
528,J1215-5328,183.752583,-53.475444,12:15:00.62,-53:28:31.6,0.6364141368,5e-11,163.0,0.5
529,J1216-50,184.083333,-50.450278,12:16:20.00,-50:27:01.0,6.355,0.009,110.0,20.0
530,J1216-6223,184.174542,-62.399389,12:16:41.89,-62:23:57.8,0.37404678583,5e-11,786.6,2.0
531,J1216-6410,184.030583,-64.169222,12:16:07.34,-64:10:09.2,0.00353937565842,3e-15,47.4,0.03
532,J1220-6318,185.074417,-63.312917,12:20:17.86,-63:18:46.5,0.78921201205,8e-11,347.0,3.0
533,J1222-5738,185.717917,-57.638889,12:22:52.30,-57:38:20.0,1.0811635266,1.3e-09,74.0,6.0
534,J1224-6208,186.184375,-62.14475,12:24:44.25,-62:08:41.1,0.58576120812,4e-11,454.2,0.7
535,J1224-6407,186.092417,-64.131639,12:24:22.18,-64:07:53.9,0.2164762031209,1.4e-12,97.47,0.1
536,J1225-5556,186.432625,-55.945306,12:25:43.83,-55:56:43.1,1.018452868182,1.5e-11,125.835,0.007
537,J1225-6035,186.369292,-60.593778,12:25:28.63,-60:35:37.6,0.626323941978,1.8e-11,176.1,1.0
538,J1225-6408,186.428333,-64.145278,12:25:42.80,-64:08:43.0,0.4196177915,3e-10,415.1,0.5
539,J1226-32,186.708333,-32.45,12:26:50.00,-32:27:00.0,6.192997,7e-06,37.0,10.0
540,J1227-4853,186.994667,-48.895194,12:27:58.72,-48:53:42.7,0.00168637541027,1.2e-14,43.4235,0.0007
541,J1227-6208,186.751833,-62.1455,12:27:00.44,-62:08:43.8,0.0345278346478,2e-14,363.0,0.2
542,J1227-63,186.8,-63.15,12:27:12.00,-63:09:00.0,0.44457796,6e-08,359.0,4.0
543,J1231-1411,187.797125,-14.195444,12:31:11.31,-14:11:43.6,0.00368387871108,3e-15,8.09,0.001
544,J1231-4609,187.940667,-46.162556,12:31:45.76,-46:09:45.2,0.87723907778,4e-11,76.0,7.0
545,J1231-6303,187.804167,-63.055,12:31:13.00,-63:03:18.0,1.3512362992,6e-10,301.0,10.0
546,J1232-4742,188.079583,-47.714139,12:32:19.10,-47:42:50.9,1.872994377,2e-10,26.0,3.0
547,J1232-6501,188.074333,-65.017583,12:32:17.84,-65:01:03.3,0.0882819082341,4e-13,239.4,0.5
548,J1233-6312,188.38125,-63.208056,12:33:31.50,-63:12:29.0,0.5647593892,4e-10,414.0,10.0
549,J1233-6344,188.41625,-63.748611,12:33:39.90,-63:44:55.0,0.75689193363,7e-11,495.0,9.0
550,J1235-5516,188.829167,-55.266667,12:35:19.00,-55:16:00.0,0.63823381,1e-08,100.0,20.0
551,J1235-6354,188.9905,-63.908444,12:35:57.72,-63:54:30.4,0.256777653406,1.2e-11,439.9,2.0
552,J1236-5033,189.246458,-50.560083,12:36:59.15,-50:33:36.3,0.294759771191,4e-12,105.02,0.1
553,J1237-6725,189.357917,-67.426083,12:37:25.90,-67:25:33.9,2.11097411794,1.4e-10,176.5,0.3
554,J1238+21,189.596542,21.86975,12:38:23.17,+21:52:11.1,1.11859068945,4e-11,17.5,1.0
555,J1239+2453,189.918583,24.897028,12:39:40.46,+24:53:49.3,1.16,0.08,1.3824491030388,1e-12
556,J1239-6832,189.995833,-68.541028,12:39:59.00,-68:32:27.7,1.3019081139,4e-10,94.3,0.3
557,J1240-4124,190.073375,-41.414361,12:40:17.61,-41:24:51.7,0.51224209318,1.1e-10,44.1,1.0
558,J1243-5735,190.897417,-57.595222,12:43:35.38,-57:35:42.8,0.47122487769,1.6e-10,270.6,2.0
559,J1243-6423,190.8215,-64.389944,12:43:17.16,-64:23:23.8,0.388480921041,5e-12,297.25,0.08
560,J1244-5053,191.047833,-50.889056,12:44:11.48,-50:53:20.6,0.275207111323,4e-12,109.95,0.1
561,J1244-6359,191.198708,-63.9965,12:44:47.69,-63:59:47.4,0.14727431048,2e-11,286.0,1.0
562,J1244-6531,191.159583,-65.52,12:44:38.30,-65:31:12.0,1.54681894,3e-10,388.0,2.0
563,J1245-6238,191.338,-62.648861,12:45:21.12,-62:38:55.9,2.2830933508,3e-10,336.2,2.0
564,J1246+22,191.658333,22.883333,12:46:38.00,+22:53:00.0,0.47383,4e-06,17.9,0.1
565,J1248-6344,192.193167,-63.736,12:48:46.36,-63:44:09.6,0.198335136357,8e-12,433.3,2.0
566,J1248-6444,192.136958,-64.733333,12:48:32.87,-64:44:00.0,1.23489349389,3e-11,236.4,1.0
567,J1249-6507,192.476333,-65.122167,12:49:54.32,-65:07:19.8,0.43444487308,3e-11,215.0,4.0
568,J1251-7407,192.970583,-74.120833,12:51:52.94,-74:07:15.0,0.32705773823,2e-11,89.81,0.05
569,J1252-6314,193.177583,-63.242417,12:52:42.62,-63:14:32.7,0.82333927128,6e-11,278.4,1.0
570,J1253-5820,193.368083,-58.344694,12:53:28.34,-58:20:40.9,0.2554963274098,7e-13,100.584,0.004
571,J1254-6150,193.635333,-61.847444,12:54:32.48,-61:50:50.8,0.184502203069,7e-12,95.0,3.0
572,J1255-46,,,12:55:00.00,+0.05200000000000:bcm+15:42.900000,1.87,1.87,,
573,J1255-6131,193.978583,-61.519472,12:55:54.86,-61:31:10.1,0.65797363034,3e-11,206.5,2.0
574,J1255-62,193.825,-62.8,12:55:18.00,-62:48:00.0,0.18291150816,3e-11,713.0,4.0
575,J1257-1027,194.269875,-10.451611,12:57:04.77,-10:27:05.8,0.6173076699955,8e-13,29.634,0.009
576,J1259-6741,194.844583,-67.694444,12:59:22.70,-67:41:40.0,0.6633290494,3e-10,94.7,0.9
577,J1300+1240,195.014917,12.682361,13:00:03.58,+12:40:56.5,1.3,0.4,0.0062185319484,3e-17
578,J1301+0833,195.409417,8.565972,13:01:38.26,+08:33:57.5,0.00184,13.2,0.91,0.91
579,J1301-6305,195.440667,-63.09275,13:01:45.76,-63:05:33.9,0.18452809509,6e-11,374.0,3.0
580,J1301-6310,195.367917,-63.177917,13:01:28.30,-63:10:40.5,0.6638296477,4e-11,86.1,1.0
581,J1302-32,195.5,-32.0,13:02:00.00,-32:00:00.0,0.00377,26.2,0.5,1.86
582,J1302-63,195.516667,-63.748056,13:02:04.00,-63:44:53.0,0.32572433,1e-08,875.0,10.0
583,J1302-6313,195.58,-63.224722,13:02:19.20,-63:13:29.0,0.9678462129,4e-10,500.0,20.0
584,J1302-6350,195.6985,-63.83575,13:02:47.64,-63:50:08.7,0.0477625075,4e-10,146.72,0.03
585,J1303-6305,195.750083,-63.083556,13:03:00.02,-63:05:00.8,2.3066415539,4e-10,343.0,3.0
586,J1305-6203,196.337083,-62.056,13:05:20.90,-62:03:21.6,0.42776184224,8e-11,470.0,2.0
587,J1305-6256,196.366667,-62.944167,13:05:28.00,-62:56:39.0,0.47823093284,1.2e-10,967.0,3.0
588,J1305-6455,196.34875,-64.923972,13:05:23.70,-64:55:26.3,0.5716469444,4e-10,505.0,0.3
589,J1305-66,196.4,-66.65,13:05:36.00,-66:39:00.0,0.1972763,2e-07,316.1,26.41
590,J1306-6242,196.685833,-62.700833,13:06:44.60,-62:42:03.0,0.98190211848,9e-11,480.0,6.0
591,J1306-6617,196.659125,-66.289389,13:06:38.19,-66:17:21.8,0.473026470689,7e-12,436.9,0.2
592,J1307-6318,196.977917,-63.309722,13:07:54.70,-63:18:35.0,4.9624272525,2e-09,374.0,8.0
593,J1307-67,196.920833,-67.0575,13:07:41.00,-67:03:27.0,3.6512,8e-05,44.0,2.0
594,J1308+2127,197.201125,21.451889,13:08:48.27,+21:27:06.8,10.31252206,2e-08,1460000.0,4e+30
595,J1308-4650,197.185792,-46.841583,13:08:44.59,-46:50:29.7,1.05883304424,3e-11,66.0,10.0
596,J1308-5844,197.087833,-58.737167,13:08:21.08,-58:44:13.8,0.4646997488,7e-10,205.6,1.0
597,J1309-6415,197.319167,-64.266389,13:09:16.60,-64:15:59.0,0.6194535568,3e-10,574.0,5.0
598,J1309-6526,197.251208,-65.437944,13:09:00.29,-65:26:16.6,0.398292162785,2e-11,340.0,4.0
599,J1311-1228,197.969375,-12.467111,13:11:52.65,-12:28:01.6,0.4475177112318,7e-13,36.214,0.008
600,J1311-3430,197.9405,-34.508417,13:11:45.72,-34:30:30.3,0.00256037103167,3e-16,37.84,0.3
601,J1312+0051,198.0,0.85,13:12:00.00,+00:51:00.0,0.00423,15.3,1.15,1.15
602,J1312+1810,198.229167,18.166667,13:12:55.00,+18:10:00.0,0.033163166,3e-09,24.0,2.0
603,J1312-5402,198.019167,-54.045,13:12:04.60,-54:02:42.0,0.7281542173,3e-10,133.0,2.0
604,J1312-5516,198.224292,-55.27975,13:12:53.83,-55:16:47.1,0.8492356848,4e-10,134.1,2.0
605,J1312-6400,198.029833,-64.015444,13:12:07.16,-64:00:55.6,2.43743249609,1.1e-10,93.0,1.0
606,J1313+0931,198.345833,9.532222,13:13:23.00,+09:31:56.0,0.84893275073,2e-11,12.0,0.1
607,J1314-6101,198.5975,-61.021111,13:14:23.40,-61:01:16.0,2.9483896038,1.5e-09,309.0,10.0
608,J1316-6232,199.192917,-62.536722,13:16:46.30,-62:32:12.2,0.34282539844,6e-11,983.3,0.5
609,J1317-5759,199.442875,-57.991806,13:17:46.29,-57:59:30.5,2.6421985132,5e-11,145.3,0.3
610,J1317-6302,199.436208,-63.047833,13:17:44.69,-63:02:52.2,0.26127055606,3e-11,678.1,1.0
611,J1319-6056,199.834542,-60.946306,13:19:20.29,-60:56:46.7,0.284351393041,6e-12,400.94,0.04
612,J1319-6105,199.859667,-61.090611,13:19:26.32,-61:05:26.2,0.421118114249,6e-12,442.2,0.5
613,J1320-3512,200.052833,-35.207222,13:20:12.68,-35:12:26.0,0.45848840672,7e-11,16.42,0.1
614,J1320-5359,200.224667,-53.985111,13:20:53.92,-53:59:06.4,0.279729147244,4e-12,97.6,0.6
615,J1320+67,200.0,67.5,13:20:00.00,+67:30:00.0,1.02862,3.5e-05,28.0,2.0
616,J1321-5922,200.414833,-59.381139,13:21:39.56,-59:22:52.1,1.27905759523,7e-11,383.0,2.0
617,J1321+8323,200.442417,83.394139,13:21:46.18,+83:23:38.9,0.670037418386,3e-12,13.312,0.02
618,J1322-62,200.725,-62.85,13:22:54.00,-62:51:00.0,1.044851,4e-06,733.6,30.0
619,J1322-6241,200.633958,-62.698194,13:22:32.15,-62:41:53.5,0.50605841373,5e-11,618.8,2.0
620,J1322-6329,200.575,-63.493611,13:22:18.00,-63:29:37.0,2.7642094208,5e-10,659.0,9.0
621,J1324-6146,201.182917,-61.766667,13:24:43.90,-61:46:00.0,0.8441085753,3e-10,828.0,9.0
622,J1324-6302,201.056875,-63.039194,13:24:13.65,-63:02:21.1,2.483803693,1e-10,497.0,5.0
623,J1326-5859,201.742792,-58.991417,13:26:58.27,-58:59:29.1,0.47799086689,3e-11,287.3,0.1
624,J1326-6408,201.635833,-64.145556,13:26:32.60,-64:08:44.0,0.7926701073,5e-10,502.7,0.4
625,J1326-6700,201.513333,-67.014167,13:26:03.20,-67:00:51.0,0.5430085792,5e-10,209.6,0.3
626,J1327-0755,201.989958,-7.924944,13:27:57.59,-07:55:29.8,0.00267792319712,2e-16,27.91215,6e-05
627,J1327-6222,201.8225,-62.379056,13:27:17.40,-62:22:44.6,0.5299131921,1e-11,318.8,0.06
628,J1327-6301,201.781125,-63.020944,13:27:07.47,-63:01:15.4,0.196478664183,3e-12,294.91,0.03
629,J1327-6400,201.792792,-64.003639,13:27:10.27,-64:00:13.1,0.280677974168,1.3e-11,680.9,1.0
630,J1328-4357,202.026792,-43.96225,13:28:06.43,-43:57:44.1,0.53269880337,1.3e-10,42.0,1.0
631,J1328-4921,202.139917,-49.359278,13:28:33.58,-49:21:33.4,1.4787213559,4e-10,118.0,2.0
632,J1329-6158,202.26375,-61.983056,13:29:03.30,-61:58:59.0,1.5652179638,8e-10,514.0,10.0
633,J1331-5245,202.750042,-52.757056,13:31:00.01,-52:45:25.4,0.6481166471,2e-10,148.4,0.3
634,J1332-03,203.0,-3.433333,13:32:00.00,-03:26:00.0,1.1064,5e-05,27.1,0.2
635,J1332-3032,203.218667,-30.538139,13:32:52.48,-30:32:17.3,0.650434490647,1.7e-11,15.1,0.2
636,J1333-4449,203.436792,-44.823944,13:33:44.83,-44:49:26.2,0.345602948594,3e-12,44.3,2.0
637,J1334-5839,203.625458,-58.654583,13:34:30.11,-58:39:16.5,0.1077182159234,2e-13,119.2978,0.0009
638,J1335-3642,203.9,-36.7,13:35:36.00,-36:42:00.0,0.399192,3e-06,41.7,0.3
639,J1337-6306,204.334792,-63.106472,13:37:20.35,-63:06:23.3,0.207953012189,4e-12,777.7,2.0
640,J1337-6423,204.382833,-64.384694,13:37:31.88,-64:23:04.9,0.0094234067178,1.7e-14,259.2,1.0
641,J1338-6204,204.538958,-62.071861,13:38:09.35,-62:04:18.7,1.2389895765,4e-11,640.3,0.7
642,J1339-4712,204.985792,-47.201528,13:39:56.59,-47:12:05.5,0.1370546579332,4e-13,39.9,0.6
643,J1339-6618,204.985833,-66.302167,13:39:56.60,-66:18:07.8,0.55817922185,5e-11,241.0,3.0
644,J1340-6456,205.001333,-64.94525,13:40:00.32,-64:56:42.9,0.37862206628,4e-11,76.99,0.1
645,J1341-6023,205.280708,-60.392972,13:41:07.37,-60:23:34.7,0.62728536587,1.6e-11,364.6,0.9
646,J1341-6220,205.427625,-62.339083,13:41:42.63,-62:20:20.7,0.193339746306,1.9e-11,717.3,0.6
647,J1342+2822A,205.545833,28.375556,13:42:11.00,+28:22:32.0,0.002545,1e-06,26.5,0.1
648,J1342+2822B,205.546208,28.377806,13:42:11.09,+28:22:40.1,0.00238942075779,1e-15,26.148,0.002
649,J1342+2822C,205.545833,28.375556,13:42:11.00,+28:22:32.0,0.002166,1e-06,26.5,0.1
650,J1342+2822D,205.5425,28.376667,13:42:10.20,+28:22:36.0,0.00544297516,6e-11,26.358,0.02
651,J1344-6059,206.165,-60.991944,13:44:39.60,-60:59:31.0,0.5401023214,6e-11,435.0,7.0
652,J1345-6115,206.435125,-61.2585,13:45:44.43,-61:15:30.6,1.2530845901,1.8e-10,278.1,2.0
653,J1346-4918,206.593125,-49.302,13:46:22.35,-49:18:07.2,0.2996251068,2e-10,74.42,0.07
654,J1347-5947,206.83075,-59.794389,13:47:19.38,-59:47:39.8,0.609961754304,1.5e-11,293.4,0.5
655,J1348-6307,207.176667,-63.117778,13:48:42.40,-63:07:04.0,0.9277722389,3e-10,597.0,3.0
656,J1349-6130,207.402708,-61.50475,13:49:36.65,-61:30:17.1,0.259362860073,9e-12,284.6,0.4
657,J1349-63,207.325,-63.933333,13:49:18.00,-63:56:00.0,0.373034,1e-07,478.0,3.0
658,J1350-5115,207.567167,-51.256889,13:50:16.12,-51:15:24.8,0.2956991763,3e-11,90.388,0.008
659,J1352-6803,208.143542,-68.060306,13:52:34.45,-68:03:37.1,0.62890254638,1.6e-11,214.6,0.2
660,J1354-6249,208.645833,-62.825,13:54:35.00,-62:49:30.0,2.951938334,3e-09,254.0,20.0
661,J1355-5153,208.9945,-51.898278,13:55:58.68,-51:53:53.8,0.64430109622,8e-11,112.1,0.4
662,J1355-5747,208.903958,-57.7875,13:55:36.95,-57:47:15.0,2.0386738254,4e-10,229.0,3.0
663,J1355-5925,208.996292,-59.416917,13:55:59.11,-59:25:00.9,1.21338122674,5e-11,354.8,0.9
664,J1355-6206,208.838917,-62.105583,13:55:21.34,-62:06:20.1,0.27660304315,1e-11,547.0,3.0
665,J1356-5521,209.210667,-55.353611,13:56:50.56,-55:21:13.0,0.507379566696,6e-12,174.172,0.006
666,J1357-62,209.354167,-62.466667,13:57:25.00,-62:28:00.0,0.455761,1e-06,416.8,0.4
667,J1357-6429,209.260125,-64.491722,13:57:02.43,-64:29:30.2,0.166108327507,1.4e-11,128.5,0.7
668,J1358-2533,209.675,-25.55,13:58:42.00,-25:33:00.0,0.912971,1e-06,31.27,0.01
669,J1359-6038,209.992583,-60.635556,13:59:58.22,-60:38:08.0,0.12750077685,3e-11,293.71,0.1
670,J1400-1438,210.126417,-14.637333,14:00:30.34,-14:38:14.4,0.0030842332007,2e-13,4.928,0.003
671,J1400-6325,210.190375,-63.4285,14:00:45.69,-63:25:42.6,0.0311816011,3e-10,563.0,4.0
672,J1401-6357,210.468667,-63.962639,14:01:52.48,-63:57:45.5,0.84278963237,1.4e-11,98.0,0.5
673,J1402-5124,210.7375,-51.4,14:02:57.00,-51:24:00.0,1.380177,5e-06,39.0,5.0
674,J1403-6310,210.808333,-63.174167,14:03:14.00,-63:10:27.0,0.39917017693,5e-11,305.0,3.0
675,J1403-7646,210.767083,-76.782639,14:03:04.10,-76:46:57.5,1.306197812,8e-10,100.6,0.1
676,J1404+12,211.166667,12.05,14:04:40.00,+12:03:00.0,2.65027,25.0,3.0,1.9
677,J1405-4656,211.339292,-46.933972,14:05:21.43,-46:56:02.3,0.00760220343251,1e-14,13.884,0.003
678,J1405-5641,211.301708,-56.690056,14:05:12.41,-56:41:24.2,0.61757468514,4e-11,273.0,3.0
679,J1406-5806,211.505,-58.108889,14:06:01.20,-58:06:32.0,0.28834924425,5e-11,229.0,3.0
680,J1406-6121,211.7085,-61.35775,14:06:50.04,-61:21:27.9,0.213074653776,1.4e-11,542.3,2.0
681,J1407-6048,211.994333,-60.816333,14:07:58.64,-60:48:58.8,0.49234420664,5e-11,575.2,2.0
682,J1407-6153,211.985417,-61.899722,14:07:56.50,-61:53:59.0,0.7016149492,3e-10,645.0,9.0
683,J1409-6953,212.320417,-69.892889,14:09:16.90,-69:53:34.4,0.5285907792,3e-10,163.0,2.0
684,J1410-6132,212.6,-61.533333,14:10:24.00,-61:32:00.0,0.0500519462,960.0,10.0,30.0
685,J1410-7404,212.530708,-74.081472,14:10:07.37,-74:04:53.3,0.2787294436271,1.5e-12,54.24,0.06
686,J1412-6111,213.248417,-61.191806,14:12:59.62,-61:11:30.5,0.52915639797,4e-11,311.8,0.9
687,J1412-6145,213.032042,-61.758,14:12:07.69,-61:45:28.8,0.315224970657,1.2e-11,514.7,1.0
688,J1412+7922,213.232667,79.367694,14:12:55.84,+79:22:03.7,0.059198212396,7e-12,2340000000.0,7.6e+31
689,J1413-6141,213.291125,-61.686944,14:13:09.87,-61:41:13.0,0.28562462018,1.6e-10,677.0,8.0
690,J1413-6205,213.374583,-62.093889,14:13:29.90,-62:05:38.0,0.10974069969,3e-11,62800.0,8.3e+35
691,J1413-6222,213.272792,-62.374389,14:13:05.47,-62:22:27.8,0.29240770249,3e-11,808.1,1.0
692,J1413-6307,213.3805,-63.1265,14:13:31.32,-63:07:35.4,0.394945790784,2e-12,121.98,0.06
693,J1414-6802,213.607083,-68.049444,14:14:25.70,-68:02:58.0,4.6301880619,4e-10,153.5,0.6
694,J1415-6621,213.880292,-66.353389,14:15:31.27,-66:21:12.2,0.3924789731,5e-11,260.17,0.07
695,J1416-5033,214.185833,-50.554722,14:16:44.60,-50:33:17.0,0.794882546,2e-09,58.5,0.3
696,J1416-6037,214.127458,-60.633194,14:16:30.59,-60:37:59.5,0.29558048193,3e-11,289.2,1.0
697,J1418-3921,214.7095,-39.355139,14:18:50.28,-39:21:18.5,1.0968060034,2e-11,60.49,0.01
698,J1418-5945,214.634583,-59.75,14:18:32.30,-59:45:00.0,1.6725956812,3e-10,369.0,20.0
699,J1418-6058,214.677917,-60.963611,14:18:42.70,-60:57:49.0,0.11057301169,1.3e-11,10300.0,4.9e+36
700,J1420-5416,215.12125,-54.273056,14:20:29.10,-54:16:23.0,0.9357719221,3e-10,129.6,1.0
701,J1420-5625,215.01275,-56.431944,14:20:03.06,-56:25:55.0,0.03411713084786,1.2e-13,64.56,0.09
702,J1420-6048,215.034333,-60.804556,14:20:08.24,-60:48:16.4,0.06817987659,2e-11,358.8,0.2
703,J1422-6138,215.612792,-61.641111,14:22:27.07,-61:38:28.0,0.34096785164,1.2e-10,55800.0,9.6e+34
704,J1423-6953,215.861625,-69.895222,14:23:26.79,-69:53:42.8,0.333410710172,3e-12,123.98,0.1
705,J1424-5556,216.053167,-55.937194,14:24:12.76,-55:56:13.9,0.770374845874,1.8e-11,198.7,2.0
706,J1424-56,216.095833,-56.679722,14:24:23.00,-56:40:47.0,1.427,32.9,1.0,1.22
707,J1424-5822,216.133792,-58.382222,14:24:32.11,-58:22:56.0,0.366734060217,6e-12,323.9,0.6
708,J1424-6438,216.246667,-64.636111,14:24:59.20,-64:38:10.0,1.02350369913,9e-11,248.0,5.0
709,J1425-5723,216.402333,-57.391889,14:25:36.56,-57:23:30.8,0.35326292024,8e-11,43.4,1.0
710,J1425-5759,216.496292,-57.986167,14:25:59.11,-57:59:10.2,0.70786760576,4e-11,325.0,5.0
711,J1425-6210,216.282083,-62.168028,14:25:07.70,-62:10:04.9,0.50173030987,8e-11,430.1,2.0
712,J1427-4158,216.961542,-41.982306,14:27:50.77,-41:58:56.3,0.586485556229,1.8e-11,71.0,3.0
713,J1428-5530,217.109583,-55.513944,14:28:26.30,-55:30:50.2,0.570290462862,7e-12,82.4,0.6
714,J1429-5911,217.494167,-59.1935,14:29:58.60,-59:11:36.6,0.11584261008,3e-11,60200.0,7.7e+35
715,J1429-5935,217.357917,-59.599694,14:29:25.90,-59:35:58.9,0.76391483053,8e-11,456.7,2.0
716,J1430-6623,217.670292,-66.384722,14:30:40.87,-66:23:05.0,0.785440757324,8e-12,65.3,0.1
717,J1431-4715,217.935917,-47.257667,14:31:44.62,-47:15:27.6,0.00201195344253,9e-16,59.35,0.01
718,J1431-5740,217.764583,-57.669917,14:31:03.50,-57:40:11.7,0.00411054395677,1.2e-15,131.46,0.03
719,J1432-5032,218.217792,-50.538139,14:32:52.27,-50:32:17.3,2.0349894792,3e-10,113.0,1.0
720,J1433-6038,218.304917,-60.642972,14:33:13.18,-60:38:34.7,1.9544296353,5e-10,409.0,2.0
721,J1434-6006,218.522083,-60.108056,14:34:05.30,-60:06:29.0,0.30636786268,4e-11,332.0,4.0
722,J1434-6029,218.662917,-60.496944,14:34:39.10,-60:29:49.0,0.96334832315,1.6e-10,282.0,3.0
723,J1434+7257,218.498917,72.957361,14:33:59.74,+72:57:26.5,0.04174114783993,3e-14,12.605,0.001
724,J1435-5954,218.7515,-59.913667,14:35:00.36,-59:54:49.2,0.472995435514,1.6e-11,44.26,0.1
725,J1435-6100,218.8345,-61.016111,14:35:20.28,-61:00:58.0,0.00934797221025,7e-15,113.7,0.6
726,J1437-5959,219.257958,-59.983722,14:37:01.91,-59:59:01.4,0.0616961234035,9e-13,549.6,1.0
727,J1437-6146,219.313792,-61.767222,14:37:15.31,-61:46:02.0,0.46761632345,7e-11,200.5,1.0
728,J1439-5501,219.915583,-55.023222,14:39:39.74,-55:01:23.6,0.02863488819045,1.2e-14,14.56,0.05
729,J1439+76,219.75,76.916667,14:39:00.00,+76:55:00.0,0.947903,2e-06,22.29,0.02
730,J1440-6344,220.130458,-63.746556,14:40:31.31,-63:44:47.6,0.45960536385,3e-11,124.2,0.5
731,J1441-6137,220.434583,-61.623333,14:41:44.30,-61:37:24.0,1.1758400229,1e-10,166.0,3.0
732,J1443-5122,220.862375,-51.373889,14:43:26.97,-51:22:26.0,0.7320612647,5e-10,87.0,0.7
733,J1444-5941,221.19375,-59.688611,14:44:46.50,-59:41:19.0,2.7602279448,6e-10,177.1,2.0
734,J1444-6026,221.025083,-60.435944,14:44:06.02,-60:26:09.4,4.7585755679,2e-10,367.7,1.0
735,J1446-4701,221.648792,-47.024111,14:46:35.71,-47:01:26.8,0.00219469577985,7e-17,55.83202,0.0001
736,J1449-5846,222.355958,-58.777889,14:49:25.43,-58:46:40.4,0.463329577191,1.8e-11,216.6,2.0
737,J1452-5851,223.219083,-58.853694,14:52:52.58,-58:51:13.3,0.38662501748,3e-11,262.4,2.0
738,J1452-6036,223.21625,-60.608694,14:52:51.90,-60:36:31.3,0.1549913579183,8e-13,349.7,0.3
739,J1453+1902,223.4405,19.036722,14:53:45.72,+19:02:12.2,0.00579230273497,4e-16,14.049,0.004
740,J1453-6413,223.386417,-64.221,14:53:32.74,-64:13:15.6,0.1794847539641,1.1e-12,71.07,0.02
741,J1454-5846,223.545458,-58.776306,14:54:10.91,-58:46:34.7,0.04524877299803,1.1e-13,115.95,0.2
742,J1455-3330,223.949875,-33.512889,14:55:47.97,-33:30:46.4,0.2,0.6,0.00798720479626,4e-15
743,J1455-59,223.775,-59.383333,14:55:06.00,-59:23:00.0,0.1761912,2e-07,498.0,11.45
744,J1456-48,,,14:56:00.00,+0.53681000000000:bcm+15:133.000000,6.84,6.84,,
745,J1456-6843,224.000667,-68.727556,14:56:00.16,-68:43:39.2,2.2,0.3,0.2633768148933,1.9e-12
746,J1457-5122,224.417458,-51.381389,14:57:40.19,-51:22:53.0,1.7483010801,7e-10,37.0,5.0
747,J1457-5900,224.4125,-59.014167,14:57:39.00,-59:00:51.0,1.4986374368,4e-10,175.0,4.0
748,J1457-5902,224.382917,-59.034444,14:57:31.90,-59:02:04.0,0.39073936418,5e-11,477.2,2.0
749,J1459-6053,224.874958,-60.889083,14:59:29.99,-60:53:20.7,0.103150638274,1.1e-11,64700.0,9.1e+35
750,J1501-0046,225.437333,-0.773194,15:01:44.96,-00:46:23.5,0.4640368139284,8.2e-12,22.2584,0.009
751,J1501-5637,225.4625,-56.63,15:01:51.00,-56:37:48.0,0.7829485661,3e-10,258.0,10.0
752,J1502-5653,225.739125,-56.894222,15:02:57.39,-56:53:39.2,0.53550439779,3e-12,194.0,0.4
753,J1502-5828,225.6825,-58.478333,15:02:43.80,-58:28:42.0,0.66810515091,1.4e-10,584.0,4.0
754,J1502-6128,225.624333,-61.480639,15:02:29.84,-61:28:50.3,0.84210384,3e-11,256.5,1.0
755,J1502-6752,225.577542,-67.871333,15:02:18.61,-67:52:16.8,0.026744423767,6e-14,151.2,2.0
756,J1503+2111,225.9775,21.185917,15:03:54.60,+21:11:09.3,3.31400150122,1.2e-10,11.75,0.06
757,J1504-5621,226.20475,-56.358889,15:04:49.14,-56:21:32.0,0.41298519981,3e-11,143.0,5.0
758,J1506-5158,226.664583,-51.969444,15:06:39.50,-51:58:10.0,0.840738545,3e-09,61.0,2.0
759,J1507-4352,226.892417,-43.867556,15:07:34.18,-43:52:03.2,0.28675704522,3e-11,48.7,0.5
760,J1507-6640,226.95275,-66.682528,15:07:48.66,-66:40:57.1,0.35565490117,6e-11,129.8,0.5
761,J1509+5531,227.356792,55.525667,15:09:25.63,+55:31:32.4,0.47,0.03,0.739681922904,4e-12
762,J1509-5850,227.363042,-58.848917,15:09:27.13,-58:50:56.1,0.088921760489,3e-12,140.6,0.8
763,J1509-6015,227.28125,-60.255167,15:09:07.50,-60:15:18.6,0.3390384487,4e-11,423.6,2.0
764,J1510-4422,227.70375,-44.368611,15:10:48.90,-44:22:07.0,0.9438712975,1.1e-09,84.0,7.0
765,J1511-5414,227.963792,-54.244528,15:11:51.31,-54:14:40.3,0.2003836959221,1.7e-12,84.76,0.2
766,J1511-5835,227.779167,-58.591111,15:11:07.00,-58:35:28.0,0.30151055002,4e-11,332.0,3.0
767,J1512-5431,228.02375,-54.521944,15:12:05.70,-54:31:19.0,2.0405315742,3e-10,219.0,6.0
768,J1512-5759,228.179292,-57.999944,15:12:43.03,-57:59:59.8,0.128694148448,2e-12,628.7,0.2
769,J1513-5739,228.495792,-57.650389,15:13:58.99,-57:39:01.4,0.9734580348,9e-11,469.7,1.0
770,J1513-5908,228.48175,-59.135833,15:13:55.62,-59:08:09.0,0.15125125831483,7e-14,252.5,0.3
771,J1513-5946,228.436583,-59.775528,15:13:44.78,-59:46:31.9,1.046117156733,8e-12,171.7,0.9
772,J1514-4834,228.560667,-48.572083,15:14:14.56,-48:34:19.5,0.45483920949,9e-11,51.5,0.8
773,J1514-4946,228.579625,-49.770972,15:14:19.11,-49:46:15.5,0.00358933667967,7e-16,31.05,0.02
774,J1514-5925,228.74625,-59.428694,15:14:59.10,-59:25:43.3,0.148796488226,5e-12,194.1,1.0
775,J1515-5720,228.78875,-57.346944,15:15:09.30,-57:20:49.0,0.2866461965,4e-11,482.0,5.0
776,J1517-4356,229.363917,-43.938306,15:17:27.34,-43:56:17.9,0.650836871901,6e-12,87.78,0.1
777,J1517-4636,229.372417,-46.600167,15:17:29.38,-46:36:00.6,0.88661249686,5e-11,127.0,0.1
778,J1518+0204A,229.638833,2.090972,15:18:33.32,+02:05:27.5,0.00555359252421,2e-15,30.08,0.05
779,J1518+0204B,229.631083,2.087639,15:18:31.46,+02:05:15.5,0.00794694065788,2.1e-14,29.47,0.1
780,J1518+0204C,229.636625,2.079944,15:18:32.79,+02:04:47.8,0.00248392757025,6e-16,29.3146,0.0006
781,J1518+0204D,229.641667,2.082778,15:18:34.00,+02:04:58.0,0.002988,1e-06,29.3,0.1
782,J1518+0204E,229.641667,2.082778,15:18:34.00,+02:04:58.0,0.003182,1e-06,29.3,0.1
783,J1518-0627,229.746292,-6.452139,15:18:59.11,-06:27:07.7,0.7949966745699,7.8e-12,27.9631,0.01
784,J1518+4904,229.57,49.076194,15:18:16.80,+49:04:34.3,0.04093498890833,6e-16,11.61139,8e-05
785,J1518-5415,229.55625,-54.2625,15:18:13.50,-54:15:45.0,0.214924800284,6e-12,167.2,0.2
786,J1519-5734,229.948292,-57.570444,15:19:47.59,-57:34:13.6,0.51875778474,3e-11,664.0,3.0
787,J1519-6106,229.899208,-61.115167,15:19:35.81,-61:06:54.6,2.15430706064,1.4e-10,221.0,3.0
788,J1519-6308,229.789833,-63.13875,15:19:09.56,-63:08:19.5,1.25405163056,1e-10,250.0,3.0
789,J1522-5525,230.527917,-55.421528,15:22:06.70,-55:25:17.5,1.3896046876,1.6e-09,79.0,3.0
790,J1522-5735,230.522083,-57.583333,15:22:05.30,-57:35:00.0,0.10213598087,4e-11,51800.0,1.2e+36
791,J1522-5829,230.676125,-58.484083,15:22:42.27,-58:29:02.7,0.395352859901,3e-12,199.9,0.2
792,J1524-5625,231.20775,-56.423167,15:24:49.86,-56:25:23.4,0.078218548881,5e-12,152.7,1.0
793,J1524-5706,231.089292,-57.109722,15:24:21.43,-57:06:35.0,1.11604861927,8e-11,833.0,3.0
794,J1524-5819,231.102708,-58.320583,15:24:24.65,-58:19:14.1,0.96104262694,1e-10,406.6,0.5
795,J1525-5417,231.368125,-54.288889,15:25:28.35,-54:17:20.0,1.01169421772,7e-11,235.0,3.0
796,J1525-5523,231.40025,-55.390889,15:25:36.06,-55:23:27.2,0.3551560369998,1.6e-12,124.7,0.3
797,J1525-5545,231.367208,-55.763833,15:25:28.13,-55:45:49.8,0.01135988179177,1.9e-14,126.934,0.007
798,J1525-5605,231.422708,-56.086944,15:25:41.45,-56:05:13.0,0.28034866206,4e-11,338.0,3.0
799,J1526-5633,231.671667,-56.561944,15:26:41.20,-56:33:43.0,0.30188789663,5e-11,329.0,4.0
800,J1527-3931,231.995542,-39.526389,15:27:58.93,-39:31:35.0,2.4175822701,9e-10,49.0,3.0
801,J1527-5552,231.920417,-55.868611,15:27:40.90,-55:52:07.0,1.0487048866,6e-10,362.7,0.8
802,J1528-3146,232.145625,-31.768556,15:28:34.95,-31:46:06.8,0.06082223035146,1e-14,18.163,0.006
803,J1528-4109,232.033458,-41.158,15:28:08.03,-41:09:28.8,0.52655613914,4e-12,89.5,0.1
804,J1528-5547,232.16325,-55.789722,15:28:39.18,-55:47:23.0,3.467301517,1.7e-09,269.0,5.55
805,J1529-3828,232.312958,-38.479389,15:29:15.11,-38:28:45.8,0.00848628211574,6e-14,73.62,0.02
806,J1529-5355,232.49,-53.926667,15:29:57.60,-53:55:36.0,0.8912645399,4e-10,292.0,9.0
807,J1529-5611,232.399167,-56.191389,15:29:35.80,-56:11:29.0,0.8222487311,5e-10,149.0,10.0
808,J1530-5327,232.611958,-53.465639,15:30:26.87,-53:27:56.3,0.278956721152,1.5e-11,49.6,1.0
809,J1530-63,232.716667,-63.725833,15:30:52.00,-63:43:33.0,0.9103,200.0,13.6,13.6
810,J1531-4012,232.783542,-40.208583,15:31:08.05,-40:12:30.9,0.356849312855,6e-12,106.65,0.1
811,J1531-5610,232.866292,-56.181944,15:31:27.91,-56:10:55.0,0.0842016828855,8e-13,110.9,0.4
812,J1532+2745,233.043167,27.763722,15:32:10.36,+27:45:49.4,1.124835742767,7e-12,14.698,0.02
813,J1532-5308,233.147917,-53.135,15:32:35.50,-53:08:06.0,0.4438246083,4e-11,181.0,3.0
814,J1532-56,233.075,-56.533333,15:32:18.00,-56:32:00.0,0.52297708597,1.3e-10,282.0,5.69
815,J1534-4428,233.716667,-44.469278,15:34:52.00,-44:28:09.4,1.2214259588,3e-10,137.3,0.2
816,J1534-46,233.533333,-46.233333,15:34:08.00,-46:14:00.0,0.364835,9e-06,64.4,8.0
817,J1534-5334,233.534875,-53.572028,15:34:08.37,-53:34:19.3,1.36888090921,2e-11,24.82,0.01
818,J1534-5405,233.639958,-54.094361,15:34:33.59,-54:05:39.7,0.2896888952,6e-12,190.82,0.02
819,J1535-4114,233.821125,-41.234194,15:35:17.07,-41:14:03.1,0.432866133845,6e-12,66.28,0.1
820,J1535-4415,233.983,-44.252333,15:35:55.92,-44:15:08.4,0.46840160422,3e-11,110.7,0.5
821,J1535-5450,233.99275,-54.840556,15:35:58.26,-54:50:26.0,0.56673415672,4e-11,219.8,1.0
822,J1535-5848,233.819833,-58.807694,15:35:16.76,-58:48:27.7,0.307177662775,7e-12,107.0,0.7
823,J1536-3602,234.072417,-36.049667,15:36:17.38,-36:02:58.8,1.31975904174,5e-11,96.0,6.0
824,J1536-4948,234.0,-49.8,15:36:00.00,-49:48:00.0,0.00308,38.0,1.34,1.34
825,J1536-5433,234.020083,-54.554167,15:36:04.82,-54:33:15.0,0.8814384311,3e-10,147.5,2.0
826,J1536-5907,234.073833,-59.117667,15:36:17.72,-59:07:03.6,0.55784066031,3e-11,316.0,2.0
827,J1537+1155,234.2915,11.932056,15:37:09.96,+11:55:55.4,0.86,0.18,0.0379044411783,1.6e-16
828,J1537-4912,234.3675,-49.200833,15:37:28.20,-49:12:03.0,0.30131077523,8e-11,69.7,1.0
829,J1537-5153,234.315542,-51.885,15:37:15.73,-51:53:06.0,1.52812410566,1.2e-10,93.0,4.0
830,J1537-5645,234.4625,-56.751111,15:37:51.00,-56:45:04.0,0.43046412386,1.5e-10,707.0,5.0
831,J1538+2345,234.525292,23.751111,15:38:06.07,+23:45:04.0,3.44938495332,1e-10,14.909,0.001
832,J1538-5438,234.703958,-54.638056,15:38:48.95,-54:38:17.0,0.27672613726,5e-11,136.9,2.0
833,J1538-5519,234.670125,-55.329444,15:38:40.83,-55:19:46.0,0.39573063893,8e-11,611.0,3.0
834,J1538-5551,234.687625,-55.86025,15:38:45.03,-55:51:36.9,0.104674920844,4e-12,603.0,3.0
835,J1538-5621,234.680375,-56.365417,15:38:43.29,-56:21:55.5,1.90849449143,2e-11,150.0,20.0
836,J1538-5638,234.52375,-56.636667,15:38:05.70,-56:38:12.0,0.84398039688,1.4e-10,546.0,7.0
837,J1538-5732,234.57575,-57.541472,15:38:18.18,-57:32:29.3,0.341212811806,6e-12,152.7,0.8
838,J1538-5750,234.535042,-57.838083,15:38:08.41,-57:50:17.1,0.506568335296,1.8e-11,91.0,4.0
839,J1539-4828,234.920167,-48.4825,15:39:40.84,-48:28:57.0,1.27284159978,1.4e-10,117.0,5.0
840,J1539-5521,234.783208,-55.353111,15:39:07.97,-55:21:11.2,1.00495831813,8e-11,380.0,5.0
841,J1539-5626,234.808167,-56.440389,15:39:13.96,-56:26:25.4,0.2433922004,2e-11,175.88,0.06
842,J1539-6322,234.852917,-63.381444,15:39:24.70,-63:22:53.2,1.63084630957,3e-11,163.5,0.3
843,J1540-5736,235.245917,-57.615833,15:40:59.02,-57:36:57.0,0.61291628569,8e-11,304.5,1.0
844,J1541-42,235.479167,-42.313889,15:41:55.00,-42:18:50.0,60.0,10.0,2.07,2.07
845,J1541-5535,235.456667,-55.583611,15:41:49.60,-55:35:01.0,0.29583755345,9e-11,428.0,5.0
846,J1542-5034,235.689458,-50.567056,15:42:45.47,-50:34:01.4,0.5992450364,1e-10,91.0,0.6
847,J1542-5133,235.583042,-51.559722,15:42:19.93,-51:33:35.0,1.7838649877,3e-10,186.0,4.0
848,J1542-5303,235.727125,-53.061389,15:42:54.51,-53:03:41.0,1.20756776526,6e-11,265.7,1.0
849,J1543-0620,235.875667,-6.345889,15:43:30.16,-06:20:45.2,0.709064069786,4e-12,18.3774,0.0009
850,J1543+0929,235.91175,9.487861,15:43:38.82,+09:29:16.3,0.13,0.02,0.748448416229,6e-12
851,J1543-5013,235.992708,-50.232778,15:43:58.25,-50:13:58.0,0.6442550645,6e-10,211.0,3.0
852,J1543-5149,235.933958,-51.831861,15:43:44.15,-51:49:54.7,0.00205696039242,6e-16,50.93,0.1
853,J1543-5459,235.984375,-54.987139,15:43:56.25,-54:59:13.7,0.37711856263,3e-11,345.7,1.0
854,J1544+4937,236.018708,49.632028,15:44:04.49,+49:37:55.3,0.00215928839043,5e-17,23.2258,0.0001
855,J1544-5308,236.249333,-53.14625,15:44:59.84,-53:08:46.5,0.178553799688,1.4e-11,35.16,0.07
856,J1545-4550,236.483125,-45.84375,15:45:55.95,-45:50:37.5,0.00357528861885,1.2e-16,68.39,0.008
857,J1546-3747A,236.514333,-37.786139,15:46:03.44,-37:47:10.1,0.0026056722466,1e-13,92.17,0.04
858,J1546-5302,236.530833,-53.039722,15:46:07.40,-53:02:23.0,0.58083988615,4e-11,287.0,3.0
859,J1546-59,236.5,-59.0,15:46:00.00,-59:00:00.0,0.0078,168.3,4.67,4.67
860,J1547-0944,236.941917,-9.7355,15:47:46.06,-09:44:07.8,1.576924632943,4.4e-11,37.416,0.02
861,J1547-5750,236.8775,-57.8415,15:47:30.60,-57:50:29.4,0.64719774666,6e-11,148.0,4.0
862,J1547-5839,236.895792,-58.652722,15:47:34.99,-58:39:09.8,0.242190323768,1e-11,222.3,1.0
863,J1548-4821,237.096917,-48.363806,15:48:23.26,-48:21:49.7,0.14565471947,3e-11,126.0,0.5
864,J1548-4927,237.081125,-49.461222,15:48:19.47,-49:27:40.4,0.602738077704,1.9e-11,141.2,0.6
865,J1548-5607,237.183458,-56.126083,15:48:44.03,-56:07:33.9,0.170933992695,5e-12,315.5,0.4
866,J1549+2113,237.420583,21.224139,15:49:40.94,+21:13:26.9,1.262471311613,5e-12,24.8,0.2
867,J1549-4848,237.338125,-48.810389,15:49:21.15,-48:48:37.4,0.288346763122,2e-12,55.983,0.008
868,J1549-57,237.270833,-57.360278,15:49:05.00,-57:21:37.0,0.7375,0.0003,17.7,4.0
869,J1549-5722,237.449583,-57.367222,15:49:47.90,-57:22:02.0,0.497772394,8e-11,102.0,4.0
870,J1550-5242,237.512292,-52.701944,15:50:02.95,-52:42:07.0,0.74965894957,4e-11,337.7,2.0
871,J1550-5317,237.52,-53.289167,15:50:04.80,-53:17:21.0,1.42112434544,1.3e-10,600.0,8.0
872,J1550-5418,237.7255,-54.306694,15:50:54.12,-54:18:24.1,2.06983302,4e-08,830.0,50.0
873,J1551-0658,237.780042,-6.968472,15:51:07.21,-06:58:06.5,0.00709,21.6,0.5,1.46
874,J1551-4424,237.950083,-44.411667,15:51:48.02,-44:24:42.0,0.674060361,2e-10,66.5,0.4
875,J1551-5310,237.921875,-53.183222,15:51:41.25,-53:10:59.6,0.45339416464,1.1e-11,493.0,2.0
876,J1552-4937,238.055292,-49.630472,15:52:13.27,-49:37:49.7,0.00628431138142,1.2e-15,114.19,0.08
877,J1552-62,238.158333,-62.241944,15:52:38.00,-62:14:31.0,0.1988,120.0,4.3,4.3
878,J1553-5456,238.498333,-54.935,15:53:59.60,-54:56:06.0,1.0813282469,1.5e-09,210.0,7.0
879,J1554-5209,238.613125,-52.160639,15:54:27.15,-52:09:38.3,0.1252295584025,7e-13,130.8,0.3
880,J1554-5512,238.66875,-55.209167,15:54:40.50,-55:12:33.0,3.418039313,3e-09,450.0,10.0
881,J1555-0515,238.917083,-5.265944,15:55:40.10,-05:15:57.4,0.97540989108,5e-11,23.46,0.03
882,J1555-2341,238.88825,-23.686083,15:55:33.18,-23:41:09.9,0.5325777412091,1.8e-12,51.901,0.01
883,J1555-3134,238.824792,-31.57225,15:55:17.95,-31:34:20.1,0.5181097798008,9e-13,73.045,0.007
884,J1556-5358,239.214583,-53.981944,15:56:51.50,-53:58:55.0,0.99468068673,1.4e-10,436.0,3.0
885,J1557-4258,239.251083,-42.970194,15:57:00.26,-42:58:12.7,0.329186857758,2e-12,144.497,0.002
886,J1558-5419,239.672708,-54.323889,15:58:41.45,-54:19:26.0,0.59457526355,1.5e-10,657.0,3.0
887,J1558-5756,239.627208,-57.940583,15:58:30.53,-57:56:26.1,1.12234168628,3e-11,127.8,1.0
888,J1559-44,,,15:59:00.00,+1.16989000000000:bcm+15:122.000000,3.38,3.38,,
889,J1559-4438,239.923042,-44.646083,15:59:41.53,-44:38:45.9,0.384,0.081,0.2570560976508,1.1e-12
890,J1559-5545,239.83875,-55.761111,15:59:21.30,-55:45:40.0,0.9572424424,4e-10,212.9,0.3
891,J1600-3053,240.21625,-30.897056,16:00:51.90,-30:53:49.4,0.48,0.11,0.00359792850965,1.6e-17
892,J1600-5044,240.220958,-50.739167,16:00:53.03,-50:44:21.0,0.1926012327811,7e-13,260.56,0.09
893,J1600-5751,240.083042,-57.854083,16:00:19.93,-57:51:14.7,0.194454482247,8e-12,176.55,0.08
894,J1600-5916,240.145833,-59.283056,16:00:35.00,-59:16:59.0,1.247666174,3e-10,177.0,4.0
895,J1601-50,240.35,-50.383333,16:01:24.00,-50:23:00.0,0.860777,4e-06,59.0,1.54
896,J1601-5244,240.36375,-52.735833,16:01:27.30,-52:44:09.0,2.559356631,7e-09,273.0,3.0
897,J1601-5335,240.478792,-53.595333,16:01:54.91,-53:35:43.2,0.288456511543,1.6e-11,194.6,0.7
898,J1602-4957,240.575833,-49.958889,16:02:18.20,-49:57:32.0,0.81999003685,1.4e-10,319.0,4.0
899,J1602-5100,240.578333,-51.000556,16:02:18.80,-51:00:02.0,0.86422735995,5e-11,170.93,0.07
900,J1603-2531,240.770375,-25.529806,16:03:04.89,-25:31:47.3,0.283070376692,1.3e-11,53.763,0.004
901,J1603-2712,240.783583,-27.224333,16:03:08.06,-27:13:27.6,0.778313192792,4e-12,46.201,0.02
902,J1603-3539,240.97375,-35.665861,16:03:53.70,-35:39:57.1,0.141908588964,9e-13,77.5,0.4
903,J1603-5657,240.881083,-56.962278,16:03:31.46,-56:57:44.2,0.49607711306,9e-11,264.07,0.02
904,J1603-7202,240.898667,-72.042417,16:03:35.68,-72:02:32.7,1.1,0.8,0.01484195225108,7e-16
905,J1604-44,241.133333,-44.716667,16:04:32.00,-44:43:00.0,1.4,,,
906,J1604-4718,241.122542,-47.313306,16:04:29.41,-47:18:47.9,0.527465874211,2e-11,52.0,2.0
907,J1604-4909,241.095833,-49.166194,16:04:23.00,-49:09:58.3,0.327417572788,1.3e-11,140.8,0.5
908,J1604-7203,241.121583,-72.058472,16:04:29.18,-72:03:30.5,0.341402932218,4e-12,54.37,0.005
909,J1605+3249,241.327167,32.821667,16:05:18.52,+32:49:18.0,6.88,,,
910,J1605-5215,241.329167,-52.263333,16:05:19.00,-52:15:48.0,1.0136087473,5e-10,532.0,4.0
911,J1605-5257,241.317917,-52.959444,16:05:16.30,-52:57:34.0,0.6580131007,5e-10,35.1,0.3
912,J1607-0032,241.800417,-0.544667,16:07:12.10,-00:32:40.8,0.42181623358258,1.3e-13,10.6823,0.0001
913,J1607-5140,241.955417,-51.671111,16:07:49.30,-51:40:16.0,0.34272279247,9e-11,533.0,3.0
914,J1607-6449,241.952958,-64.828639,16:07:48.71,-64:49:43.1,0.298116357616,9e-12,89.39,0.07
915,J1609-1930,242.272292,-19.502222,16:09:05.35,-19:30:08.0,1.55791724762,7e-11,37.0,7.0
916,J1609-4616,242.421375,-46.272917,16:09:41.13,-46:16:22.5,0.249608954839,5e-12,150.1,0.6
917,J1609-5158,242.36125,-51.971667,16:09:26.70,-51:58:18.0,1.2794023539,7e-10,1069.0,8.0
918,J1610-1322,242.678208,-13.372778,16:10:42.77,-13:22:22.0,1.018392746362,1.1e-11,49.13,0.08
919,J1610-17,242.545833,-17.833333,16:10:11.00,-17:50:00.0,52.5,3.0,4.31,4.31
920,J1610-5006,242.684583,-50.111722,16:10:44.30,-50:06:42.2,0.48111885215,5e-11,416.0,3.0
921,J1610-5303,242.553417,-53.063611,16:10:12.82,-53:03:49.0,0.78646802352,9e-11,380.1,0.8
922,J1611-01,242.75,-1.466667,16:11:00.00,-01:28:00.0,1.29687,2e-05,27.21,0.07
923,J1611-4811,242.76125,-48.194167,16:11:02.70,-48:11:39.0,1.296850239,3e-09,221.0,8.0
924,J1611-4949,242.944292,-49.832556,16:11:46.63,-49:49:57.2,0.66643792285,8e-11,556.8,2.0
925,J1611-5209,242.763333,-52.156556,16:11:03.20,-52:09:23.6,0.182491659288,4e-12,127.57,0.05
926,J1611-5847,242.963792,-58.795083,16:11:51.31,-58:47:42.3,0.3545503166464,1.8e-12,79.9,1.0
927,J1612+2008,243.097625,20.138417,16:12:23.43,+20:08:18.3,0.4266459810253,1.2e-12,19.544,0.01
928,J1612-2408,243.108583,-24.134444,16:12:26.06,-24:08:04.0,0.92383371069,3e-11,49.0,4.0
929,J1612-49,243.225,-49.45,16:12:54.00,-49:27:00.0,0.19268718417,1.4e-10,439.0,5.0
930,J1612-5136,243.0025,-51.615,16:12:00.60,-51:36:54.0,0.48331051132,1.2e-10,1173.0,10.0
931,J1612-55,243.025,-55.15,16:12:06.00,-55:09:00.0,0.846907,3e-06,312.0,8.0
932,J1612-5805,243.115917,-58.091444,16:12:27.82,-58:05:29.2,0.61552045802,3e-11,171.3,0.4
933,J1613-4714,243.370958,-47.2405,16:13:29.03,-47:14:25.8,0.38237595278,5e-11,161.2,0.3
934,J1613-5211,243.426917,-52.189167,16:13:42.46,-52:11:21.0,0.45750181782,7e-11,360.1,2.0
935,J1613-5234,243.489542,-52.571389,16:13:57.49,-52:34:17.0,0.65522059567,1.8e-10,624.0,4.0
936,J1614+0737,243.670458,7.625278,16:14:40.91,+07:37:31.0,1.206801436397,5e-12,21.3949,0.0003
937,J1614-2230,243.652125,-22.508667,16:14:36.51,-22:30:31.2,1.5,0.1,0.00315080765343,6e-16
938,J1614-23,243.5,-23.25,16:14:00.00,-23:15:00.0,0.0335,52.0,3.88,3.88
939,J1614-38,243.679167,-38.770833,16:14:43.00,-38:46:15.0,0.4641,110.0,4.78,4.78
940,J1614-3937,243.630125,-39.624667,16:14:31.23,-39:37:28.8,0.407292274238,6e-12,152.44,0.02
941,J1614-5048,243.547042,-50.800972,16:14:11.29,-50:48:03.5,0.23169383623,8e-11,582.8,0.3
942,J1614-5144,243.690417,-51.746944,16:14:45.70,-51:44:49.0,1.5340081422,5e-10,748.0,10.0
943,J1614-5402,243.709917,-54.046389,16:14:50.38,-54:02:47.0,0.57259227192,6e-11,300.0,4.0
944,J1615-2940,243.970125,-29.671111,16:15:52.83,-29:40:16.0,2.47756787384,5e-11,44.79,0.1
945,J1615-5444,243.754958,-54.742333,16:15:01.19,-54:44:32.4,0.360957675308,4e-12,312.6,0.5
946,J1615-5537,243.918458,-55.616806,16:15:40.43,-55:37:00.5,0.79152571562,2e-11,124.48,0.08
947,J1616-5017,244.124542,-50.287472,16:16:29.89,-50:17:14.9,0.49138412183,1.3e-11,194.0,4.0
948,J1616-5109,244.12875,-51.154722,16:16:30.90,-51:09:17.0,1.2195938825,8e-10,1160.0,20.0
949,J1616-5208,244.0975,-52.146667,16:16:23.40,-52:08:48.0,1.0258308926,4e-10,488.0,3.0
950,J1617-4216,244.347417,-42.283056,16:17:23.38,-42:16:59.0,3.42846630955,1.3e-10,163.6,0.5
951,J1617-4608,244.39625,-46.143472,16:17:35.10,-46:08:36.5,0.567080221721,1e-11,321.5,1.0
952,J1617-5055,244.372083,-50.920333,16:17:29.30,-50:55:13.2,0.069356847,3e-09,467.0,5.0
953,J1618-39,244.625,-39.316667,16:18:30.00,-39:19:00.0,0.011987313,5e-09,117.5,0.4
954,J1618-4723,244.528333,-47.388639,16:18:06.80,-47:23:19.1,0.20355287786,5e-11,134.7,0.3
955,J1619-42,244.775,-42.033333,16:19:06.00,-42:02:00.0,1.023152,4e-06,172.0,6.9
956,J1620-4927,245.173,-49.460306,16:20:41.52,-49:27:37.1,0.1719346524466,1.5e-12,260000.0,8.1e+34
957,J1620-5414,245.060167,-54.247694,16:20:14.44,-54:14:51.7,1.15636028782,9e-11,71.0,8.0
958,J1621-5039,245.269625,-50.6635,16:21:04.71,-50:39:48.6,1.08401994353,1.6e-10,261.0,3.0
959,J1621-5243,245.4825,-52.728889,16:21:55.80,-52:43:44.0,0.37192413884,6e-11,363.0,4.0
960,J1622-3751,245.519083,-37.853861,16:22:04.58,-37:51:13.9,0.7314627228,5e-10,153.8,0.5
961,J1622-4332,245.689458,-43.541167,16:22:45.47,-43:32:28.2,0.91693752262,2e-11,230.68,0.02
962,J1622-4347,245.62525,-43.789278,16:22:30.06,-43:47:21.4,0.45768147104,9e-12,177.0,3.0
963,J1622-4802,245.696625,-48.036972,16:22:47.19,-48:02:13.1,0.26507223569,3e-11,364.3,1.0
964,J1622-4845,245.522708,-48.774722,16:22:05.45,-48:46:29.0,0.73509164794,8e-11,292.0,7.0
965,J1622-4944,245.65625,-49.741667,16:22:37.50,-49:44:30.0,1.0729678942,3e-10,755.0,4.0
966,J1622-4950,245.686667,-49.848444,16:22:44.80,-49:50:54.4,4.3261,0.0001,820.0,30.0
967,J1622-6617,245.515292,-66.288056,16:22:03.67,-66:17:17.0,0.02362344473939,1.2e-14,88.024,0.009
968,J1623-0841,245.927917,-8.693444,16:23:42.70,-08:41:36.4,0.503014997755,1.4e-11,60.42,0.04
969,J1623-0908,245.823667,-9.147,16:23:17.68,-09:08:49.2,1.2764458195155,1.7e-12,68.183,0.01
970,J1623-2631,245.90925,-26.531611,16:23:38.22,-26:31:53.8,0.0110757509142,1.8e-15,62.8633,0.0005
971,J1623-4256,245.951417,-42.947778,16:23:48.34,-42:56:52.0,0.3645903553,4e-10,295.0,5.0
972,J1623-4949,245.978333,-49.817778,16:23:54.80,-49:49:04.0,0.7257321554,9e-11,183.3,1.0
973,J1624-4411,246.089,-44.192722,16:24:21.36,-44:11:33.8,0.23316407639,4e-12,139.4,1.0
974,J1624-4613,246.077917,-46.217222,16:24:18.70,-46:13:02.0,0.8712426056,4e-10,224.2,2.0
975,J1624-4721,246.228708,-47.3575,16:24:54.89,-47:21:27.0,0.44872324857,7e-11,364.0,5.0
976,J1625-4048,246.293042,-40.805972,16:25:10.33,-40:48:21.5,2.3552781933,2e-10,145.0,6.0
977,J1625-4904,246.325208,-49.076,16:25:18.05,-49:04:33.6,0.46033949229,7e-11,684.8,2.0
978,J1625-4913,246.318375,-49.229056,16:25:16.41,-49:13:44.6,0.35585626277,5e-11,720.0,1.0
979,J1626-44,246.75,-44.366667,16:27:00.00,-44:22:00.0,0.3083536,5e-07,269.2,7.65
980,J1626-4537,246.704083,-45.623778,16:26:48.98,-45:37:25.6,0.370141128114,9e-12,237.0,0.7
981,J1626-4807,246.677083,-48.131667,16:26:42.50,-48:07:54.0,0.29392818864,7e-11,817.0,6.0
982,J1626-6621,246.528542,-66.35425,16:26:06.85,-66:21:15.3,0.45086776633,1e-11,84.11,0.05
983,J1627+1419,246.828167,14.322417,16:27:18.76,+14:19:20.7,0.490856730096,2e-12,33.8,0.6
984,J1627-4706,246.869792,-47.113944,16:27:28.75,-47:06:50.2,0.140745806053,6e-12,456.1,2.0
985,J1627-4845,246.793083,-48.752222,16:27:10.34,-48:45:08.0,0.612330650088,9e-12,557.8,0.7
986,J1627-49,246.925,-49.9,16:27:42.00,-49:54:00.0,0.623678,3e-06,594.0,20.0
987,J1627-51,246.875,-51.133333,16:27:30.00,-51:08:00.0,0.439684,5e-07,201.0,4.0
988,J1627-5547,246.837833,-55.797889,16:27:21.08,-55:47:52.4,0.3524642132,7e-11,166.2,0.9
989,J1627-5936,246.969125,-59.615361,16:27:52.59,-59:36:55.3,0.35423394051,6e-11,99.3,0.2
990,J1627+86,246.75,86.9,16:27:00.00,+86:54:00.0,0.395785,8.7e-06,46.0,1.0
991,J1628-3205,247.029167,-32.096917,16:28:07.00,-32:05:48.9,0.00321,42.1,1.54,1.54
992,J1628-4804,247.111792,-48.083056,16:28:26.83,-48:04:59.0,0.8659709627,1.2e-10,952.0,3.0
993,J1628-4828,247.12875,-48.478333,16:28:30.90,-48:28:42.0,4.1375385239,1.6e-09,1209.0,20.0
994,J1629-3636,247.399208,-36.603611,16:29:35.81,-36:36:13.0,2.988192686,9e-09,101.0,1.0
995,J1629+43,247.25,43.983333,16:29:00.00,+43:59:00.0,0.1811729,1.6e-06,7.3,0.8
996,J1629-6902,247.286542,-69.045917,16:29:08.77,-69:02:45.3,0.00600060344322,1.9e-15,29.49,0.003
997,J1630+37,247.5,37.0,16:30:00.00,+37:00:00.0,0.00332,14.1,0.85,0.85
998,J1630-4719,247.510292,-47.328333,16:30:02.47,-47:19:42.0,0.55907133302,4e-11,489.6,2.0
999,J1630-4733,247.656125,-47.551389,16:30:37.47,-47:33:05.0,0.57597141155,2e-11,498.0,5.0
1000,J1631-1612,247.968625,-16.214444,16:31:52.47,-16:12:52.0,0.67768391249,4e-11,33.77,0.02
1001,J1631-4155,247.826375,-41.917694,16:31:18.33,-41:55:03.7,0.55124125377,4e-11,235.0,4.0
1002,J1632-1013,248.225833,-10.221667,16:32:54.20,-10:13:18.0,0.71763732795,2e-11,89.9,0.2
1003,J1632-4509,248.058333,-45.1525,16:32:14.00,-45:09:09.0,1.0468098769,4e-10,412.0,4.0
1004,J1632-4621,248.207542,-46.3635,16:32:49.81,-46:21:48.6,1.70915449528,4e-11,562.9,0.8
1005,J1632-4757,248.069667,-47.959528,16:32:16.72,-47:57:34.3,0.228564097816,1e-11,578.0,3.0
1006,J1632-4818,248.165583,-48.314611,16:32:39.74,-48:18:52.6,0.81345283358,7e-11,758.0,5.0
1007,J1633-2009,248.480417,-20.169167,16:33:55.30,-20:10:09.0,0.93555704483,6e-11,48.19,0.06
1008,J1633-4453,248.446042,-44.8855,16:33:47.05,-44:53:07.8,0.436506697158,4e-12,474.1,0.3
1009,J1633-4805,248.2725,-48.093333,16:33:05.40,-48:05:36.0,0.7108300788,1.6e-10,1120.0,9.0
1010,J1633-5015,248.250417,-50.25225,16:33:00.10,-50:15:08.1,0.352142380018,3e-12,398.41,0.08
1011,J1634-49,248.625,-49.866667,16:34:30.00,-49:52:00.0,0.68493649236,2e-11,649.0,10.0
1012,J1634-5107,248.520792,-51.129333,16:34:04.99,-51:07:45.6,0.507356002674,1.3e-11,372.8,2.0
1013,J1634-5640,248.579875,-56.680194,16:34:19.17,-56:40:48.7,0.22420119106,8e-11,148.0,0.1
1014,J1635-1511,248.947333,-15.197778,16:35:47.36,-15:11:52.0,1.17938703902,8e-11,54.0,8.0
1015,J1635+2418,248.857417,24.313139,16:35:25.78,+24:18:47.3,0.4905065128003,1.7e-12,24.32,0.04
1016,J1635-26,248.966667,-26.271389,16:35:52.00,-26:16:17.0,0.5105,100.0,7.23,7.23
1017,J1635-4513,248.980833,-45.224167,16:35:55.40,-45:13:27.0,1.5947455499,8e-10,416.0,5.0
1018,J1635-4735,248.966,-47.589806,16:35:51.84,-47:35:23.3,2.594578,6e-06,,
1019,J1635-4944,248.980833,-49.743333,16:35:55.40,-49:44:36.0,0.67196419932,9e-11,474.0,6.0
1020,J1635-5954,248.787833,-59.911389,16:35:09.08,-59:54:41.0,0.52912125685,1.1e-10,134.9,1.0
1021,J1636-4440,249.068875,-44.673611,16:36:16.53,-44:40:25.0,0.20664850874,3e-11,449.0,1.0
1022,J1636-4803,249.133333,-48.065278,16:36:32.00,-48:03:55.0,1.2046438889,3e-10,503.0,7.0
1023,J1636-4933,249.229792,-49.552778,16:36:55.15,-49:33:10.0,0.430366558,4e-11,542.7,2.0
1024,J1637-4335,249.486667,-43.595,16:37:56.80,-43:35:42.0,0.77136654042,1.8e-10,608.0,8.0
1025,J1637-4450,249.471458,-44.840639,16:37:53.15,-44:50:26.3,0.252869846841,2e-11,470.7,0.8
1026,J1637-4553,249.494625,-45.890917,16:37:58.71,-45:53:27.3,0.1187713928329,5e-13,193.23,0.07
1027,J1637-46,249.4,-46.216667,16:37:36.00,-46:13:00.0,0.493091,2e-06,660.4,8.16
1028,J1637-4642,249.307375,-46.704167,16:37:13.77,-46:42:15.0,0.154027427712,1e-11,417.0,1.0
1029,J1637-4721,249.2975,-47.350833,16:37:11.40,-47:21:03.0,1.1657413866,2e-10,448.0,7.0
1030,J1637-4816,249.4945,-48.27,16:37:58.68,-48:16:12.0,0.8373653018,3e-10,738.0,2.0
1031,J1638-3815,249.655625,-38.250944,16:38:37.35,-38:15:03.4,0.69826060054,2e-10,238.0,1.0
1032,J1638-3951,249.564833,-39.866389,16:38:15.56,-39:51:59.0,0.77113024025,8e-11,249.0,4.0
1033,J1638-42,249.629167,-42.565556,16:38:31.00,-42:33:56.0,0.5109,410.0,15.99,15.99
1034,J1638-4344,249.720333,-43.734444,16:38:52.88,-43:44:04.0,1.12194419355,7e-11,237.0,3.0
1035,J1638-44,249.575,-44.666667,16:38:18.00,-44:40:00.0,0.5680566269,3e-10,494.0,5.0
1036,J1638-4417,249.692583,-44.284333,16:38:46.22,-44:17:03.6,0.1178015507206,9e-13,436.0,0.7
1037,J1638-4608,249.59575,-46.136556,16:38:22.98,-46:08:11.6,0.27813728728,6e-12,424.3,0.8
1038,J1638-4725,249.553917,-47.425556,16:38:12.94,-47:25:32.0,0.7639335,3e-07,552.1,1.0
1039,J1638-5226,249.749833,-52.449278,16:38:59.96,-52:26:57.4,0.340502709437,6e-12,170.1,2.0
1040,J1639-4359,249.778542,-43.997778,16:39:06.85,-43:59:52.0,0.58755897769,4e-11,258.9,2.0
1041,J1639-4604,249.838333,-46.075861,16:39:21.20,-46:04:33.1,0.529115851204,8e-12,258.91,0.04
1042,J1640+2224,250.06975,22.402444,16:40:16.74,+22:24:08.8,0.00316331581791,2e-17,18.426,0.0008
1043,J1640-4631,250.181333,-46.5265,16:40:43.52,-46:31:35.4,0.206443048,1.8e-09,12.75,3350.0
1044,J1640-4648,250.198417,-46.8125,16:40:47.62,-46:48:45.0,0.178352043293,1.3e-11,474.0,3.0
1045,J1640-4715,250.054958,-47.259806,16:40:13.19,-47:15:35.3,0.51740483467,2e-11,591.7,0.8
1046,J1640-4951,250.1815,-49.850583,16:40:43.56,-49:51:02.1,0.73909894649,3e-11,411.4,2.0
1047,J1641-2347,250.325167,-23.793333,16:41:18.04,-23:47:36.0,1.091008429855,1.6e-11,27.7,0.3
1048,J1641+3627A,250.420333,36.454278,16:41:40.88,+36:27:15.4,0.010377509452,6e-13,30.36,0.04
1049,J1641+3627B,250.420833,36.460278,16:41:41.00,+36:27:37.0,0.003528072,5e-09,29.5,2.0
1050,J1641+3627C,250.420833,36.460278,16:41:41.00,+36:27:37.0,0.003722,1e-06,30.1,0.1
1051,J1641+3627D,250.420833,36.460278,16:41:41.00,+36:27:37.0,0.003118,1e-06,30.6,0.1
1052,J1641+3627E,250.420833,36.460278,16:41:41.00,+36:27:37.0,0.002487,1e-06,30.3,0.1
1053,J1643-1224,250.909,-12.416306,16:43:38.16,-12:24:58.7,1.27,0.19,0.00462164152494,2e-16
1054,J1643-4505,250.904042,-45.096111,16:43:36.97,-45:05:46.0,0.237383081875,1.7e-11,484.0,3.0
1055,J1643-4522,250.835,-45.366944,16:43:20.40,-45:22:01.0,1.3478994729,1.1e-10,482.0,4.0
1056,J1643-4550,250.806333,-45.848472,16:43:13.52,-45:50:54.5,0.717508089981,1.6e-11,450.8,2.0
1057,J1644-44,251.15,-44.166667,16:44:36.00,-44:10:00.0,0.1739106,2e-07,535.1,7.65
1058,J1644-4559,251.205333,-45.985972,16:44:49.28,-45:59:09.5,0.455059775403,1e-11,478.8,0.8
1059,J1644-46,251.025,-46.433333,16:44:06.00,-46:26:00.0,0.2509406,1e-07,405.8,5.68
1060,J1644-4657,251.160417,-46.960556,16:44:38.50,-46:57:38.0,0.12596223249,4e-11,718.0,6.0
1061,J1645-0317,251.2585,-3.299528,16:45:02.04,-03:17:58.3,0.387689698034,7e-12,35.7555,0.0008
1062,J1645+1012,251.393417,10.204444,16:45:34.42,+10:12:16.0,0.410860719379,1e-12,36.3,0.6
1063,J1646-2142,251.575542,-21.7025,16:46:18.13,-21:42:09.0,0.00585,29.8,1.41,1.41
1064,J1646-4308,251.730417,-43.135278,16:46:55.30,-43:08:07.0,0.8406799814,3e-10,595.0,20.0
1065,J1646-4346,251.71375,-43.777222,16:46:51.30,-43:46:38.0,0.2316033293,9e-11,490.4,0.3
1066,J1646-5123,251.651458,-51.387389,16:46:36.35,-51:23:14.6,0.53007520741,2e-11,279.0,3.0
1067,J1646-6831,251.728333,-68.530833,16:46:54.80,-68:31:51.0,1.7856112396,6e-10,43.0,2.0
1068,J1647-3607,251.943792,-36.117778,16:47:46.51,-36:07:04.0,0.21231640921,5e-11,224.0,1.0
1069,J1647-4552,251.7925,-45.871333,16:47:10.20,-45:52:16.8,10.61065628,1.3e-07,202000.0,2.8e+31
1070,J1647+66,252.0,66.066667,16:48:00.00,+66:04:00.0,1.599819,5e-05,23.0,2.0
1071,J1648-3256,252.025292,-32.944667,16:48:06.07,-32:56:40.8,0.719454779443,2e-12,128.278,0.006
1072,J1648-4458,252.054167,-44.973889,16:48:13.00,-44:58:26.0,0.62963153567,8e-11,925.0,6.0
1073,J1648-4611,252.09175,-46.187778,16:48:22.02,-46:11:16.0,0.164949668359,9e-12,392.9,2.0
1074,J1648-6044,252.213458,-60.740417,16:48:51.23,-60:44:25.5,0.58376499689,5e-11,106.2,0.1
1075,J1649+2533,252.434292,25.551944,16:49:44.23,+25:33:07.0,1.0152573918,5e-10,35.5,0.9
1076,J1649-3805,252.450917,-38.09975,16:49:48.22,-38:05:59.1,0.262025692969,7e-12,213.8,0.5
1077,J1649-3935,252.277833,-39.595611,16:49:06.68,-39:35:44.2,0.770909760511,1.4e-11,290.0,7.0
1078,J1649-4349,252.335083,-43.822833,16:49:20.42,-43:49:22.2,0.87071155949,7e-11,398.6,1.0
1079,J1649-4653,252.352083,-46.885833,16:49:24.50,-46:53:09.0,0.55701875796,1e-10,332.0,4.0
1080,J1649-4729,252.326125,-47.498056,16:49:18.27,-47:29:53.0,0.29769219971,5e-11,540.2,2.0
1081,J1649-5553,252.379583,-55.894444,16:49:31.10,-55:53:40.0,0.61357070436,7e-11,180.4,1.0
1082,J1649+80,252.5,80.75,16:50:00.00,+80:45:00.0,0.0020210978,1.3e-09,31.09,0.04
1083,J1650-1654,252.613333,-16.911111,16:50:27.20,-16:54:40.0,1.7495517461,4e-11,43.25,0.1
1084,J1650-4126,252.554875,-41.442722,16:50:13.17,-41:26:33.8,0.308917678787,3e-12,251.5,0.5
1085,J1650-4341,252.686167,-43.691889,16:50:44.68,-43:41:30.8,0.309398365719,4e-12,673.0,4.0
1086,J1650-4502,252.634583,-45.043694,16:50:32.30,-45:02:37.3,0.38086979928,5e-11,319.7,0.8
1087,J1650-4921,252.64625,-49.351083,16:50:35.10,-49:21:03.9,0.1563993674972,1e-12,229.9,0.5
1088,J1651-1709,252.882292,-17.156111,16:51:31.75,-17:09:22.0,0.973393691872,5e-12,33.46,0.06
1089,J1651-4246,252.953292,-42.769722,16:51:48.79,-42:46:11.0,0.84408066596,9e-11,482.0,3.0
1090,J1651-4519,252.988333,-45.319722,16:51:57.20,-45:19:11.0,0.51744320409,1.9e-10,562.0,6.0
1091,J1651-5222,252.929042,-52.382833,16:51:42.97,-52:22:58.2,0.63505597647,1.2e-10,179.1,0.6
1092,J1651-5255,252.921667,-52.93,16:51:41.20,-52:55:48.0,0.8905339578,4e-10,164.0,2.0
1093,J1651-7642,252.782792,-76.710972,16:51:07.87,-76:42:39.5,1.75531107981,1.8e-10,80.0,10.0
1094,J1652-1400,253.0695,-14.007611,16:52:16.68,-14:00:27.4,0.305447058241,3e-12,49.5,1.0
1095,J1652-2404,253.243833,-24.064167,16:52:58.52,-24:03:51.0,1.703739137858,5e-12,68.41,0.03
1096,J1652+2651,253.012792,26.861222,16:52:03.07,+26:51:40.4,0.9158034972,5e-11,40.8,0.2
1097,J1652-4406,253.247917,-44.101389,16:52:59.50,-44:06:05.0,7.707183007,4e-09,786.0,10.0
1098,J1652-48,253.225,-48.75,16:52:54.00,-48:45:00.0,0.0037851238,4e-10,187.8,4.79
1099,J1653-2054,253.379292,-20.915306,16:53:31.03,-20:54:55.1,0.00412914528456,2e-15,56.56,0.02
1100,J1653-3838,253.415833,-38.639111,16:53:39.80,-38:38:20.8,0.305037318882,3e-12,207.2,0.2
1101,J1653-4030,253.392625,-40.500389,16:53:34.23,-40:30:01.4,1.01937155664,1.6e-10,425.0,8.0
1102,J1653-4249,253.417583,-42.817583,16:53:40.22,-42:49:03.3,0.61255824122,5e-11,416.1,1.0
1103,J1653-4315,253.37375,-43.250278,16:53:29.70,-43:15:01.0,0.41927974137,9e-11,337.0,6.0
1104,J1653-4854,253.48625,-48.914167,16:53:56.70,-48:54:51.0,3.0595096022,5e-10,354.0,6.0
1105,J1654-23,253.5125,-23.583333,16:54:03.00,-23:35:00.0,0.54535972,3e-08,74.5,2.0
1106,J1654-2713,253.598417,-27.217222,16:54:23.62,-27:13:02.0,0.791822441873,1.9e-11,92.31,0.1
1107,J1654-3710,253.685125,-37.182528,16:54:44.43,-37:10:57.1,0.93916547876,3e-11,302.0,1.0
1108,J1654-4140,253.597917,-41.673333,16:54:23.50,-41:40:24.0,1.27394512577,1.2e-10,307.0,3.0
1109,J1654-4245,253.592,-42.760833,16:54:22.08,-42:45:39.0,1.1015546927,7e-10,950.0,1.0
1110,J1655-3048,253.852208,-30.811667,16:55:24.53,-30:48:42.0,0.542935874228,9e-12,154.3,0.3
1111,J1655-3844,253.911083,-38.735833,16:55:38.66,-38:44:09.0,1.19343919921,1.4e-10,365.0,10.0
1112,J1656-3621,254.137292,-36.366583,16:56:32.95,-36:21:59.7,0.730133707454,1.6e-11,229.0,3.0
1113,J1657-4432,254.403042,-44.538889,16:57:36.73,-44:32:20.0,0.60960714201,4e-11,375.3,2.0
1114,J1658-4306,254.569167,-43.113889,16:58:16.60,-43:06:50.0,1.1664490044,5e-10,845.0,10.0
1115,J1658-47,254.6,-47.2,16:58:24.00,-47:12:00.0,0.3693649,1.4e-06,533.0,5.0
1116,J1658-4958,254.728833,-49.982889,16:58:54.92,-49:58:58.4,0.416873770089,1.1e-11,193.4,1.0
1117,J1658-5324,254.663917,-53.401944,16:58:39.34,-53:24:07.0,0.0024392959098,3e-16,30.81,0.03
1118,J1659-1305,254.971167,-13.085833,16:59:53.08,-13:05:09.0,0.640958200232,5e-12,60.37,0.07
1119,J1659-4316,254.984917,-43.268333,16:59:56.38,-43:16:06.0,0.47438143461,3e-11,640.9,2.0
1120,J1659-4439,254.914333,-44.650278,16:59:39.44,-44:39:01.0,0.353293033439,1.5e-11,535.0,3.0
1121,J1700-3312,255.22075,-33.212917,17:00:52.98,-33:12:46.5,1.358307010526,1e-11,166.97,0.09
1122,J1700-3611,255.2055,-36.198056,17:00:49.32,-36:11:53.0,1.49409061528,1.6e-10,232.7,1.0
1123,J1700-3919,255.092792,-39.316667,17:00:22.27,-39:19:00.0,0.560503533065,1.6e-11,354.3,2.0
1124,J1700-4012,255.160625,-40.210722,17:00:38.55,-40:12:38.6,0.283791853785,1.1e-11,385.0,4.0
1125,J1700-4422,255.223625,-44.374167,17:00:53.67,-44:22:27.0,0.7555354095,3e-10,410.0,9.0
1126,J1700-4939,255.094,-49.654167,17:00:22.56,-49:39:15.0,0.57836343922,4e-11,278.0,3.0
1127,J1701-3006A,255.302125,-30.108389,17:01:12.51,-30:06:30.2,0.0052415662038,2.9e-15,114.9654,0.008
1128,J1701-3006B,255.302792,-30.113611,17:01:12.67,-30:06:49.0,0.00359385212705,3.4e-15,115.21,0.4
1129,J1701-3006C,255.303625,-30.1165,17:01:12.87,-30:06:59.4,0.00761284871114,6.8e-15,114.5619,0.007
1130,J1701-3006D,255.3065,-30.111833,17:01:13.56,-30:06:42.6,0.00341777044505,1.7e-15,114.224,0.01
1131,J1701-3006E,255.305292,-30.113028,17:01:13.27,-30:06:46.9,0.00323373733312,6.5e-15,113.792,0.02
1132,J1701-3006F,255.303417,-30.114389,17:01:12.82,-30:06:51.8,0.00229472708067,2.9e-15,113.291,0.03
1133,J1701-3130,255.431292,-31.510194,17:01:43.51,-31:30:36.7,0.2913414710251,1.2e-12,130.73,0.06
1134,J1701-3726,255.32725,-37.440278,17:01:18.54,-37:26:25.0,2.4546091591,2e-10,303.4,0.5
1135,J1701-4533,255.371458,-45.563528,17:01:29.15,-45:33:48.7,0.322908566781,3e-12,526.0,0.6
1136,J1701-4958,255.303458,-49.975833,17:01:12.83,-49:58:33.0,0.80430423739,1.2e-10,230.0,5.0
1137,J1702-3932,255.559833,-39.544444,17:02:14.36,-39:32:40.0,0.390327976785,1.9e-11,530.0,4.0
1138,J1702-4128,255.718833,-41.480056,17:02:52.52,-41:28:48.2,0.182135802939,6e-12,367.1,0.7
1139,J1702-4217,255.651833,-42.283667,17:02:36.44,-42:17:01.2,0.227564958458,7e-12,629.0,5.0
1140,J1702-4306,255.613708,-43.112222,17:02:27.29,-43:06:44.0,0.215507334229,9e-12,537.0,1.0
1141,J1702-4310,255.61225,-43.177778,17:02:26.94,-43:10:40.0,0.24052386477,4e-11,377.0,3.0
1142,J1702-4428,255.719167,-44.4675,17:02:52.60,-44:28:03.0,2.1235057036,6e-10,395.0,8.0
1143,J1703-1846,255.962875,-18.771056,17:03:51.09,-18:46:15.8,0.8043410792712,1.2e-12,49.551,0.01
1144,J1703-3241,255.843917,-32.696667,17:03:22.54,-32:41:48.0,1.211785094647,3e-12,110.306,0.01
1145,J1703-38,255.858333,-38.2,17:03:26.00,-38:12:00.0,6.443,0.001,375.0,10.0
1146,J1703-4442,255.835792,-44.711667,17:03:20.59,-44:42:42.0,1.74729348943,1e-10,280.2,2.0
1147,J1703-4851,255.976667,-48.8655,17:03:54.40,-48:51:55.8,1.39640107763,5e-11,150.29,0.03
1148,J1704-6016,256.061667,-60.281667,17:04:14.80,-60:16:54.0,0.3063230254,5e-10,54.0,5.0
1149,J1705-04,256.25,-4.683333,17:05:00.00,-04:41:00.0,0.23748,2e-05,42.951,0.009
1150,J1705-1906,256.400417,-19.110722,17:05:36.10,-19:06:38.6,0.2989874273426,1.7e-12,22.907,0.003
1151,J1705-3423,256.4265,-34.395889,17:05:42.36,-34:23:45.2,0.255426483601,7e-12,146.36,0.1
1152,J1705-3936,256.404583,-39.608056,17:05:37.10,-39:36:29.0,0.8544816637,3e-10,598.0,5.0
1153,J1705-3950,256.374333,-39.849722,17:05:29.84,-39:50:59.0,0.318941483436,1.4e-11,207.1,1.0
1154,J1705-4108,256.335,-41.145556,17:05:20.40,-41:08:44.0,0.8610674067,3e-10,1077.0,6.0
1155,J1705-4331,256.399625,-43.520444,17:05:35.91,-43:31:13.6,0.22256110261,2e-11,185.24,0.05
1156,J1705-52,256.458333,-52.604722,17:05:50.00,-52:36:17.0,0.2307,170.0,8.99,8.99
1157,J1705-6135,256.31375,-61.5875,17:05:15.30,-61:35:15.0,0.808546089,1e-09,94.0,7.0
1158,J1706-3839,256.58875,-38.664167,17:06:21.30,-38:39:51.0,0.58628740134,1.8e-10,626.0,7.0
1159,J1706-4310,256.518792,-43.1725,17:06:04.51,-43:10:21.0,0.6169790441,5e-10,656.1,2.0
1160,J1706+59,256.75,59.166667,17:07:00.00,+59:10:00.0,1.476687,5.8e-05,31.0,2.0
1161,J1706-6118,256.540792,-61.30325,17:06:09.79,-61:18:11.7,0.3619213249276,1.5e-12,76.13,0.06
1162,J1707-4053,256.840542,-40.898917,17:07:21.73,-40:53:56.1,0.58101670786,1.8e-11,360.0,0.2
1163,J1707-4341,256.917125,-43.686667,17:07:40.11,-43:41:12.0,0.89059449625,3e-11,398.2,0.8
1164,J1707-4417,256.922542,-44.288611,17:07:41.41,-44:17:19.0,5.763777003,4e-10,380.0,10.0
1165,J1707-4729,256.814792,-47.492917,17:07:15.55,-47:29:34.5,0.26647363743,3e-11,268.3,0.4
1166,J1708-3426,257.24075,-34.445556,17:08:57.78,-34:26:44.0,0.69211324652,1e-11,190.7,0.3
1167,J1708-3506,257.073417,-35.106278,17:08:17.62,-35:06:22.6,0.00450515894846,7e-16,146.732,0.002
1168,J1708-3641,257.149625,-36.689306,17:08:35.91,-36:41:21.5,0.587566793839,1.4e-11,316.0,3.0
1169,J1708-3827,257.06875,-38.46,17:08:16.50,-38:27:36.0,1.225781996,7e-10,788.0,3.0
1170,J1708-4008,257.195292,-40.147889,17:08:46.87,-40:08:52.4,11.0062624,7e-07,3.8,8900.0
1171,J1708-4522,257.053833,-45.380833,17:08:12.92,-45:22:51.0,1.29783683782,7e-11,454.0,3.0
1172,J1708-52,,,17:08:00.00,+0.44962000000000:bcm+15:102.600000,3.3,3.3,,
1173,J1708-7539,257.010417,-75.656389,17:08:02.50,-75:39:23.0,1.1910239966,8e-10,37.0,5.0
1174,J1709-1640,257.360167,-16.682694,17:09:26.44,-16:40:57.7,0.65305397126,4e-11,24.891,0.001
1175,J1709+2313,257.274125,23.224389,17:09:05.79,+23:13:27.8,0.00463119627784,2e-16,25.3474,0.0002
1176,J1709-3626,257.438125,-36.434333,17:09:45.15,-36:26:03.6,0.447857060325,1.1e-11,393.6,1.0
1177,J1709-3841,257.316625,-38.688056,17:09:15.99,-38:41:17.0,0.58698616319,1.8e-10,356.0,3.0
1178,J1709-43,257.445833,-43.911944,17:09:47.00,-43:54:43.0,228.0,20.0,4.98,4.98
1179,J1709-4342,257.37875,-43.703889,17:09:30.90,-43:42:14.0,1.735898235,1e-08,281.0,10.0
1180,J1709-4401,257.422458,-44.019778,17:09:41.39,-44:01:11.2,0.8652353343,7e-10,225.8,0.4
1181,J1709-4429,257.428042,-44.485611,17:09:42.73,-44:29:08.2,0.102459245929,8e-12,75.69,0.05
1182,J1710-2616,257.520417,-26.276389,17:10:04.90,-26:16:35.0,0.954158007,1e-09,111.0,1.0
1183,J1710-37,257.625,-37.5,17:10:30.00,-37:30:00.0,0.79265922183,3e-11,346.0,20.0
1184,J1710-4148,257.598958,-41.805278,17:10:23.75,-41:48:19.0,0.286561228631,1.5e-11,461.0,3.0
1185,J1710+49,257.620833,49.333333,17:10:29.00,+49:20:00.0,0.0032202231,2.1e-09,7.09,0.08
1186,J1711-1509,257.979417,-15.161028,17:11:55.06,-15:09:39.7,0.868804249026,4e-12,59.88,0.03
1187,J1711-3826,257.935208,-38.437222,17:11:44.45,-38:26:14.0,0.46536464559,7e-11,376.0,7.0
1188,J1711-4322,257.794,-43.381417,17:11:10.56,-43:22:53.1,0.1026182883472,6e-13,191.5,0.7
1189,J1711-5350,257.971333,-53.837778,17:11:53.12,-53:50:16.0,0.8992177993,1.7e-10,106.1,0.7
1190,J1712-2715,258.048792,-27.264722,17:12:11.71,-27:15:53.0,0.255359660118,3e-12,92.64,0.1
1191,J1712-391,258.145833,-39.716667,17:12:35.00,-39:43:00.0,0.778149,1e-06,525.0,3.0
1192,J1712-392,258.145833,-39.716667,17:12:35.00,-39:43:00.0,0.0925277,1e-07,713.0,3.0
1193,J1713+0747,258.456375,7.79375,17:13:49.53,+07:47:37.5,0.85,0.03,0.00457013652636,1.1e-17
1194,J1713-3844,258.259583,-38.741389,17:13:02.30,-38:44:29.0,1.6001140423,3e-10,544.0,5.0
1195,J1713-3949,258.366667,-39.816667,17:13:28.00,-39:49:00.0,0.3924514,5e-07,342.0,2.0
1196,J1714-1054,258.667167,-10.903028,17:14:40.12,-10:54:10.9,0.696278743075,9e-12,51.0,3.0
1197,J1714-3810,258.523917,-38.17525,17:14:05.74,-38:10:30.9,3.824936,1.7e-05,13.2,1030.0
1198,J1715-3247,258.84775,-32.791667,17:15:23.46,-32:47:30.0,1.26021405926,8e-11,164.0,3.0
1199,J1715-3700,258.790208,-37.001111,17:15:09.65,-37:00:04.0,0.779628114,4e-10,449.0,10.0
1200,J1715-3859,258.907875,-38.990306,17:15:37.89,-38:59:25.1,0.92810750775,3e-11,817.0,5.0
1201,J1715-3903,258.809583,-39.050556,17:15:14.30,-39:03:02.0,0.27848105467,3e-11,313.1,2.0
1202,J1715-4034,258.920792,-40.572778,17:15:40.99,-40:34:22.0,2.0721529918,3e-10,254.0,7.0
1203,J1715-4254,258.793917,-42.915,17:15:10.54,-42:54:54.0,0.57374535892,7e-11,407.0,9.0
1204,J1716-3720,259.047333,-37.345556,17:16:11.36,-37:20:44.0,0.63031371285,6e-11,682.7,2.0
1205,J1716-4005,259.17525,-40.090833,17:16:42.06,-40:05:27.0,0.31181276456,4e-11,435.0,3.0
1206,J1716-4111,259.184625,-41.185972,17:16:44.31,-41:11:09.5,1.03606727254,3e-11,245.8,0.5
1207,J1716-4711,259.004625,-47.183583,17:16:01.11,-47:11:00.9,0.55582421598,6e-11,287.06,0.06
1208,J1717-3425,259.334333,-34.416556,17:17:20.24,-34:24:59.6,0.65629923146,7e-11,587.7,0.7
1209,J1717-3737,259.3165,-37.626667,17:17:15.96,-37:37:36.0,0.68241862653,3e-11,525.8,1.0
1210,J1717-3847,259.326667,-38.784167,17:17:18.40,-38:47:03.0,1.1494989184,6e-10,707.0,6.0
1211,J1717-3953,259.356458,-39.898611,17:17:25.55,-39:53:55.0,1.08552061541,1.8e-10,466.0,8.0
1212,J1717-4043,259.449625,-40.730556,17:17:47.91,-40:43:50.0,0.39785744656,3e-11,452.6,1.0
1213,J1717-40435,259.258333,-40.725278,17:17:02.00,-40:43:31.0,0.34992850807,1e-10,539.0,5.0
1214,J1717-4054,259.467583,-41.054722,17:17:52.22,-41:03:17.0,0.88771864319,3e-11,306.9,0.1
1215,J1717-5800,259.398542,-58.0015,17:17:35.65,-58:00:05.4,0.321793346869,6e-12,125.22,0.1
1216,J1718-3714,259.577458,-37.237778,17:18:18.59,-37:14:16.0,1.2893787775,3e-10,833.0,20.0
1217,J1718-3718,259.541667,-37.314722,17:18:10.00,-37:18:53.0,3.3785742533,4e-10,371.1,2.0
1218,J1718-3825,259.556542,-38.421694,17:18:13.57,-38:25:18.1,0.0746699205656,4e-13,247.4,0.3
1219,J1718-41,259.55,-41.116667,17:18:12.00,-41:07:00.0,0.5484192,1.2e-06,354.0,7.0
1220,J1718-4539,259.549583,-45.654417,17:18:11.90,-45:39:15.9,0.59047278772,3e-11,254.0,6.0
1221,J1719-1438,259.791958,-14.633583,17:19:10.07,-14:38:00.9,0.00579015177002,5e-16,36.862,0.004
1222,J1719-23,259.904167,-23.485278,17:19:37.00,-23:29:07.0,0.454,110.0,4.08,4.08
1223,J1719-4006,259.757167,-40.116528,17:19:01.72,-40:06:59.5,0.189094492501,2e-12,386.6,0.2
1224,J1719-4302,259.953208,-43.0365,17:19:48.77,-43:02:11.4,0.23547520029,3e-11,297.7,0.6
1225,J1720-0212,260.238625,-2.206639,17:20:57.27,-02:12:23.9,0.477715343692,3e-12,66.98,0.04
1226,J1720-1633,260.105042,-16.559361,17:20:25.21,-16:33:33.7,1.56560114802,3e-11,44.83,0.03
1227,J1720+2150,260.005417,21.836889,17:20:01.30,+21:50:12.8,1.61566378034,7e-11,41.1,0.4
1228,J1720-2446,260.093583,-24.774167,17:20:22.46,-24:46:27.0,0.87426457245,8e-11,103.0,3.0
1229,J1720-2933,260.142167,-29.5545,17:20:34.12,-29:33:16.2,0.6204483653468,1.6e-12,42.64,0.03
1230,J1720-36,260.225,-36.883333,17:20:54.00,-36:53:00.0,0.09213212,3e-08,341.0,1.0
1231,J1720-3659,260.00825,-36.985139,17:20:01.98,-36:59:06.5,0.351124633722,5e-12,381.6,0.5
1232,J1721-1936,260.256167,-19.614167,17:21:01.48,-19:36:51.0,1.0040374567,1.9e-10,75.7,0.3
1233,J1721-1939,260.444208,-19.663611,17:21:46.61,-19:39:49.0,0.40403975128,1.5e-11,103.0,2.0
1234,J1721-2457,260.272917,-24.951778,17:21:05.50,-24:57:06.4,0.0034966337827,1.9e-16,47.758,0.02
1235,J1721-3532,260.386583,-35.547111,17:21:32.78,-35:32:49.6,0.280423858549,6e-12,496.0,0.4
1236,J1722-3207,260.512292,-32.12925,17:22:02.95,-32:07:45.3,0.477157518356,4e-12,126.064,0.008
1237,J1722-3632,260.540917,-36.548139,17:22:09.82,-36:32:53.3,0.399183351758,4e-12,416.2,0.2
1238,J1722-3712,260.746542,-37.201028,17:22:59.17,-37:12:03.7,0.236173191636,4e-12,99.5,0.04
1239,J1722-4400,260.693833,-44.009222,17:22:46.52,-44:00:33.2,0.2185540958272,1.5e-12,219.3,0.5
1240,J1723-2837,260.846625,-28.632556,17:23:23.19,-28:37:57.2,0.00185573279573,1.1e-14,19.688,0.01
1241,J1723-2852,260.9925,-28.880833,17:23:58.20,-28:52:51.0,0.6250339127,1.2e-09,172.0,6.0
1242,J1723-3659,260.781583,-36.987194,17:23:07.58,-36:59:13.9,0.2027219378604,1.7e-12,254.2,0.3
1243,J1723-38,260.75,-38.333333,17:23:00.00,-38:20:00.0,0.76579581473,1e-10,472.0,2.0
1244,J1724-3149,261.186958,-31.817778,17:24:44.87,-31:49:04.0,0.9482369741,9e-11,409.0,4.0
1245,J1724-35,261.179167,-35.816667,17:24:43.00,-35:49:00.0,1.42199,2e-05,554.9,10.0
1246,J1724-3505,261.199542,-35.093333,17:24:47.89,-35:05:36.0,1.2217076921,3e-10,875.0,3.0
1247,J1724-4500,261.1075,-45.004167,17:24:25.80,-45:00:15.0,1.3091087873,3e-10,182.0,3.0
1248,J1725-0732,261.301167,-7.549778,17:25:12.28,-07:32:59.2,0.239919487227,4e-12,58.91,0.07
1249,J1725-2852,261.29125,-28.872778,17:25:09.90,-28:52:22.0,1.257787625,1e-08,161.0,10.0
1250,J1725-3546,261.425833,-35.771111,17:25:42.20,-35:46:16.0,1.0324711993,4e-10,744.0,4.0
1251,J1725-3848,261.250417,-38.81,17:25:00.10,-38:48:36.0,2.0623862583,1.3e-09,230.0,10.0
1252,J1725-3853,261.363625,-38.8845,17:25:27.27,-38:53:04.2,0.004791822704,3e-12,158.2,0.7
1253,J1725-4043,261.422583,-40.719722,17:25:41.42,-40:43:11.0,1.46507137487,9e-11,203.0,3.0
1254,J1726-00,261.595833,-0.25,17:26:23.00,-00:15:00.0,1.3086,57.0,5.49,5.49
1255,J1726-31,261.65,-31.95,17:26:36.00,-31:57:00.0,0.12347018,9e-08,264.4,4.82
1256,J1726-3530,261.531292,-35.499444,17:26:07.51,-35:29:58.0,1.11013244403,5e-11,727.0,7.0
1257,J1726-3635,261.706708,-36.596,17:26:49.61,-36:35:45.6,0.287431567184,1.3e-11,539.2,0.7
1258,J1726-4006,261.639042,-40.100556,17:26:33.37,-40:06:02.0,0.88277826565,1e-10,277.0,3.0
1259,J1727-2739,261.879125,-27.650139,17:27:30.99,-27:39:00.5,1.29309994235,1.6e-10,147.0,4.0
1260,J1727-29,261.829167,-29.983333,17:27:19.00,-29:59:00.0,93.0,10.0,2.39,2.39
1261,J1727-2946,261.812875,-29.776889,17:27:15.09,-29:46:36.8,0.02708318324401,1.2e-15,60.74,0.03
1262,J1728-0007,262.145083,-0.129167,17:28:34.82,-00:07:45.0,0.3860037238349,1.5e-12,41.09,0.03
1263,J1728-3733,262.192708,-37.552222,17:28:46.25,-37:33:08.0,0.61553824309,1.6e-10,281.5,0.7
1264,J1728-4028,262.115333,-40.469444,17:28:27.68,-40:28:10.0,0.866342509,4e-09,231.0,10.0
1265,J1729-2117,262.295042,-21.291111,17:29:10.81,-21:17:28.0,0.0662928992668,4e-13,34.49,0.04
1266,J1730-2304,262.590292,-23.075333,17:30:21.67,-23:04:31.2,1.5,0.3,0.00812279804608,4e-17
1267,J1730-2900,262.5345,-29.012778,17:30:08.28,-29:00:46.0,1.5384267263,3e-10,289.0,5.0
1268,J1730-3350,262.635667,-33.844278,17:30:32.56,-33:50:39.4,0.13946021125,1.8e-11,259.0,5.0
1269,J1730-3353,262.731583,-33.893889,17:30:55.58,-33:53:38.0,3.2702418032,5e-10,256.0,10.0
1270,J1730-34,262.525,-34.8,17:30:06.00,-34:48:00.0,0.09982956,1.5e-07,628.0,5.0
1271,J1731-1847,262.823375,-18.792417,17:31:17.61,-18:47:32.7,0.00234455954689,1.1e-16,106.4711,0.0006
1272,J1731-3123,262.752208,-31.395278,17:31:00.53,-31:23:43.0,0.753047989,3e-11,354.0,3.0
1273,J1731-3322,262.809625,-33.379167,17:31:14.31,-33:22:45.0,0.54467054719,4e-11,877.4,11.98
1274,J1731-4744,262.925417,-47.742944,17:31:42.10,-47:44:34.6,0.82982878524,5e-11,123.33,0.02
1275,J1732-1930,263.083417,-19.5025,17:32:20.02,-19:30:09.0,0.483769998047,8e-12,72.43,0.1
1276,J1732-3131,263.13975,-31.523056,17:32:33.54,-31:31:23.0,0.196543154965,2e-11,15.44,0.3
1277,J1732-3426,263.029917,-34.434722,17:32:07.18,-34:26:05.0,0.33288667881,4e-11,513.5,2.0
1278,J1732-35,263.125,-35.083333,17:32:30.00,-35:05:00.0,0.126689998553,5e-12,340.0,2.0
1279,J1732-3729,263.086708,-37.484722,17:32:20.81,-37:29:05.0,2.18400134708,1.5e-10,317.0,3.0
1280,J1732-4128,263.208333,-41.48,17:32:50.00,-41:28:48.0,0.6279806844,3e-10,195.3,0.4
1281,J1732-4156,263.203583,-41.941556,17:32:48.86,-41:56:29.6,0.323434055969,1.3e-11,228.7,2.0
1282,J1732-5049,263.199042,-50.816722,17:32:47.77,-50:49:00.2,0.00531255029055,1.2e-16,56.8365,1.81
1283,J1733-2228,263.360125,-22.476944,17:33:26.43,-22:28:37.0,0.871682832986,3e-12,41.14,0.03
1284,J1733-2533,263.35775,-25.553056,17:33:25.86,-25:33:11.0,0.65979414168,4e-11,242.0,5.0
1285,J1733-2837,263.39125,-28.625833,17:33:33.90,-28:37:33.0,0.76818455674,6e-11,225.0,5.0
1286,J1733-3030,263.495375,-30.513611,17:33:58.89,-30:30:49.0,0.36205196286,1.4e-11,636.0,3.0
1287,J1733-3322,263.480042,-33.3675,17:33:55.21,-33:22:03.0,1.24591463402,8e-11,524.0,2.0
1288,J1733-3716,263.361458,-37.281833,17:33:26.75,-37:16:54.6,0.33758582318,3e-12,153.5,0.3
1289,J1733-4005,263.494333,-40.094361,17:33:58.64,-40:05:39.7,0.561778329077,1.3e-11,317.8,1.0
1290,J1733-5515,263.251667,-55.261111,17:33:00.40,-55:15:40.0,1.011233535,8e-09,83.9,0.8
1291,J1734-0212,263.69025,-2.210861,17:34:45.66,-02:12:39.1,0.839394324968,9e-12,65.05,0.09
1292,J1734-2415,263.673333,-24.255556,17:34:41.60,-24:15:20.0,0.61252373999,1.2e-10,126.3,0.7
1293,J1734-3058,263.711833,-30.978167,17:34:50.84,-30:58:41.4,0.54128568073,5e-12,260.0,1.0
1294,J1734-3333,263.612083,-33.555556,17:34:26.90,-33:33:20.0,1.169340685,5e-09,578.0,9.0
1295,J1735-0243,263.950417,-2.73,17:35:48.10,-02:43:48.0,0.7828869765,5e-10,55.4,0.5
1296,J1735-0724,263.770708,-7.414583,17:35:04.97,-07:24:52.5,0.4193349661853,1.1e-12,73.512,0.004
1297,J1735-3258,263.987083,-32.971944,17:35:56.90,-32:58:19.0,0.35096322944,1.2e-10,754.0,8.0
1298,J1736+05,264.225,5.8,17:36:54.00,+05:48:00.0,0.999245,3e-06,42.0,8.0
1299,J1736-2457,264.189333,-24.963889,17:36:45.44,-24:57:50.0,2.64222343904,1.4e-10,170.0,4.0
1300,J1736-2819,264.103042,-28.328333,17:36:24.73,-28:19:42.0,1.59241948019,1.3e-10,261.0,10.0
1301,J1736-2843,264.177458,-28.730833,17:36:42.59,-28:43:51.0,6.4450360861,1.7e-09,331.0,10.0
1302,J1736-3511,264.01125,-35.198889,17:36:02.70,-35:11:56.0,0.5028027829,1.3e-10,106.0,3.0
1303,J1737-0811,264.446292,-8.185806,17:37:47.11,-08:11:08.9,0.00417501731286,8e-16,55.311,0.003
1304,J1737-3102,264.390542,-31.033472,17:37:33.73,-31:02:00.5,0.76867227339,5e-11,280.0,6.0
1305,J1737-3137,264.267875,-31.6225,17:37:04.29,-31:37:21.0,0.45043236999,7e-11,488.2,1.0
1306,J1737-3320,264.293792,-33.338889,17:37:10.51,-33:20:20.0,0.81627308018,6e-11,804.0,5.0
1307,J1737-3555,264.416833,-35.928833,17:37:40.04,-35:55:43.8,0.397584746441,3e-12,89.41,0.04
1308,J1738+0333,264.724875,3.553028,17:38:53.97,+03:33:10.9,0.68,0.05,0.00585009585978,1.1e-18
1309,J1738-2330,264.536667,-23.513056,17:38:08.80,-23:30:47.0,1.97884743163,4e-11,99.3,2.0
1310,J1738-2647,264.520958,-26.796111,17:38:05.03,-26:47:46.0,0.34959099098,5e-11,182.2,2.0
1311,J1738-2736,264.560958,-27.607167,17:38:14.63,-27:36:25.8,0.627715518484,1.9e-11,323.6,0.7
1312,J1738-2955,264.717667,-29.930833,17:38:52.24,-29:55:51.0,0.4433980218,4e-10,223.4,0.6
1313,J1738-3107,264.6975,-31.128889,17:38:47.40,-31:07:44.0,0.54949769829,1.3e-10,735.0,10.0
1314,J1738-3211,264.72575,-32.198222,17:38:54.18,-32:11:53.6,0.76849894548,3e-12,49.59,0.04
1315,J1738-3316,264.643542,-33.267111,17:38:34.45,-33:16:01.6,0.73037251102,5e-11,273.0,4.0
1316,J1739+0612,264.824875,6.207889,17:39:17.97,+06:12:28.4,0.234169035616,3e-12,101.5,1.0
1317,J1739-1313,264.990917,-13.221833,17:39:57.82,-13:13:18.6,1.215697613611,9e-12,58.2,0.5
1318,J1739-2903,264.892833,-29.050972,17:39:34.28,-29:03:03.5,0.322882431774,9e-12,138.56,0.03
1319,J1739-3023,264.915833,-30.386667,17:39:39.80,-30:23:12.0,0.11436793182,4e-11,170.0,0.3
1320,J1739-3049,264.84675,-30.827778,17:39:23.22,-30:49:40.0,0.239317178406,1.8e-11,573.2,2.0
1321,J1739-3131,264.85125,-31.520917,17:39:24.30,-31:31:15.3,0.52944098843,1.5e-10,600.1,1.0
1322,J1739-3159,264.952833,-31.996944,17:39:48.68,-31:59:49.0,0.87756123714,1.5e-10,337.0,5.0
1323,J1739-3951,264.909375,-39.86675,17:39:38.25,-39:52:00.3,0.341772476799,1e-11,24.6,0.4
1324,J1740+1000,265.108125,10.00175,17:40:25.95,+10:00:06.3,0.154087174313,2e-12,23.85,0.05
1325,J1740+1311,265.030625,13.199083,17:40:07.35,+13:11:56.7,0.803050264794,4e-12,48.673,0.004
1326,J1740-2540,265.188833,-25.671944,17:40:45.32,-25:40:19.0,1.6926563404,9e-11,333.0,5.0
1327,J1740-3015,265.140917,-30.262083,17:40:33.82,-30:15:43.5,0.60688662425,4e-11,152.15,0.02
1328,J1740-3052,265.208333,-30.867861,17:40:50.00,-30:52:04.3,0.570313411724,3e-12,738.78,0.08
1329,J1740-3327,265.107167,-33.464861,17:40:25.72,-33:27:53.5,0.515000656402,1.4e-11,274.1,2.0
1330,J1740-5340A,265.185792,-53.678028,17:40:44.59,-53:40:40.9,0.0036503288972,1e-14,71.8,0.2
1331,J1741-0840,265.344,-8.6755,17:41:22.56,-08:40:31.8,2.043082458401,6e-12,74.9,0.05
1332,J1741+1351,265.379792,13.86225,17:41:31.15,+13:51:44.1,0.93,0.05,0.00374715449924,1.2e-17
1333,J1741-2019,265.278625,-20.323333,17:41:06.87,-20:19:24.0,3.90450636119,1.3e-10,74.9,0.4
1334,J1741-2054,265.488458,-20.899167,17:41:57.23,-20:53:57.0,0.41370012084,1.8e-10,4.7,0.1
1335,J1741-2719,265.396083,-27.323056,17:41:35.06,-27:19:23.0,0.346796929142,1.9e-11,361.9,0.4
1336,J1741-2733,265.255583,-27.564167,17:41:01.34,-27:33:51.0,0.89295866978,6e-11,149.2,2.0
1337,J1741+2758,265.472958,27.969167,17:41:53.51,+27:58:09.0,1.3607376877,4e-10,29.3,0.6
1338,J1741-2945,265.310292,-29.759722,17:41:14.47,-29:45:35.0,0.223557828541,1.5e-11,310.3,1.0
1339,J1741-3016,265.279333,-30.275278,17:41:07.04,-30:16:31.0,1.89374869377,1.8e-10,382.0,6.0
1340,J1741-34,265.475,-34.316667,17:41:54.00,-34:19:00.0,0.875137,2e-06,241.0,8.0
1341,J1741-3927,265.325333,-39.460556,17:41:18.08,-39:27:38.0,0.512211401067,8e-12,158.5,0.6
1342,J1742-3957,265.518458,-39.956111,17:42:04.43,-39:57:22.0,1.0163491951,4e-10,186.0,8.0
1343,J1742-4616,265.60875,-46.281528,17:42:26.10,-46:16:53.5,0.412401047219,7e-12,115.96,0.1
1344,J1743-0339,265.784083,-3.653194,17:43:08.18,-03:39:11.5,0.44464510677,1e-10,30.26,0.1
1345,J1743-1351,265.90675,-13.860556,17:43:37.62,-13:51:38.0,0.405336948592,1e-11,116.3,0.03
1346,J1743-2442,265.833833,-24.715278,17:43:20.12,-24:42:55.0,1.24250830909,1.1e-10,239.0,5.0
1347,J1743-3150,265.902833,-31.839361,17:43:36.68,-31:50:21.7,2.41457551997,6e-11,193.05,0.07
1348,J1743-3153,265.814833,-31.884806,17:43:15.56,-31:53:05.3,0.193105399932,7e-12,505.7,1.0
1349,J1743-35,265.775,-35.533333,17:43:06.00,-35:32:00.0,0.56998,9e-06,174.0,5.0
1350,J1743-4212,265.77175,-42.200667,17:43:05.22,-42:12:02.4,0.3061669878595,1.6e-12,131.94,0.05
1351,J1744-1134,266.122542,-11.581861,17:44:29.41,-11:34:54.7,2.53,0.07,0.00407454594144,7e-18
1352,J1744-1610,266.068875,-16.176611,17:44:16.53,-16:10:35.8,1.757205868816,1.6e-11,66.67,0.1
1353,J1744-2335,266.201958,-23.598611,17:44:48.47,-23:35:55.0,1.68350668862,2e-11,96.66,0.02
1354,J1744-3130,266.023667,-31.501111,17:44:05.68,-31:30:04.0,1.06606087128,4e-11,192.9,0.7
1355,J1744-3922,266.011125,-39.372528,17:44:02.67,-39:22:21.1,0.172444360995,2e-12,148.1,0.7
1356,J1744-5337,266.162167,-53.630833,17:44:38.92,-53:37:51.0,0.3556658488,8e-10,113.0,1.0
1357,J1745-0129,266.258583,-1.488361,17:45:02.06,-01:29:18.1,1.045406855598,1.8e-11,90.1,1.0
1358,J1745-0952,266.288042,-9.877694,17:45:09.13,-09:52:39.7,0.01937630344113,1.9e-15,64.474,0.01
1359,J1745+1017,266.391,10.297917,17:45:33.84,+10:17:52.5,0.00265212967109,4e-16,23.97,0.002
1360,J1745-2229,266.319625,-22.487222,17:45:16.71,-22:29:14.0,1.160592538166,1.9e-11,299.0,3.0
1361,J1745-2900,266.417375,-29.008306,17:45:40.17,-29:00:29.9,3.76373308,1.7e-08,1778.0,3.0
1362,J1745-2910,266.316667,-29.166667,17:45:16.00,-29:10:00.0,0.982,1088.0,15.23,15.23
1363,J1745-2912,266.458333,-29.2,17:45:50.00,-29:12:00.0,0.1873794,2e-07,1130.0,20.0
1364,J1745-3040,266.484625,-30.673194,17:45:56.31,-30:40:23.5,0.367428753855,5e-12,88.373,0.004
1365,J1745-3812,266.31425,-38.202028,17:45:15.42,-38:12:07.3,0.6983528638,2e-10,160.8,0.4
1366,J1746+2245,266.5035,22.758028,17:46:00.84,+22:45:28.9,3.46503778264,6e-11,52.0,2.0
1367,J1746+2540,266.528625,25.677083,17:46:06.87,+25:40:37.5,1.0581481703,1e-10,51.5,0.2
1368,J1746-27,266.5,-27.85,17:46:00.00,-27:51:00.0,0.48752760873,8e-11,422.0,9.0
1369,J1746-2849,266.515417,-28.821944,17:46:03.70,-28:49:19.0,1.478480373,2e-09,1456.0,3.0
1370,J1746-2850,266.5275,-28.845,17:46:06.60,-28:50:42.0,1.077101491,4e-10,962.7,0.7
1371,J1746-2856,266.70625,-28.941944,17:46:49.50,-28:56:31.0,0.945224316,3e-09,1168.0,7.0
1372,J1746-3239,266.728958,-32.6655,17:46:54.95,-32:39:55.8,0.1995413598713,1.2e-12,482000.0,3.3e+34
1373,J1747-1030,266.992958,-10.501389,17:47:58.31,-10:30:05.0,1.5787928888,2e-10,128.0,7.0
1374,J1747-2647,266.878708,-26.787222,17:47:30.89,-26:47:14.0,0.500254454491,1.6e-11,570.0,9.0
1375,J1747-2802,266.860625,-28.043611,17:47:26.55,-28:02:37.0,2.7800791979,8e-10,835.0,10.0
1376,J1747-2809,266.845,-28.154167,17:47:22.80,-28:09:15.0,0.052152855,2e-09,1133.0,3.0
1377,J1747-2958,266.816167,-29.966944,17:47:15.88,-29:58:01.0,0.0988139764825,2e-12,101.5,2.0
1378,J1747-4036,266.953,-40.615222,17:47:48.72,-40:36:54.8,0.00164560961318,6e-17,152.98,0.01
1379,J1748-1300,267.072542,-13.014472,17:48:17.41,-13:00:52.1,0.3941333466126,1.4e-12,99.364,0.006
1380,J1748-2021A,267.219542,-20.361028,17:48:52.69,-20:21:39.7,0.2886027917197,1.6e-12,219.4,0.2
1381,J1748-2021B,267.220625,-20.360806,17:48:52.95,-20:21:38.9,0.01676012721926,5e-15,220.922,0.01
1382,J1748-2021C,267.213208,-20.364944,17:48:51.17,-20:21:53.8,0.00622693272049,3e-15,226.95,0.06
1383,J1748-2021D,267.215208,-20.352056,17:48:51.65,-20:21:07.4,0.01349582040391,3e-15,224.98,0.03
1384,J1748-2021E,267.22,-20.358167,17:48:52.80,-20:21:29.4,0.01626400341113,6e-15,224.1,0.04
1385,J1748-2021F,267.218042,-20.360917,17:48:52.33,-20:21:39.3,0.00379362911495,3e-15,220.43,0.08
1386,J1748-2444,267.202125,-24.743611,17:48:48.51,-24:44:37.0,0.44283849913,6e-12,207.33,0.09
1387,J1748-2446A,267.009375,-24.776917,17:48:02.25,-24:46:36.9,0.01156314838986,3e-14,242.15,0.04
1388,J1748-2446aa,267.02,-24.779167,17:48:04.80,-24:46:45.0,0.00578804,237.42,5.5,4.39
1389,J1748-2446ab,267.02,-24.779167,17:48:04.80,-24:46:45.0,0.00511971,238.34,5.5,4.41
1390,J1748-2446ac,267.02,-24.779167,17:48:04.80,-24:46:45.0,0.00508691,238.72,5.5,4.41
1391,J1748-2446ad,267.02,-24.779167,17:48:04.80,-24:46:45.0,0.00139595482,6e-11,235.6,0.1
1392,J1748-2446ae,267.02,-24.779167,17:48:04.80,-24:46:45.0,0.00365859,238.75,4.41,4.41
1393,J1748-2446af,267.02,-24.779167,17:48:04.80,-24:46:45.0,0.00330434,237.34,5.5,4.39
1394,J1748-2446ag,267.02,-24.779167,17:48:04.80,-24:46:45.0,0.00444803,237.75,5.5,4.4
1395,J1748-2446ah,267.02,-24.779167,17:48:04.80,-24:46:45.0,0.00496515,237.75,5.5,4.4
1396,J1748-2446ai,267.02,-24.779167,17:48:04.80,-24:46:45.0,0.02122838,233.9,5.5,4.34
1397,J1748-2446C,267.018917,-24.776667,17:48:04.54,-24:46:36.0,0.0084360953044,1e-13,237.0,1.0
1398,J1748-2446D,267.02,-24.779167,17:48:04.80,-24:46:45.0,0.00471398,243.83,8.7,4.48
1399,J1748-2446E,267.02,-24.779167,17:48:04.80,-24:46:45.0,0.0021978,236.84,5.5,4.38
1400,J1748-2446F,267.02,-24.779167,17:48:04.80,-24:46:45.0,0.00554014,239.18,5.5,4.42
1401,J1748-2446G,267.02,-24.779167,17:48:04.80,-24:46:45.0,0.02167187,237.57,5.5,4.39
1402,J1748-2446H,267.02,-24.779167,17:48:04.80,-24:46:45.0,0.00492589,238.13,5.5,4.4
1403,J1748-2446I,267.02,-24.779167,17:48:04.80,-24:46:45.0,0.00957019,238.73,5.5,4.41
1404,J1748-2446J,267.02,-24.779167,17:48:04.80,-24:46:45.0,0.08033793,234.35,5.5,4.35
1405,J1748-2446K,267.02,-24.779167,17:48:04.80,-24:46:45.0,0.00296965,234.81,5.5,4.35
1406,J1748-2446L,267.02,-24.779167,17:48:04.80,-24:46:45.0,0.0022447,237.74,5.5,4.4
1407,J1748-2446M,267.02,-24.779167,17:48:04.80,-24:46:45.0,0.00356957,238.65,5.5,4.41
1408,J1748-2446N,267.02,-24.779167,17:48:04.80,-24:46:45.0,0.0086669,238.47,5.5,4.41
1409,J1748-2446O,267.02,-24.779167,17:48:04.80,-24:46:45.0,0.00167663,236.38,5.5,4.38
1410,J1748-2446P,267.02,-24.779167,17:48:04.80,-24:46:45.0,0.00172862,238.79,4.41,4.41
1411,J1748-2446Q,267.02,-24.779167,17:48:04.80,-24:46:45.0,0.002812,234.5,5.5,4.35
1412,J1748-2446R,267.02,-24.779167,17:48:04.80,-24:46:45.0,0.00502854,237.6,5.5,4.39
1413,J1748-2446S,267.02,-24.779167,17:48:04.80,-24:46:45.0,0.00611664,236.26,5.5,4.37
1414,J1748-2446T,267.02,-24.779167,17:48:04.80,-24:46:45.0,0.00708491,237.7,5.5,4.4
1415,J1748-2446U,267.02,-24.779167,17:48:04.80,-24:46:45.0,0.00328914,235.5,5.5,4.36
1416,J1748-2446V,267.02,-24.779167,17:48:04.80,-24:46:45.0,0.00207251,239.11,5.5,4.42
1417,J1748-2446W,267.02,-24.779167,17:48:04.80,-24:46:45.0,0.00420518,239.14,5.5,4.42
1418,J1748-2446X,267.02,-24.779167,17:48:04.80,-24:46:45.0,0.00299926,240.03,5.5,4.43
1419,J1748-2446Y,267.02,-24.779167,17:48:04.80,-24:46:45.0,0.00204816,239.11,5.5,4.42
1420,J1748-2446Z,267.02,-24.779167,17:48:04.80,-24:46:45.0,0.00246259,238.85,5.5,4.41
1421,J1748-30,267.0,-30.283333,17:48:00.00,-30:17:00.0,0.3827347,6e-07,584.0,5.0
1422,J1748-3009,267.099125,-30.153389,17:48:23.79,-30:09:12.2,0.009684273,2e-09,420.2,5.96
1423,J1749-2347,267.315042,-23.788056,17:49:15.61,-23:47:17.0,0.8744858817,4e-11,344.0,4.0
1424,J1749-2629,267.297,-26.486111,17:49:11.28,-26:29:10.0,1.33538779057,1.3e-10,409.0,10.0
1425,J1749-3002,267.306208,-30.043056,17:49:13.49,-30:02:35.0,0.609873648673,1.5e-11,509.4,0.3
1426,J1749-4931,267.349042,-49.533056,17:49:23.77,-49:31:59.0,0.445822307,2e-09,53.0,2.0
1427,J1749-5605,267.435417,-56.088611,17:49:44.50,-56:05:19.0,1.3323097198,7e-10,58.0,5.0
1428,J1750-2043,267.576667,-20.718889,17:50:18.40,-20:43:08.0,5.639047079,3e-09,239.0,7.0
1429,J1750-2438,267.749125,-24.649444,17:50:59.79,-24:38:58.0,0.712794036774,1e-11,476.0,5.0
1430,J1750-2444,267.595667,-24.746389,17:50:22.96,-24:44:47.0,0.8993767214,5e-11,331.0,4.0
1431,J1750-2536,267.639125,-25.611944,17:50:33.39,-25:36:43.0,0.034749053,8e-09,178.4,3.51
1432,J1750-28,267.516667,-28.75,17:50:04.00,-28:45:00.0,1.3005131462,7e-10,388.0,10.0
1433,J1750-3157,267.697167,-31.96225,17:50:47.32,-31:57:44.1,0.91036298415,5e-12,206.34,0.04
1434,J1750-3503,267.685417,-35.052472,17:50:44.50,-35:03:08.9,0.68401360292,3e-11,189.35,0.02
1435,J1750-3703A,267.5575,-37.053028,17:50:13.80,-37:03:10.9,0.1116008373133,4e-13,233.82,0.03
1436,J1750-3703B,267.55075,-37.056361,17:50:12.18,-37:03:22.9,0.0060745420865,6e-15,234.391,0.009
1437,J1750-3703C,267.556042,-37.051556,17:50:13.45,-37:03:05.6,0.02656867837497,5e-14,230.67,0.02
1438,J1750-3703D,267.554583,-37.051778,17:50:13.10,-37:03:06.4,0.0051399367749,4e-15,230.09,0.2
1439,J1751-2516,267.969292,-25.278611,17:51:52.63,-25:16:43.0,0.39483578357,1e-10,556.0,3.0
1440,J1751-2857,267.88625,-28.962917,17:51:32.70,-28:57:46.5,0.00391487319637,6e-16,42.808,0.02
1441,J1751-3323,267.886375,-33.394333,17:51:32.73,-33:23:39.6,0.5482271038,7e-11,296.7,0.6
1442,J1751-4657,267.925958,-46.956889,17:51:42.23,-46:57:24.8,0.74235239547,1e-11,20.4,0.4
1443,J1752+2359,268.147583,23.996722,17:52:35.42,+23:59:48.2,0.409050865044,9e-12,36.0,0.9
1444,J1752-2410,268.24475,-24.173889,17:52:58.74,-24:10:26.0,0.1910366935341,1.9e-12,508.3,0.9
1445,J1752-2806,268.244542,-28.110361,17:52:58.69,-28:06:37.3,0.56255763553,3e-11,50.372,0.008
1446,J1752-2821,268.102292,-28.352778,17:52:24.55,-28:21:10.0,0.64022949952,4e-11,516.3,1.0
1447,J1753-12,268.220833,-12.983333,17:52:53.00,-12:59:00.0,0.405454,1e-06,73.2,5.0
1448,J1753-1914,268.396542,-19.249444,17:53:35.17,-19:14:58.0,0.0629548889725,1.2e-12,105.3,0.3
1449,J1753-2240,268.416042,-22.678333,17:53:39.85,-22:40:42.0,0.0951378086771,7e-13,158.6,0.4
1450,J1753-2501,268.377542,-25.006944,17:53:30.61,-25:00:25.0,0.52833640936,3e-11,672.0,3.0
1451,J1753-38,268.25,-38.816667,17:53:00.00,-38:49:00.0,0.666804,168.0,6.99,6.99
1452,J1754-2422,268.652333,-24.373333,17:54:36.56,-24:22:24.0,2.0902480768,4e-10,738.0,6.0
1453,J1754-30,268.566667,-30.183333,17:54:16.00,-30:11:00.0,1.32049,1e-05,293.0,20.0
1454,J1754-3443,268.655708,-34.731639,17:54:37.37,-34:43:53.9,0.361690595821,1e-11,187.7,0.9
1455,J1754-3510,268.727583,-35.178611,17:54:54.62,-35:10:43.0,0.392703893399,3e-12,82.3,0.3
1456,J1754+5201,268.5955,52.020083,17:54:22.92,+52:01:12.3,2.39139679486,3e-11,35.35,0.1
1457,J1755-0903,268.793167,-9.064333,17:55:10.36,-09:03:51.6,0.190709642575,4e-12,63.7,0.2
1458,J1755-1650,268.798542,-16.844722,17:55:11.65,-16:50:41.0,0.73374443871,3e-11,159.9,1.0
1459,J1755-2025,268.899167,-20.416667,17:55:35.80,-20:25:00.0,0.322231178915,5e-12,364.3,0.5
1460,J1755-25,268.9,-25.883333,17:55:36.00,-25:53:00.0,0.31519598238,5e-11,751.0,3.0
1461,J1755-2521,268.998792,-25.3575,17:55:59.71,-25:21:27.0,1.1759678772,5e-10,252.0,4.0
1462,J1755-25211,268.830458,-25.3525,17:55:19.31,-25:21:09.0,1.00451255339,7e-11,835.0,5.0
1463,J1755-2534,268.957583,-25.5775,17:55:49.82,-25:34:39.0,0.233540625445,9e-12,590.0,3.0
1464,J1755-26,268.817875,-26.0,17:55:16.29,-26:00:00.0,0.43087215605,1.4e-10,405.0,4.0
1465,J1755-2725,268.9245,-27.429167,17:55:41.88,-27:25:45.0,0.26195467832,5e-11,115.0,5.0
1466,J1755-33,268.8,-33.516667,17:55:12.00,-33:31:00.0,0.959466,4e-06,266.5,9.66
1467,J1755-3716,268.897708,-37.269667,17:55:35.45,-37:16:10.8,0.01278606928999,1e-13,167.603,0.02
1468,J1756+18,269.0,18.316667,17:56:00.00,+18:19:00.0,0.744,0.001,77.0,1.0
1469,J1756-2225,269.1065,-22.43,17:56:25.56,-22:25:48.0,0.40498030096,9e-11,326.0,4.0
1470,J1756-2251,269.194292,-22.866472,17:56:46.63,-22:51:59.3,1.05,0.55,0.028461589026,5e-16
1471,J1756-2435,269.241292,-24.592778,17:56:57.91,-24:35:34.0,0.6704799625529,1.4e-12,367.1,0.4
1472,J1756-25,269.175,-25.466667,17:56:42.00,-25:28:00.0,0.855986,2e-06,706.0,8.0
1473,J1756-2619,269.330792,-26.318889,17:57:19.39,-26:19:08.0,0.72451374873,1.1e-10,534.0,2.0
1474,J1757-15,269.35,-15.055,17:57:24.00,-15:03:18.0,0.1794,150.0,4.19,4.19
1475,J1757-2223,269.461542,-22.396944,17:57:50.77,-22:23:49.0,0.1853101015788,1.1e-12,239.3,0.4
1476,J1757-2421,269.37225,-24.368722,17:57:29.34,-24:22:07.4,0.234100571494,4e-12,179.454,0.01
1477,J1757-27,269.478292,-27.75,17:57:54.79,-27:45:00.0,0.01768721477177,1.1e-13,334.0,5.42
1478,J1757-5322,269.313167,-53.374,17:57:15.16,-53:22:26.4,0.00886996122728,4e-15,30.817,0.007
1479,J1758-1931,269.523333,-19.528056,17:58:05.60,-19:31:41.0,0.69255157815,7e-11,207.0,5.0
1480,J1758-2206,269.685208,-22.1125,17:58:44.45,-22:06:45.0,0.430278250497,1.5e-11,678.0,4.0
1481,J1758-2540,269.633083,-25.680278,17:58:31.94,-25:40:49.0,2.1072633712,4e-10,218.2,1.0
1482,J1758-2630,269.642792,-26.502778,17:58:34.27,-26:30:10.0,1.20289346322,1.8e-10,328.0,3.0
1483,J1758-2846,269.564208,-28.767222,17:58:15.41,-28:46:02.0,0.76670638621,3e-11,66.6,0.3
1484,J1758+3030,269.607833,30.506667,17:58:25.88,+30:30:24.0,0.94725581104,8e-11,34.9,0.1
1485,J1759-1029,269.892917,-10.499167,17:59:34.30,-10:29:57.0,2.5122628118,5e-10,110.0,10.0
1486,J1759-1736,269.867333,-17.602778,17:59:28.16,-17:36:10.0,0.79845156695,8e-11,206.0,3.0
1487,J1759-1903,269.924,-19.055278,17:59:41.76,-19:03:19.0,0.7315054725,1.7e-10,467.0,4.0
1488,J1759-1940,269.987667,-19.674722,17:59:57.04,-19:40:29.0,0.254720352269,7e-12,302.7,1.0
1489,J1759-1956,269.897583,-19.935556,17:59:35.42,-19:56:08.0,2.8433888097,3e-10,236.4,2.0
1490,J1759-2205,269.850667,-22.0925,17:59:24.16,-22:05:33.0,0.460974127869,9e-12,177.157,0.005
1491,J1759-2302,269.955125,-23.035556,17:59:49.23,-23:02:08.0,0.81071772906,1.2e-10,889.0,1.0
1492,J1759-2307,269.878917,-23.121389,17:59:30.94,-23:07:17.0,0.55888867754,3e-11,812.6,2.0
1493,J1759-24,269.85,-24.033333,17:59:24.00,-24:02:00.0,1.457739,1.1e-05,772.0,10.0
1494,J1759-2549,269.896333,-25.818611,17:59:35.12,-25:49:07.0,0.95654854873,1.1e-10,431.0,5.0
1495,J1759-2922,269.951042,-29.368611,17:59:48.25,-29:22:07.0,0.574400267809,3e-12,79.42,0.06
1496,J1759-3107,269.841917,-31.122639,17:59:22.06,-31:07:21.5,1.07895331831,4e-11,128.6,1.0
1497,J1800-0125,270.092,-1.425167,18:00:22.08,-01:25:30.6,0.78318548958,3e-11,50.0,0.2
1498,J1800-2114,270.05125,-21.238611,18:00:12.30,-21:14:19.0,1.7992724923,7e-10,641.0,20.0
1499,J1800-2343,270.0,-23.716667,18:00:00.00,-23:43:00.0,1.03082,2e-05,280.0,40.0
1500,J1800+50,270.25,50.466667,18:01:00.00,+50:28:00.0,0.578364,1.5e-05,23.0,2.0
1501,J1801-0357,270.344417,-3.965278,18:01:22.66,-03:57:55.0,0.92149067377,4e-11,120.37,0.03
1502,J1801-0857A,270.460875,-8.958833,18:01:50.61,-08:57:31.8,0.00717561460667,8e-16,182.56,0.01
1503,J1801-0857B,270.460708,-8.959111,18:01:50.57,-08:57:32.8,0.02896158773099,3e-14,182.39,0.06
1504,J1801-0857C,270.461417,-8.959083,18:01:50.74,-08:57:32.7,0.00373869966067,2e-14,182.26,0.03
1505,J1801-0857D,270.480708,-8.95675,18:01:55.37,-08:57:24.3,0.00422653200355,3e-15,174.71,0.09
1506,J1801-1417,270.462833,-14.292917,18:01:51.08,-14:17:34.5,0.00362509666012,1.8e-15,57.21,0.04
1507,J1801-1855,270.342917,-18.930278,18:01:22.30,-18:55:49.0,2.5504982104,1e-09,484.0,10.0
1508,J1801-1909,270.444542,-19.16,18:01:46.69,-19:09:36.0,1.1087248496,5e-11,264.0,9.0
1509,J1801-2115,270.385375,-21.255,18:01:32.49,-21:15:18.0,0.4381131572,4e-10,778.8,0.1
1510,J1801-2154,270.284708,-21.908889,18:01:08.33,-21:54:32.0,0.375296924221,1e-11,387.9,1.0
1511,J1801-2304,270.332625,-23.078944,18:01:19.83,-23:04:44.2,0.4158270895435,1.8e-12,1073.9,0.6
1512,J1801-2451,270.250083,-24.857639,18:01:00.02,-24:51:27.5,0.124924206569,8e-12,289.0,1.0
1513,J1801-2920,270.445125,-29.344056,18:01:46.83,-29:20:38.6,1.081908474227,6e-12,125.613,0.01
1514,J1801-3210,270.357875,-32.181583,18:01:25.89,-32:10:53.7,0.00745358437347,3e-15,177.713,0.004
1515,J1801-3458,270.469417,-34.976944,18:01:52.66,-34:58:37.0,1.3856036231,3e-10,146.0,6.0
1516,J1802+0128,270.614375,1.47325,18:02:27.45,+01:28:23.7,0.554261603931,1e-11,97.97,0.1
1517,J1802+03,270.683333,3.633333,18:02:44.00,+03:38:00.0,0.6643,77.0,5.12,5.12
1518,J1802-05,270.55,-5.398056,18:02:12.00,-05:23:53.0,1.681,130.0,6.82,6.82
1519,J1802-1745,270.561875,-17.754722,18:02:14.85,-17:45:17.0,0.51467137652,3e-11,264.2,0.3
1520,J1802-2124,270.52225,-21.401,18:02:05.34,-21:24:03.6,0.01264759358652,4e-16,149.6258,0.0006
1521,J1802-2426,270.512917,-24.445278,18:02:03.10,-24:26:43.0,0.56900709018,3e-11,711.0,6.0
1522,J1802-3346,270.73,-33.779167,18:02:55.20,-33:46:45.0,2.461051995,3e-09,217.0,5.0
1523,J1803-1616,270.8945,-16.275,18:03:34.68,-16:16:30.0,0.536595822673,1.8e-11,388.1,2.0
1524,J1803-1857,270.996083,-18.955278,18:03:59.06,-18:57:19.0,2.86433773648,1.3e-10,392.0,1.0
1525,J1803-1920,270.872667,-19.344722,18:03:29.44,-19:20:41.0,0.443648922251,1.6e-11,436.1,2.0
1526,J1803-2137,270.964208,-21.618722,18:03:51.41,-21:37:07.4,0.13366692025028,1.7e-13,233.99,0.05
1527,J1803-2149,270.790125,-21.820278,18:03:09.63,-21:49:13.0,0.106332094095,3e-12,86300.0,6.4e+35
1528,J1803-2712,270.882042,-27.201667,18:03:31.69,-27:12:06.0,0.334415426505,3e-12,165.5,0.3
1529,J1803-30,270.892083,-30.033889,18:03:34.10,-30:02:02.0,0.007101,192.0,7.8,4.99
1530,J1803-3002B,270.892083,-30.033889,18:03:34.10,-30:02:02.0,0.004397,192.6,7.8,5.01
1531,J1803-3002C,270.892083,-30.033889,18:03:34.10,-30:02:02.0,0.00584,194.5,7.8,5.05
1532,J1803-3329,270.935208,-33.486306,18:03:44.45,-33:29:10.7,0.633411983159,4e-12,170.9,0.6
1533,J1804-0735,271.207917,-7.590194,18:04:49.90,-07:35:24.7,0.0231008552843,3e-14,186.316,0.01
1534,J1804-2228,271.117458,-22.471667,18:04:28.19,-22:28:18.0,0.57051063348,1e-10,424.0,7.0
1535,J1804-2717,271.088042,-27.292,18:04:21.13,-27:17:31.2,0.0093430306857,7e-15,24.674,0.005
1536,J1804-28,271.2,-28.116667,18:04:48.00,-28:07:00.0,1.273011,9e-06,203.5,4.8
1537,J1805+0306,271.292292,3.108417,18:05:10.15,+03:06:30.3,0.2187115654904,1.5e-12,80.857,0.008
1538,J1805-0619,271.381,-6.329278,18:05:31.44,-06:19:45.4,0.454650713078,7e-12,146.22,0.09
1539,J1805-1504,271.275417,-15.076667,18:05:06.10,-15:04:36.0,1.1812692298,3e-10,225.0,3.0
1540,J1805-2032,271.404542,-20.5475,18:05:37.09,-20:32:51.0,0.4057694879,5e-11,932.3,2.0
1541,J1805-2037,271.367458,-20.621111,18:05:28.19,-20:37:16.0,0.357806774953,1.3e-11,708.1,2.0
1542,J1805-2447,271.358042,-24.791667,18:05:25.93,-24:47:30.0,0.661401759025,1.4e-11,269.0,3.0
1543,J1805-2948,271.427042,-29.8,18:05:42.49,-29:48:00.0,0.4283409894,2e-10,167.9,0.9
1544,J1806+1023,271.717125,10.388417,18:06:52.11,+10:23:18.3,0.484286459778,2e-12,52.03,0.07
1545,J1806-1154,271.528292,-11.907972,18:06:06.79,-11:54:28.7,0.522618385775,4e-12,122.41,0.05
1546,J1806-1618,271.607417,-16.310556,18:06:25.78,-16:18:38.0,0.66830920992,5e-11,319.0,5.0
1547,J1806-1920,271.5275,-19.339722,18:06:06.60,-19:20:23.0,0.8797908756,7e-10,683.0,7.0
1548,J1806-2125,271.581625,-21.427778,18:06:19.59,-21:25:40.0,0.481789349,3e-09,750.4,3.0
1549,J1807+04,271.854167,4.083333,18:07:25.00,+04:05:00.0,0.7989,53.0,2.66,2.66
1550,J1807+0756,271.963458,7.945389,18:07:51.23,+07:56:43.4,0.464300493199,2e-12,89.29,0.03
1551,J1807-0847,271.908458,-8.795361,18:07:38.03,-08:47:43.3,0.16372737166367,9e-14,112.3802,0.001
1552,J1807-2459A,271.834833,-24.998028,18:07:20.36,-24:59:52.9,0.00305944879802,3e-17,134.00401,0.0006
1553,J1807-2459B,271.836958,-25.000528,18:07:20.87,-25:00:01.9,0.00418617720284,2.5e-16,137.1535,0.002
1554,J1807-2557,271.806917,-25.955556,18:07:13.66,-25:57:20.0,2.76419486975,4e-11,385.0,10.0
1555,J1807-2715,271.785375,-27.250833,18:07:08.49,-27:15:03.0,0.827776461518,9e-12,312.98,0.03
1556,J1808+00,272.079167,0.566667,18:08:19.00,+00:34:00.0,0.425115,3e-06,141.0,30.0
1557,J1808-0813,272.039292,-8.217167,18:08:09.43,-08:13:01.8,0.876044286677,6e-12,151.27,0.06
1558,J1808-1020,272.190125,-10.34675,18:08:45.63,-10:20:48.3,0.596993202504,4e-12,225.3,0.8
1559,J1808-1517,272.162875,-15.294444,18:08:39.09,-15:17:40.0,0.544549207067,8e-12,205.0,5.0
1560,J1808-1726,272.17625,-17.440833,18:08:42.30,-17:26:27.0,0.24103454795,9e-11,536.0,7.0
1561,J1808-2024,272.163917,-20.411083,18:08:39.34,-20:24:39.9,7.55592,5e-05,13.0,218.0
1562,J1808-2057,272.026667,-20.968889,18:08:06.40,-20:58:08.0,0.918410326286,1.1e-11,606.8,0.9
1563,J1808-2701,272.055125,-27.0225,18:08:13.23,-27:01:21.0,2.45788177758,1.2e-10,95.0,4.0
1564,J1808-3249,272.018667,-32.826111,18:08:04.48,-32:49:34.0,0.364912241765,1e-11,147.37,0.2
1565,J1809-0119,272.464,-1.324722,18:09:51.36,-01:19:29.0,0.7449764016,3e-10,140.0,2.0
1566,J1809-0743,272.399667,-7.717056,18:09:35.92,-07:43:01.4,0.313885674748,5e-12,240.7,0.1
1567,J1809-1429,272.439625,-14.490278,18:09:45.51,-14:29:25.0,0.895285284345,1.3e-11,411.3,2.0
1568,J1809-1850,272.405042,-18.848611,18:09:37.21,-18:50:55.0,1.12448108944,1.7e-10,598.0,10.0
1569,J1809-1917,272.429792,-19.293917,18:09:43.15,-19:17:38.1,0.082746885746,3e-12,197.1,0.4
1570,J1809-1943,272.462875,-19.731083,18:09:51.09,-19:43:51.9,5.54035372,1.9e-07,178.0,5.0
1571,J1809-2004,272.316125,-20.07,18:09:15.87,-20:04:12.0,0.43481138633,1.6e-10,867.1,2.0
1572,J1809-2109,272.309708,-21.150806,18:09:14.33,-21:09:02.9,0.702413629135,4e-12,381.91,0.05
1573,J1809-2332,272.459375,-23.539639,18:09:50.25,-23:32:22.7,0.146788548116,7e-12,67600.0,4.3e+35
1574,J1809-3547,272.362417,-35.788333,18:09:26.98,-35:47:18.0,0.860387839,7e-10,193.84,0.07
1575,J1810-1441,272.7465,-14.692667,18:10:59.16,-14:41:33.6,0.217213500357,4e-12,304.9,1.0
1576,J1810+1744,272.655333,17.743722,18:10:37.28,+17:44:37.4,0.00166,39.7,20.0,2.49
1577,J1810-1820,272.731333,-18.344167,18:10:55.52,-18:20:39.0,0.153716278369,8e-12,452.2,2.0
1578,J1810-2005,272.745792,-20.085639,18:10:58.99,-20:05:08.3,0.03282224486002,8e-15,241.0,0.3
1579,J1810-5338,272.685125,-53.635472,18:10:44.43,-53:38:07.7,0.26104931796,7e-11,45.0,2.0
1580,J1811-0154,272.832833,-1.908583,18:11:19.88,-01:54:30.9,0.92494482303,4e-11,148.1,0.3
1581,J1811+0702,272.835083,7.041583,18:11:20.42,+07:02:29.7,0.46171267661,3e-11,57.8,0.1
1582,J1811-1049,272.821125,-10.8175,18:11:17.07,-10:49:03.0,2.623858562,3e-10,253.3,8.5
1583,J1811-1717,272.860542,-17.296389,18:11:26.53,-17:17:47.0,0.39138510099,9e-11,545.5,7.03
1584,J1811-1736,272.979292,-17.610472,18:11:55.03,-17:36:37.7,0.1041819547968,4e-13,476.0,5.0
1585,J1811-1835,272.873833,-18.595556,18:11:29.72,-18:35:44.0,0.557463612,1e-10,761.0,10.0
1586,J1811-1925,272.871667,-19.424444,18:11:29.20,-19:25:28.0,0.064667,2e-08,5.0,23300.0
1587,J1811-2405,272.832708,-24.088444,18:11:19.85,-24:05:18.4,0.00266059331684,7e-17,60.6005,0.002
1588,J1811-2439,272.981375,-24.664722,18:11:55.53,-24:39:53.0,0.415812941402,1.1e-11,172.0,0.5
1589,J1811-4930,272.863292,-49.505778,18:11:27.19,-49:30:20.8,1.4327041968,1e-10,44.0,0.5
1590,J1812+0226,273.221625,2.449194,18:12:53.19,+02:26:57.1,0.793902802035,3e-12,104.14,0.03
1591,J1812-1718,273.030042,-17.308194,18:12:07.21,-17:18:29.5,1.20537444137,9e-11,255.1,2.0
1592,J1812-1733,273.066208,-17.560278,18:12:15.89,-17:33:37.0,0.538340543302,9e-12,518.0,4.0
1593,J1812-1910,273.145375,-19.1775,18:12:34.89,-19:10:39.0,0.43099098078,6e-11,892.0,5.0
1594,J1812-2102,273.087208,-21.043333,18:12:20.93,-21:02:36.0,1.22335230807,9e-11,547.2,1.0
1595,J1812-2526,273.134583,-25.443889,18:12:32.30,-25:26:38.0,0.315835048197,8e-12,361.4,0.4
1596,J1812-2748,273.169083,-27.800833,18:12:40.58,-27:48:03.0,0.236983307439,9e-12,104.0,2.0
1597,J1812-3039,273.187083,-30.655833,18:12:44.90,-30:39:21.0,0.58747677594,2e-11,138.9,0.9
1598,J1813-1246,273.349042,-12.766444,18:13:23.77,-12:45:59.2,0.048072246759,7e-12,43400.0,6.2e+36
1599,J1813-1749,273.396542,-17.832639,18:13:35.17,-17:49:57.5,0.0446993053,6e-10,4.7,5600.0
1600,J1813+1822,273.4115,18.370833,18:13:38.76,+18:22:15.0,0.3364246764,9e-10,60.8,0.5
1601,J1813-2113,273.416125,-21.216778,18:13:39.87,-21:13:00.4,0.426466240565,1.3e-11,462.3,2.0
1602,J1813-2242,273.3715,-22.701667,18:13:29.16,-22:42:06.0,0.328514216183,1.5e-11,333.0,3.0
1603,J1813-2621,273.419125,-26.365861,18:13:40.59,-26:21:57.1,0.00443001162863,1.8e-15,112.524,0.009
1604,J1813+4013,273.305333,40.2275,18:13:13.28,+40:13:39.0,0.931089084936,3e-12,41.487,0.02
1605,J1814-0521,273.608875,-5.360278,18:14:26.13,-05:21:37.0,1.01421948495,6e-11,130.0,2.0
1606,J1814-0618,273.671917,-6.300472,18:14:41.26,-06:18:01.7,1.37786849563,1.4e-10,168.0,6.0
1607,J1814+1130,273.678083,11.512194,18:14:42.74,+11:30:43.9,0.751261115038,3e-12,65.0,1.0
1608,J1814-1649,273.655625,-16.824444,18:14:37.35,-16:49:28.0,0.95746393536,7e-11,782.0,6.0
1609,J1814-1744,273.679583,-17.746667,18:14:43.10,-17:44:48.0,3.975905188,1.6e-08,792.0,20.0
1610,J1815-1738,273.811125,-17.634167,18:15:14.67,-17:38:03.0,0.1984357331818,1.6e-12,728.0,3.0
1611,J1815-1910,273.762833,-19.166778,18:15:03.08,-19:10:00.4,1.24992353738,8e-11,547.8,0.4
1612,J1815+55,273.75,55.483333,18:15:00.00,+55:29:00.0,0.426802,1.3e-05,59.0,2.0
1613,J1816-0755,274.10225,-7.922917,18:16:24.54,-07:55:22.5,0.2176426911444,1.5e-12,116.8,0.4
1614,J1816-1446,274.121625,-14.775,18:16:29.19,-14:46:30.0,0.594499815819,1.8e-11,629.0,4.0
1615,J1816-1729,274.07775,-17.484083,18:16:18.66,-17:29:02.7,0.7823133599,4e-11,525.5,0.7
1616,J1816-2650,274.1475,-26.831389,18:16:35.40,-26:49:53.0,0.592885130439,3e-12,128.12,0.03
1617,J1816+4510,274.149708,45.176083,18:16:35.93,+45:10:33.9,0.00319310355385,2e-16,38.8874,0.0004
1618,J1816-5643,274.151917,-56.728361,18:16:36.46,-56:43:42.1,0.2179228818474,1.3e-12,52.4,1.0
1619,J1817-0743,274.457458,-7.721917,18:17:49.79,-07:43:18.9,0.438095346909,1.8e-11,14.8,0.4
1620,J1817-1511,274.400833,-15.194167,18:17:36.20,-15:11:39.0,0.224603837185,1.6e-11,970.0,5.0
1621,J1817-1938,274.278417,-19.643333,18:17:06.82,-19:38:36.0,2.0468376289,2e-10,519.6,10.74
1622,J1817-2311,274.25,-23.183333,18:17:00.00,-23:11:00.0,0.62547,2e-05,240.0,40.0
1623,J1817-3618,274.274083,-36.301111,18:17:05.78,-36:18:04.0,0.38701692095,3e-11,94.3,0.5
1624,J1817-3837,274.251125,-38.63325,18:17:00.27,-38:37:59.7,0.38448678392,2e-11,102.847,0.006
1625,J1818-01,274.5625,-1.817222,18:18:15.00,-01:49:02.0,0.8385,210.0,15.45,15.45
1626,J1818-1116,274.610208,-11.274722,18:18:26.45,-11:16:29.0,0.5447995247,5e-11,422.0,7.0
1627,J1818-1422,274.599042,-14.376861,18:18:23.77,-14:22:36.7,0.2914894606391,4e-13,622.0,0.4
1628,J1818-1448,274.616292,-14.810556,18:18:27.91,-14:48:38.0,0.28137130037,6e-11,644.0,6.0
1629,J1818-1519,274.560833,-15.328611,18:18:14.60,-15:19:43.0,0.9396900396,5e-10,845.0,6.0
1630,J1818-1541,274.656333,-15.695833,18:18:37.52,-15:41:45.0,0.55113377674,3e-11,690.0,5.0
1631,J1818-1556,274.716458,-15.934444,18:18:51.95,-15:56:04.0,0.952708902877,1.9e-11,230.0,4.0
1632,J1819-0925,274.960583,-9.430528,18:19:50.54,-09:25:49.9,0.852047483505,1.5e-11,378.0,3.0
1633,J1819-1008,274.916625,-10.141111,18:19:39.99,-10:08:28.0,0.301489849278,7e-12,404.0,3.0
1634,J1819-1114,274.869917,-11.245278,18:19:28.78,-11:14:43.0,0.29416251457,2e-11,310.0,5.0
1635,J1819-1131,274.992292,-11.524722,18:19:58.15,-11:31:29.0,1.38813712856,1.6e-10,578.0,10.0
1636,J1819+1305,274.984292,13.087556,18:19:56.23,+13:05:15.2,1.060363543971,7e-12,64.9,0.4
1637,J1819-1318,274.931917,-13.311667,18:19:43.66,-13:18:42.0,1.51569599263,1.2e-10,35.1,2.0
1638,J1819-1408,274.986667,-14.133778,18:19:56.80,-14:08:01.6,1.7884904528,1.6e-09,1075.0,40.0
1639,J1819-1458,274.892375,-14.967667,18:19:34.17,-14:58:03.6,4.2631640329,4e-10,196.0,0.4
1640,J1819-1510,274.973708,-15.172389,18:19:53.69,-15:10:20.6,0.226538990075,4e-12,421.7,1.0
1641,J1819-17,274.875,-17.083333,18:19:30.00,-17:05:00.0,2.352135,1.5e-05,67.0,20.0
1642,J1819-1717,274.930833,-17.287778,18:19:43.40,-17:17:16.0,0.39352163764,6e-11,405.0,2.0
1643,J1820-0427,275.219208,-4.460583,18:20:52.61,-04:27:38.1,0.598075929665,1.5e-11,84.435,0.02
1644,J1820-0509,275.094708,-5.160694,18:20:22.73,-05:09:38.5,0.337320795791,3e-12,104.0,0.3
1645,J1820-1346,275.082333,-13.770917,18:20:19.76,-13:46:15.3,0.921459731325,5e-12,776.7,2.0
1646,J1820-1529,275.170083,-15.497222,18:20:40.82,-15:29:50.0,0.333242850831,1.8e-11,772.0,30.0
1647,J1820-1818,275.162875,-18.300917,18:20:39.09,-18:18:03.3,0.3099045934277,9e-13,436.0,1.0
1648,J1821+0155,275.412,1.922778,18:21:38.88,+01:55:22.0,0.03378133193189,1.3e-13,51.75415,3e-05
1649,J1821-0256,275.292958,-2.944056,18:21:10.31,-02:56:38.6,0.414111049843,1.4e-11,84.0,0.4
1650,J1821-0331,275.43625,-3.520194,18:21:44.70,-03:31:12.7,0.90231562918,4e-11,171.5,5.56
1651,J1821-1419,275.392917,-14.323889,18:21:34.30,-14:19:26.0,1.6560095697,9e-10,1123.0,20.0
1652,J1821-1432,275.41575,-14.548111,18:21:39.78,-14:32:53.2,1.91513066964,8e-11,570.0,20.0
1653,J1821+1715,275.30625,17.263083,18:21:13.50,+17:15:47.1,1.366682059422,1e-11,60.47,0.07
1654,J1821+41,275.5,41.75,18:22:00.00,+41:45:00.0,1.261787,4.6e-05,40.0,3.0
1655,J1822+0705,275.576833,7.088611,18:22:18.44,+07:05:19.0,1.362817392033,1.9e-11,62.2,0.3
1656,J1822-0848,275.716083,-8.816389,18:22:51.86,-08:48:59.0,2.50451781786,5e-11,186.3,0.7
1657,J1822-0907,275.665833,-9.126667,18:22:39.80,-09:07:36.0,0.97470037336,6e-11,467.0,5.0
1658,J1822+1120,275.560833,11.348944,18:22:14.60,+11:20:56.2,1.78703680542,4e-11,95.2,0.6
1659,J1822-1252,275.67375,-12.880278,18:22:41.70,-12:52:49.0,2.0710402725,5e-10,925.0,20.0
1660,J1822-1400,275.725167,-14.000667,18:22:54.04,-14:00:02.4,0.214771109789,6e-12,651.1,0.9
1661,J1822-1604,275.575,-16.074111,18:22:18.00,-16:04:26.8,8.43772106,7e-08,6260000.0,1.4e+30
1662,J1822-1617,275.6525,-16.293056,18:22:36.60,-16:17:35.0,0.8311557274,3e-10,647.0,20.0
1663,J1822-2256,275.745625,-22.941944,18:22:58.95,-22:56:31.0,1.874268518252,6e-12,121.2,0.04
1664,J1822-4209,275.547333,-42.153056,18:22:11.36,-42:09:11.0,0.456511944952,4e-12,72.514,0.005
1665,J1823-0154,275.967292,-1.901278,18:23:52.15,-01:54:04.6,0.759777464363,4e-12,135.87,0.05
1666,J1823+0550,275.879042,5.840083,18:23:30.97,+05:50:24.3,0.7529065430494,1e-12,66.775,0.003
1667,J1823-1115,275.917917,-11.253056,18:23:40.30,-11:15:11.0,0.279828696565,5e-12,428.59,0.09
1668,J1823-1126,275.83275,-11.434444,18:23:19.86,-11:26:04.0,1.8465342015,3e-10,607.0,3.0
1669,J1823-1347,275.851042,-13.798333,18:23:24.25,-13:47:54.0,0.61710720555,1.2e-10,1044.0,6.0
1670,J1823-1526,275.83925,-15.439444,18:23:21.42,-15:26:22.0,1.6254054724,1.6e-10,611.0,5.0
1671,J1823-1807,275.790333,-18.125833,18:23:09.68,-18:07:33.0,1.63679245172,1.7e-10,330.0,4.0
1672,J1823-3021A,275.918708,-30.361139,18:23:40.49,-30:21:40.1,0.00544000416327,3.1e-15,86.8797,0.006
1673,J1823-3021B,275.923125,-30.361361,18:23:41.55,-30:21:40.9,0.3785964921974,2.7e-12,87.01,0.1
1674,J1823-3021C,275.921458,-30.360667,18:23:41.15,-30:21:38.4,0.4059359629899,5.3e-12,86.88,0.2
1675,J1823-3021D,275.918875,-30.362139,18:23:40.53,-30:21:43.7,0.00302006026098,5.9e-14,86.8,1.0
1676,J1823-3021E,275.91875,-30.361167,18:23:40.50,-30:21:40.2,0.004394,91.4,12.1,3.26
1677,J1823-3021F,275.91875,-30.361167,18:23:40.50,-30:21:40.2,0.00485,86.7,12.1,3.06
1678,J1823-3106,275.944958,-31.113806,18:23:46.79,-31:06:49.7,0.284054344967,5e-12,50.245,0.004
1679,J1824-0127,276.222625,-1.464278,18:24:53.43,-01:27:51.4,2.49946826743,1.1e-10,58.0,2.0
1680,J1824-1118,276.123083,-11.311833,18:24:29.54,-11:18:42.6,0.435759033311,1.8e-11,603.0,2.0
1681,J1824-1159,276.233958,-11.998167,18:24:56.15,-11:59:53.4,0.362492078224,8e-12,463.4,2.0
1682,J1824-1350,276.209083,-13.839167,18:24:50.18,-13:50:21.0,1.39659854604,4e-11,551.0,7.0
1683,J1824-1423,276.239125,-14.384806,18:24:57.39,-14:23:05.3,0.359394162457,6e-12,428.3,1.0
1684,J1824-1500,276.05875,-15.009167,18:24:14.10,-15:00:33.0,0.41222995857,6e-11,571.0,6.0
1685,J1824-1945,276.001917,-19.764361,18:24:00.46,-19:45:51.7,0.189334989945,1.5e-11,224.648,0.005
1686,J1824-2233,276.043,-22.553056,18:24:10.32,-22:33:11.0,1.16174310971,3e-11,156.5,1.0
1687,J1824-2328,276.119333,-23.471389,18:24:28.64,-23:28:17.0,1.50587455169,3e-11,185.0,3.0
1688,J1824-2452A,276.133375,-24.869667,18:24:32.01,-24:52:10.8,0.00305431559227,3e-16,119.892,40.0
1689,J1824-2452B,276.136708,-24.869778,18:24:32.81,-24:52:11.2,0.006547,119.5,5.5,3.61
1690,J1824-2452C,276.136708,-24.869778,18:24:32.81,-24:52:11.2,0.004159,120.7,5.5,3.64
1691,J1824-2452D,276.136708,-24.869778,18:24:32.81,-24:52:11.2,0.079832,119.5,5.5,3.61
1692,J1824-2452E,276.136708,-24.869778,18:24:32.81,-24:52:11.2,0.00542,119.8,5.5,3.62
1693,J1824-2452F,276.136708,-24.869778,18:24:32.81,-24:52:11.2,0.002451,123.8,5.5,3.71
1694,J1824-2452G,276.136708,-24.869778,18:24:32.81,-24:52:11.2,0.005909,119.4,5.5,3.61
1695,J1824-2452H,276.136708,-24.869778,18:24:32.81,-24:52:11.2,0.004629,121.5,5.5,3.66
1696,J1824-2452I,276.135542,-24.869056,18:24:32.53,-24:52:08.6,0.003931852642,2e-12,119.0,5.5
1697,J1824-2452J,276.136708,-24.869778,18:24:32.81,-24:52:11.2,0.004039,119.2,5.5,3.61
1698,J1824-2452K,276.136708,-24.869778,18:24:32.81,-24:52:11.2,0.004461,119.8,5.5,3.62
1699,J1824-2452L,276.136708,-24.869778,18:24:32.81,-24:52:11.2,0.0041,119.0,5.5,3.6
1700,J1824-2537,276.127458,-25.621944,18:24:30.59,-25:37:19.0,0.223320267185,3e-12,158.5,0.2
1701,J1825+0004,276.313833,0.072139,18:25:15.32,+00:04:19.7,0.778949400076,5e-12,56.618,0.009
1702,J1825-0319,276.483125,-3.332667,18:25:55.95,-03:19:57.6,0.00455352791974,4e-15,119.5,0.4
1703,J1825-0935,276.377625,-9.589528,18:25:30.63,-09:35:22.3,0.769005855083,1.2e-11,19.3833,0.0009
1704,J1825-1108,276.32625,-11.148333,18:25:18.30,-11:08:54.0,1.9258717727,8e-10,121.0,20.0
1705,J1825-1446,276.262208,-14.781278,18:25:02.93,-14:46:52.6,0.279186875177,5e-12,357.0,5.0
1706,J1825-31,276.491667,-31.038889,18:25:58.00,-31:02:20.0,2.382,120.0,5.38,5.38
1707,J1825-33,276.508333,-33.35,18:26:02.00,-33:21:00.0,1.2712,0.0002,43.2,2.0
1708,J1826-1131,276.522792,-11.528778,18:26:05.47,-11:31:43.6,2.09313630972,1.4e-11,320.58,0.06
1709,J1826-1256,276.535542,-12.9425,18:26:08.53,-12:56:33.0,0.11022370246,4e-12,14400.0,3.6e+36
1710,J1826-1334,276.554875,-13.579667,18:26:13.17,-13:34:46.8,0.1014867942076,3e-13,231.0,1.0
1711,J1826-1419,276.676625,-14.322667,18:26:42.39,-14:19:21.6,0.770620171033,7e-12,160.0,1.0
1712,J1826-1526,276.5525,-15.434167,18:26:12.60,-15:26:03.0,0.382072812116,1.7e-11,530.0,4.0
1713,J1827-0750,276.761417,-7.838667,18:27:02.74,-07:50:19.2,0.270502039371,3e-12,381.0,9.0
1714,J1827-0934,276.941167,-9.571222,18:27:45.88,-09:34:16.4,0.512547817784,1.6e-11,259.2,0.5
1715,J1827-0958,276.772833,-9.978639,18:27:05.48,-09:58:43.1,0.2457571181423,1.9e-12,430.0,4.0
1716,J1828-0611,277.086292,-6.197639,18:28:20.71,-06:11:51.5,0.269414732063,3e-12,363.2,0.5
1717,J1828+0625,277.116792,6.416806,18:28:28.03,+06:25:00.5,0.00363,22.4,1.18,1.18
1718,J1828-1007,277.1265,-10.119472,18:28:30.36,-10:07:10.1,0.1531969792414,1.5e-12,302.6,1.0
1719,J1828-1057,277.138375,-10.957222,18:28:33.21,-10:57:26.0,0.24632758741,1.2e-11,245.0,3.0
1720,J1828-1101,277.078542,-11.030806,18:28:18.85,-11:01:50.9,0.072051632709,3e-12,607.4,0.5
1721,J1828-1336,277.178542,-13.6125,18:28:42.85,-13:36:45.0,0.86033211599,7e-11,494.7,2.0
1722,J1828+1359,277.22225,13.993167,18:28:53.34,+13:59:35.4,0.741639520385,8e-12,56.0,1.0
1723,J1828-2119,277.089833,-21.332222,18:28:21.56,-21:19:56.0,0.514523069504,1.4e-11,268.0,0.6
1724,J1829+0000,277.446417,0.002361,18:29:47.14,+00:00:08.5,0.199147397053,8e-12,114.0,0.4
1725,J1829-0734,277.272375,-7.572778,18:29:05.37,-07:34:22.0,0.318400873408,1.8e-11,316.8,2.0
1726,J1829-1011,277.27525,-10.190278,18:29:06.06,-10:11:25.0,0.82916602078,1.6e-10,610.0,7.37
1727,J1829-1751,277.42975,-17.851083,18:29:43.14,-17:51:03.9,0.307132975823,5e-12,217.108,0.009
1728,J1829+2456,277.394458,24.938389,18:29:34.67,+24:56:18.2,0.04100982358117,4e-14,13.8,0.5
1729,J1830-0052,277.627917,-0.881667,18:30:30.70,-00:52:54.0,0.34569803402,5e-11,220.4,0.9
1730,J1830-0131,277.581708,-1.530028,18:30:19.61,-01:31:48.1,0.457535874029,1.1e-11,95.7,0.3
1731,J1830-10,277.525,-10.65,18:30:06.00,-10:39:00.0,0.24526,3e-06,203.0,2.0
1732,J1830-1059,277.698208,-10.991083,18:30:47.57,-10:59:27.9,0.40504332163,1.2e-11,161.5,0.2
1733,J1830-1135,277.507167,-11.592222,18:30:01.72,-11:35:32.0,6.2215526663,1.6e-09,257.0,6.0
1734,J1830-1313,277.674917,-13.221167,18:30:41.98,-13:13:16.2,0.7471876682,8e-11,537.0,3.0
1735,J1830-1414,277.501458,-14.243611,18:30:00.35,-14:14:37.0,0.77149252038,6e-11,393.6,1.0
1736,J1831-0823,277.901375,-8.389972,18:31:36.33,-08:23:23.9,0.612132963973,1.5e-11,245.9,2.0
1737,J1831-0952,277.892917,-9.867139,18:31:34.30,-09:52:01.7,0.0672668461152,1.4e-12,247.0,5.0
1738,J1831-1223,277.803458,-12.391944,18:31:12.83,-12:23:31.0,2.8579410013,6e-10,342.0,5.0
1739,J1831-1329,277.983167,-13.498889,18:31:55.96,-13:29:56.0,2.1656793503,3e-10,338.0,5.0
1740,J1831-1423,277.87125,-14.396111,18:31:29.10,-14:23:46.0,0.507945195243,1.3e-11,352.0,3.0
1741,J1832+0029,278.21125,0.490833,18:32:50.70,+00:29:27.0,0.533917296,6e-09,28.3,1.0
1742,J1832-0644,278.177792,-6.733833,18:32:42.67,-06:44:01.8,0.74429541939,5e-11,578.0,7.0
1743,J1832-0827,278.15425,-8.451,18:32:37.02,-08:27:03.6,0.64729271838,3e-11,300.869,0.01
1744,J1832-0836,278.114958,-8.615278,18:32:27.59,-08:36:55.0,5.0,5.0,0.00271911206232,3e-16
1745,J1832-1021,278.170292,-10.359111,18:32:40.87,-10:21:32.8,0.330354089443,5e-12,475.7,0.3
1746,J1832-28,278.125,-28.716667,18:32:30.00,-28:43:00.0,0.1993,3e-06,127.0,3.0
1747,J1833-0209,278.272542,-2.154556,18:33:05.41,-02:09:16.4,0.291930632181,4e-12,325.4,9.25
1748,J1833-0338,278.424625,-3.651194,18:33:41.91,-03:39:04.3,0.68670444412,4e-11,234.538,0.01
1749,J1833-0556,278.412,-5.934722,18:33:38.88,-05:56:05.0,1.5215451697,4e-10,461.0,10.0
1750,J1833-0559,278.281667,-5.990278,18:33:07.60,-05:59:25.0,0.48345888008,5e-11,353.0,6.0
1751,J1833-0827,278.417917,-8.458667,18:33:40.30,-08:27:31.2,0.0852842512617,5e-13,411.0,2.0
1752,J1833-0831,278.434875,-8.518806,18:33:44.37,-08:31:07.7,7.5654084,5e-07,34900.0,3.1e+32
1753,J1833-1034,278.389875,-10.56875,18:33:33.57,-10:34:07.5,0.06188365001063,1.2e-13,169.5,0.1
1754,J1833-1055,278.493333,-10.925278,18:33:58.40,-10:55:31.0,0.63364029817,3e-11,543.0,4.0
1755,J1833-6023,278.311667,-60.384444,18:33:14.80,-60:23:04.0,1.8894355004,1.7e-09,35.0,6.0
1756,J1834-0010,278.571875,-0.181472,18:34:17.25,-00:10:53.3,0.520954311129,1.1e-11,88.65,0.1
1757,J1834-0031,278.712875,-0.526194,18:34:51.09,-00:31:34.3,0.329531922488,6e-12,155.1,0.6
1758,J1834-0426,278.606667,-4.437722,18:34:25.60,-04:26:15.8,0.290108193201,7e-13,79.308,0.008
1759,J1834-0602,278.658208,-6.043056,18:34:37.97,-06:02:35.0,0.4879135917,3e-11,445.0,4.0
1760,J1834-0633,278.621875,-6.550306,18:34:29.25,-06:33:01.1,0.31731488279,7e-11,707.0,9.0
1761,J1834-0731,278.566667,-7.518611,18:34:16.00,-07:31:07.0,0.51297990872,4e-11,295.0,3.0
1762,J1834-0742,278.6305,-7.705722,18:34:31.32,-07:42:20.6,0.788353566535,1.9e-11,552.0,20.0
1763,J1834-0812,278.624167,-8.2,18:34:29.80,-08:12:00.0,0.4911415563,2e-10,1020.0,50.0
1764,J1834-0845,278.717167,-8.765556,18:34:52.12,-08:45:56.0,2.4823018,1e-07,4940.0,2.1e+34
1765,J1834-09,278.65,-9.25,18:34:36.00,-09:15:00.0,0.5123273,1e-06,529.0,7.0
1766,J1834+10,278.6125,10.733333,18:34:27.00,+10:44:00.0,1.172719,3e-06,62.0,10.0
1767,J1834-1202,278.596333,-12.040667,18:34:23.12,-12:02:26.4,0.610258781957,1.2e-11,342.4,1.0
1768,J1834-1710,278.7225,-17.180556,18:34:53.40,-17:10:50.0,0.358306049291,6e-12,123.8,0.5
1769,J1834-1855,278.691417,-18.933056,18:34:45.94,-18:55:59.0,1.46565577133,7e-11,185.2,1.0
1770,J1835-0114,278.841333,-1.242667,18:35:21.92,-01:14:33.6,0.00511638764424,1.2e-14,98.0,1.0
1771,J1835-0349,278.803958,-3.819417,18:35:12.95,-03:49:09.9,0.84186451859,4e-11,269.6,0.7
1772,J1835-0522,278.783833,-5.368889,18:35:08.12,-05:22:08.0,1.08774918841,8e-11,456.0,4.0
1773,J1835-0643,278.773167,-6.718444,18:35:05.56,-06:43:06.4,0.305830097712,1.7e-11,472.9,1.0
1774,J1835-0924,278.908417,-9.4075,18:35:38.02,-09:24:27.0,0.8591920352,3e-10,471.0,7.0
1775,J1835-09242,278.840917,-9.404417,18:35:21.82,-09:24:15.9,0.235248924972,4e-12,500.0,6.85
1776,J1835-0928,278.842583,-9.467222,18:35:22.22,-09:28:02.0,0.62173399423,3e-11,450.0,6.36
1777,J1835-0944,278.944417,-9.741389,18:35:46.66,-09:44:29.0,0.145346822521,1.5e-11,277.2,0.5
1778,J1835-0946,278.936917,-9.777222,18:35:44.86,-09:46:38.0,0.37953610601,5e-11,193.3,0.5
1779,J1835-1020,278.989792,-10.334667,18:35:57.55,-10:20:04.8,0.302448108644,5e-12,113.7,0.9
1780,J1835-1106,278.826208,-11.104194,18:35:18.29,-11:06:15.1,0.1659069781495,2e-13,132.679,0.003
1781,J1835-1548,278.959708,-15.810556,18:35:50.33,-15:48:38.0,0.67048566238,9e-11,327.0,6.0
1782,J1835-3259A,278.933333,-32.990278,18:35:44.00,-32:59:25.0,0.003889,63.35,10.7,2.49
1783,J1836-0436,279.215792,-4.610472,18:36:51.79,-04:36:37.7,0.354236507718,6e-12,231.5,0.3
1784,J1836-0517,279.105,-5.293056,18:36:25.20,-05:17:35.0,0.45724503044,3e-11,564.0,5.0
1785,J1836-1008,279.224667,-10.135639,18:36:53.92,-10:08:08.3,0.56271073614,3e-11,316.98,0.03
1786,J1836-11,279.025,-11.283333,18:36:06.00,-11:17:00.0,0.4961931,1.1e-06,326.0,8.0
1787,J1836-1324,279.217875,-13.409333,18:36:52.29,-13:24:33.6,0.1787563517731,1.6e-12,157.33,0.1
1788,J1836-2354A,279.106042,-23.914556,18:36:25.45,-23:54:52.4,0.00335433608291,1e-16,89.107,0.002
1789,J1836-2354B,279.101458,-23.907972,18:36:24.35,-23:54:28.7,0.00323227396916,4e-15,93.3,0.2
1790,J1836+5925,279.056958,59.425028,18:36:13.67,+59:25:30.1,0.173263836028,1e-11,1830000.0,1.1e+34
1791,J1837-0045,279.383958,-0.752944,18:37:32.15,-00:45:10.6,0.617036695541,6e-12,86.98,0.09
1792,J1837+0053,279.368542,0.886944,18:37:28.45,+00:53:13.0,0.47351252978,4e-11,124.0,3.0
1793,J1837-0559,279.348583,-5.991194,18:37:23.66,-05:59:28.3,0.201062574029,5e-12,317.8,0.7
1794,J1837-0604,279.431458,-6.080278,18:37:43.55,-06:04:49.0,0.09629420774,3e-11,462.0,1.0
1795,J1837-0653,279.311042,-6.883917,18:37:14.65,-06:53:02.1,1.90580870607,3e-11,316.1,0.4
1796,J1837-08,279.429167,-8.334444,18:37:43.00,-08:20:04.0,1.099,510.0,7.04,7.04
1797,J1837+1221,279.279667,12.365,18:37:07.12,+12:21:54.0,1.96353198352,1.2e-10,100.6,0.4
1798,J1837-1243,279.289208,-12.732222,18:37:09.41,-12:43:56.0,1.87601852435,1.1e-10,300.0,9.0
1799,J1837-1837,279.476042,-18.618889,18:37:54.25,-18:37:08.0,0.618357697387,1.6e-11,100.74,0.1
1800,J1838-01,279.625,-1.016667,18:38:30.00,-01:01:00.0,0.1832948,2e-07,320.4,6.88
1801,J1838-0107,279.66425,-1.130167,18:38:39.42,-01:07:48.6,0.4444257246169,1.7e-12,268.9,5.83
1802,J1838-0453,279.546625,-4.889722,18:38:11.19,-04:53:23.0,0.38083077683,3e-11,621.0,9.0
1803,J1838-0537,279.733417,-5.619167,18:38:56.02,-05:37:09.0,0.1457077402,3e-10,4890.0,6e+36
1804,J1838-0549,279.658708,-5.82,18:38:38.09,-05:49:12.0,0.235303200419,1e-11,274.0,7.0
1805,J1838-0624,279.71575,-6.415,18:38:51.78,-06:24:54.0,0.92717774151,5e-11,424.0,9.0
1806,J1838-0655,279.513042,-6.925944,18:38:03.13,-06:55:33.4,0.070498243969,5.4e-11,6.6,22700.0
1807,J1838-1046,279.610333,-10.7825,18:38:26.48,-10:46:57.0,1.21835359632,8e-11,208.0,3.0
1808,J1838+1650,279.679417,16.837778,18:38:43.06,+16:50:16.0,1.90196739931,1e-11,33.9,0.2
1809,J1838-1849,279.640792,-18.833056,18:38:33.79,-18:49:59.0,0.48824200896,3e-11,169.9,6.3
1810,J1839-01,279.970833,-1.6,18:39:53.00,-01:36:00.0,0.9319,1e-05,307.0,10.0
1811,J1839-0223,279.991792,-2.385972,18:39:58.03,-02:23:09.5,1.26679012424,5e-11,330.0,5.78
1812,J1839-0321,279.906292,-3.352917,18:39:37.51,-03:21:10.5,0.2387778179,9e-12,449.1,2.0
1813,J1839-0332,279.98575,-3.549611,18:39:56.58,-03:32:58.6,2.67568226451,6e-11,195.1,4.24
1814,J1839-0402,279.96275,-4.04025,18:39:51.06,-04:02:24.9,0.520939679547,1.7e-11,242.0,3.0
1815,J1839-0436,279.75025,-4.615972,18:39:00.06,-04:36:57.5,0.149460655762,3e-12,292.7,2.0
1816,J1839-0459,279.927583,-4.999667,18:39:42.62,-04:59:58.8,0.58531903782,3e-11,243.0,3.0
1817,J1839-0627,279.83525,-6.459444,18:39:20.46,-06:27:34.0,0.48491367908,4e-11,88.5,0.7
1818,J1839-0643,279.790833,-6.729222,18:39:09.80,-06:43:45.2,0.449548149848,1.5e-11,497.9,2.0
1819,J1839-0905,279.97275,-9.087444,18:39:53.46,-09:05:14.8,0.418968843399,1.6e-11,348.0,4.0
1820,J1839-1238,279.932125,-12.644639,18:39:43.71,-12:38:40.7,1.91142802251,5e-11,169.8,2.0
1821,J1839+15,279.75,15.0,18:39:00.00,+15:00:00.0,0.54916053388,8e-11,68.1,0.8
1822,J1840+0214,280.142042,2.248528,18:40:34.09,+02:14:54.7,0.7974780753,4e-11,182.4,1.0
1823,J1840-04,280.204167,-4.640833,18:40:49.00,-04:38:27.0,0.4223,380.0,5.52,5.52
1824,J1840-0559,280.096583,-5.987833,18:40:23.18,-05:59:16.2,0.85936846681,5e-11,321.7,1.0
1825,J1840-0626,280.067958,-6.437611,18:40:16.31,-06:26:15.4,1.8933526999,4e-10,748.0,8.0
1826,J1840-0643,280.039333,-6.729722,18:40:09.44,-06:43:47.0,0.0355778755,3e-10,500.0,6.73
1827,J1840-0753,280.198333,-7.892222,18:40:47.60,-07:53:32.0,0.4378690017,2e-10,691.0,7.0
1828,J1840-0809,280.139,-8.150917,18:40:33.36,-08:09:03.3,0.955672135909,8e-12,349.8,0.8
1829,J1840-0815,280.057375,-8.252944,18:40:13.77,-08:15:10.6,1.096439972228,1.4e-11,233.2,1.0
1830,J1840-0840,280.21625,-8.674722,18:40:51.90,-08:40:29.0,5.3093766847,2e-09,272.0,20.0
1831,J1840-1122,280.100292,-11.369639,18:40:24.07,-11:22:10.7,0.94096161661,4e-11,311.0,3.0
1832,J1840-1207,280.224083,-12.125722,18:40:53.78,-12:07:32.6,0.754470427192,6e-12,302.3,2.0
1833,J1840-1419,280.137333,-14.318056,18:40:32.96,-14:19:05.0,6.5975626227,4e-10,19.4,1.0
1834,J1840+5640,280.185875,56.682083,18:40:44.61,+56:40:55.5,1.6528618528869,2e-12,26.774,0.001
1835,J1841+0130,280.324,1.504694,18:41:17.76,+01:30:16.9,0.0297727753332,4e-13,125.88,0.06
1836,J1841-0157,280.484208,-1.965167,18:41:56.21,-01:57:54.6,0.663321097981,9e-12,475.0,3.0
1837,J1841-0310,280.357875,-3.1725,18:41:25.89,-03:10:21.0,1.6576564582,4e-10,216.0,10.0
1838,J1841-0345,280.411167,-3.811833,18:41:38.68,-03:48:42.6,0.204068115056,1.7e-11,194.32,0.06
1839,J1841-0425,280.273583,-4.422083,18:41:05.66,-04:25:19.5,0.1861488579563,4e-13,325.487,0.01
1840,J1841-0456,280.330583,-4.936444,18:41:19.34,-04:56:11.2,11.7889784,1e-06,9.6,4570.0
1841,J1841-0500,280.325583,-5.005417,18:41:18.14,-05:00:19.5,0.91291419632,1.7e-10,532.0,1.0
1842,J1841-0524,280.4555,-5.408194,18:41:49.32,-05:24:29.5,0.44574893108,3e-11,289.0,20.0
1843,J1841+0912,280.483167,9.202028,18:41:55.96,+09:12:07.3,0.381319294128,3e-12,49.107,0.008
1844,J1841-1404,280.392917,-14.071944,18:41:34.30,-14:04:19.0,1.3345572305,8e-10,267.0,8.0
1845,J1841-7845,280.357917,-78.754167,18:41:25.90,-78:45:15.0,0.3536025329,4e-10,41.0,2.0
1846,J1842-0153,280.741125,-1.89075,18:42:57.87,-01:53:26.7,1.05422825038,3e-11,434.0,5.0
1847,J1842+0257,280.628875,2.966333,18:42:30.93,+02:57:58.8,3.08825579295,1.3e-10,148.1,1.0
1848,J1842-0309,280.57925,-3.162778,18:42:19.02,-03:09:46.0,0.40491964372,3e-11,955.0,7.0
1849,J1842+0358,280.570917,3.976472,18:42:17.02,+03:58:35.3,0.233326206679,3e-12,109.9,0.4
1850,J1842-0359,280.610333,-3.999944,18:42:26.48,-03:59:59.8,1.839944315159,1.4e-11,195.98,0.08
1851,J1842-0415,280.547042,-4.260611,18:42:11.29,-04:15:38.2,0.526682241575,1.2e-11,188.0,4.0
1852,J1842-0612,280.679375,-6.21,18:42:43.05,-06:12:36.0,0.56447537999,1.6e-10,485.0,10.0
1853,J1842+0638,280.541667,6.6375,18:42:10.00,+06:38:15.0,0.313016401038,1.1e-11,212.2,1.0
1854,J1842-0800,280.728917,-8.014861,18:42:54.94,-08:00:53.5,1.25546857429,3e-11,188.6,4.23
1855,J1842-0905,280.59225,-9.090167,18:42:22.14,-09:05:24.6,0.344642757467,5e-12,343.3,0.6
1856,J1842+1332,280.624833,13.53375,18:42:29.96,+13:32:01.5,0.47160357893,3e-11,102.5,0.7
1857,J1843-0000,280.8665,-0.011361,18:43:27.96,-00:00:40.9,0.88033048188,3e-11,101.5,0.8
1858,J1843-0050,280.903,-0.836111,18:43:36.72,-00:50:10.0,0.78259846861,8e-11,507.0,7.0
1859,J1843-0137,280.802625,-1.629528,18:43:12.63,-01:37:46.3,0.66987238665,3e-11,486.0,3.0
1860,J1843-0211,280.876375,-2.184111,18:43:30.33,-02:11:02.8,2.02752438872,5e-11,441.7,0.9
1861,J1843-0355,280.777792,-3.932222,18:43:06.67,-03:55:56.0,0.132313618371,1.1e-11,797.6,3.0
1862,J1843-0408,280.931,-4.134444,18:43:43.44,-04:08:04.0,0.78193369973,7e-11,246.0,3.0
1863,J1843-0459,280.865167,-4.991778,18:43:27.64,-04:59:30.4,0.75496337007,3e-11,444.1,0.5
1864,J1843-0510,280.790542,-5.167917,18:43:09.73,-05:10:04.5,0.671613828819,1.3e-11,257.0,4.72
1865,J1843-0702,280.8435,-7.0485,18:43:22.44,-07:02:54.6,0.191614063108,3e-12,228.1,0.7
1866,J1843-0744,280.772875,-7.741694,18:43:05.49,-07:44:30.1,0.475392526561,1e-11,321.0,5.0
1867,J1843-0806,280.869625,-8.112472,18:43:28.71,-08:06:44.9,0.536413665506,9e-12,215.8,0.9
1868,J1843-1113,280.921917,-11.225306,18:43:41.26,-11:13:31.1,0.00184566629242,5e-16,59.96,0.03
1869,J1843-1448,280.75575,-14.8035,18:43:01.38,-14:48:12.6,0.00547133087551,6e-16,114.51,0.07
1870,J1843-1507,280.890042,-15.1175,18:43:33.61,-15:07:03.0,0.583550377362,5e-12,215.5,0.7
1871,J1843+2024,280.859083,20.415167,18:43:26.18,+20:24:54.6,3.4065386707,4e-10,85.3,0.2
1872,J1844+00,281.045833,0.583333,18:44:11.00,+00:35:00.0,0.460503,3e-06,345.54,0.2
1873,J1844-0030,281.17125,-0.507167,18:44:41.10,-00:30:25.8,0.64109785122,3e-11,605.0,3.0
1874,J1844+0115,281.168958,1.259722,18:44:40.55,+01:15:35.0,0.00418554393666,3e-15,148.22,0.02
1875,J1844-02,281.220833,-2.933333,18:44:53.00,-02:56:00.0,0.272963,1e-06,820.2,0.3
1876,J1844-0244,281.187375,-2.744694,18:44:44.97,-02:44:40.9,0.507722322118,1.3e-11,429.0,3.0
1877,J1844-0256,281.227833,-2.948083,18:44:54.68,-02:56:53.1,6.97127,0.00028,,
1878,J1844-0302,281.028833,-3.036444,18:44:06.92,-03:02:11.2,1.19863027492,2e-11,533.0,6.8
1879,J1844-0310,281.1895,-3.176972,18:44:45.48,-03:10:37.1,0.52504914274,4e-11,836.1,0.5
1880,J1844-0433,281.139375,-4.553444,18:44:33.45,-04:33:12.4,0.991026616395,3e-12,123.158,0.02
1881,J1844-0452,281.006417,-4.872472,18:44:01.54,-04:52:20.9,0.26944332141,3e-11,626.0,4.0
1882,J1844-0502,281.1415,-5.033472,18:44:33.96,-05:02:00.5,0.33516252825,4e-11,318.0,5.0
1883,J1844-0538,281.021292,-5.642833,18:44:05.11,-05:38:34.2,0.255699268086,8e-12,412.8,0.3
1884,J1844+1454,281.228708,14.903917,18:44:54.89,+14:54:14.1,0.37546337852,3e-11,41.498,0.001
1885,J1845-0316,281.470417,-3.268056,18:45:52.90,-03:16:05.0,0.2076357201,1e-10,500.0,0.1
1886,J1845-0434,281.394625,-4.574944,18:45:34.71,-04:34:29.8,0.4867507986,4e-10,230.8,2.0
1887,J1845-0545,281.410375,-5.755056,18:45:38.49,-05:45:18.2,1.09234815284,5e-11,315.9,1.0
1888,J1845+0623,281.285792,6.399333,18:45:08.59,+06:23:57.6,1.42165378409,7e-11,113.0,1.0
1889,J1845-0635,281.280875,-6.589833,18:45:07.41,-06:35:23.4,0.34052764699,2e-11,414.0,1.0
1890,J1845-0743,281.48825,-7.727333,18:45:57.18,-07:43:38.4,0.104694545163,5e-12,281.0,0.3
1891,J1845-0826,281.273708,-8.444361,18:45:05.69,-08:26:39.7,0.634354346767,1.7e-11,228.2,1.0
1892,J1845-1114,281.44075,-11.236389,18:45:45.78,-11:14:11.0,0.2062199811321,1.3e-12,206.7,0.5
1893,J1845-1351,281.297917,-13.865139,18:45:11.50,-13:51:54.5,2.61891846726,6e-11,197.4,1.0
1894,J1846+0051,281.682583,0.860833,18:46:43.82,+00:51:39.0,0.434372879784,1.6e-11,140.0,3.0
1895,J1846-0257,281.564542,-2.96,18:46:15.49,-02:57:36.0,4.4767225398,1e-10,237.0,7.0
1896,J1846-0258,281.603917,-2.975028,18:46:24.94,-02:58:30.1,0.32657128834,5e-11,5.8,728.0
1897,J1846-0749,281.58225,-7.822611,18:46:19.74,-07:49:21.4,0.350109572852,4e-12,388.3,0.5
1898,J1846-07492,281.533333,-7.820333,18:46:08.00,-07:49:13.2,0.861379642641,1.5e-11,192.0,5.0
1899,J1846+0919,281.608333,9.329444,18:46:26.00,+09:19:46.0,0.2255514533,3e-10,360000.0,3.4e+34
1900,J1846-7403,281.557417,-74.051111,18:46:13.78,-74:03:04.0,4.8788385261,5e-10,97.0,20.0
1901,J1847-0130,281.896708,-1.512778,18:47:35.21,-01:30:46.0,6.7070457241,9e-10,667.0,6.0
1902,J1847-0402,281.845167,-4.037278,18:47:22.84,-04:02:14.2,0.597769151294,3e-12,141.979,0.005
1903,J1847-0427,281.828583,-4.466389,18:47:18.86,-04:27:59.0,0.25924664288,2e-11,188.3,4.17
1904,J1847-0438,281.908,-4.637583,18:47:37.92,-04:38:15.3,0.95799116473,3e-11,229.0,4.0
1905,J1847-0443,281.966042,-4.726722,18:47:51.85,-04:43:36.2,0.340832130441,1.4e-11,454.9,2.0
1906,J1847-0605,281.837792,-6.08725,18:47:21.07,-06:05:14.1,0.77816435331,1.9e-11,207.9,2.0
1907,J1848-0023,282.157875,-0.388056,18:48:37.89,-00:23:17.0,0.53762373255,9e-11,30.6,0.1
1908,J1848-0055,282.189583,-0.931389,18:48:45.50,-00:55:53.0,0.27455668472,7e-11,1166.0,7.0
1909,J1848-0123,282.098292,-1.3995,18:48:23.59,-01:23:58.2,0.65943205053,3e-11,159.531,0.008
1910,J1848+0351,282.176,3.859917,18:48:42.24,+03:51:35.7,0.191442663494,2e-12,336.6,0.4
1911,J1848-0511,282.062542,-5.193889,18:48:15.01,-05:11:38.0,1.6371290072,6e-10,418.0,7.0
1912,J1848-0601,282.084792,-6.018806,18:48:20.35,-06:01:07.7,0.225004475404,4e-12,496.6,0.4
1913,J1848+0604,282.227583,6.079667,18:48:54.62,+06:04:46.8,2.21860264699,3e-11,242.7,0.7
1914,J1848+0647,282.233375,6.792139,18:48:56.01,+06:47:31.7,0.5059567391,2e-10,27.9,0.2
1915,J1848+0826,282.182375,8.443306,18:48:43.77,+08:26:35.9,0.32866472679,2e-11,90.77,0.07
1916,J1848-1150,282.049208,-11.835889,18:48:11.81,-11:50:09.2,1.31221843801,3e-11,163.4,2.0
1917,J1848-12,282.008333,-12.783333,18:48:02.00,-12:47:00.0,6.7953,0.0005,88.0,2.0
1918,J1848+12,282.125,12.833333,18:48:30.00,+12:50:00.0,0.75473,7e-05,139.0,20.0
1919,J1848-1414,282.163125,-14.238056,18:48:39.15,-14:14:17.0,0.297769547307,3e-12,134.47,0.09
1920,J1848-1952,282.075125,-19.875278,18:48:18.03,-19:52:31.0,4.30818959857,4e-11,18.23,0.07
1921,J1849-0001,282.256708,-0.021556,18:49:01.61,-00:01:17.6,0.038518943432,1.2e-11,42900.0,9.8e+36
1922,J1849-0040,282.292708,-0.672222,18:49:10.25,-00:40:20.0,0.67248060717,1.4e-10,1234.9,0.1
1923,J1849+0127,282.434083,1.456389,18:49:44.18,+01:27:23.0,0.54215548135,9e-11,207.3,3.0
1924,J1849-0317,282.491042,-3.291944,18:49:57.85,-03:17:31.0,0.66840782878,4e-11,42.9,3.0
1925,J1849+0409,282.264458,4.16175,18:49:03.47,+04:09:42.3,0.761194081655,1.1e-11,56.1,1.0
1926,J1849-0614,282.438167,-6.242083,18:49:45.16,-06:14:31.5,0.95338418817,3e-11,119.6,1.0
1927,J1849-0636,282.276792,-6.618583,18:49:06.43,-06:37:06.9,1.451319471078,1.1e-11,148.168,0.01
1928,J1849+2423,282.3945,24.396111,18:49:34.68,+24:23:46.0,0.27564149867101,7e-14,62.239,0.005
1929,J1850-0006,282.699708,-0.10725,18:50:47.93,-00:06:26.1,2.191497968,5e-10,570.0,20.0
1930,J1850-0026,282.561292,-0.436556,18:50:14.71,-00:26:11.6,0.1666339242514,2e-12,947.0,5.0
1931,J1850+0026,282.688083,0.440444,18:50:45.14,+00:26:25.6,1.08184378189,3e-11,201.4,1.0
1932,J1850-0031,282.639125,-0.519167,18:50:33.39,-00:31:09.0,0.73418485978,1e-10,895.0,8.0
1933,J1850+0124,282.504208,1.409611,18:50:01.01,+01:24:34.6,0.00355976376804,6e-15,118.89,0.05
1934,J1850+0242,282.673667,2.715944,18:50:41.68,+02:42:57.4,0.0044798640471,7e-14,540.068,0.009
1935,J1850+0423,282.597625,4.385889,18:50:23.43,+04:23:09.2,0.290716217162,3e-12,265.8,0.4
1936,J1850+1335,282.647792,13.599556,18:50:35.47,+13:35:58.4,0.3455818980725,4e-13,60.147,0.008
1937,J1850+15,282.5375,15.533333,18:50:09.00,+15:32:00.0,1.383965,3e-06,24.7,9.0
1938,J1851-0029,282.979542,-0.499472,18:51:55.09,-00:29:58.1,0.518721435025,9e-12,510.0,20.0
1939,J1851-0053,282.763208,-0.885361,18:51:03.17,-00:53:07.3,1.40906524128,1.6e-10,24.0,4.0
1940,J1851-0114,282.818375,-1.237056,18:51:16.41,-01:14:13.4,0.95318168518,4e-11,427.2,1.0
1941,J1851+0118,282.967417,1.316389,18:51:52.18,+01:18:59.0,0.90697686069,1.4e-10,418.0,7.0
1942,J1851+0232,282.75,2.533333,18:51:00.00,+02:32:00.0,0.34402,605.4,14.8,14.8
1943,J1851-0241,282.813583,-2.691944,18:51:15.26,-02:41:31.0,0.43519385185,4e-11,515.0,5.0
1944,J1851+0418,282.76375,4.303333,18:51:03.30,+04:18:12.0,0.284697472498,3e-12,115.54,0.05
1945,J1851+1259,282.805083,12.993139,18:51:13.22,+12:59:35.3,1.20530328456,1.1e-10,70.615,0.02
1946,J1852+0008,283.17825,0.136,18:52:42.78,+00:08:09.6,0.467894113075,2e-11,254.9,2.0
1947,J1852+0013,283.174083,0.232528,18:52:41.78,+00:13:57.1,0.95775094505,5e-11,545.0,3.0
1948,J1852+0031,283.11425,0.533889,18:52:27.42,+00:32:02.0,2.18019517754,1.5e-10,787.0,20.0
1949,J1852+0033,283.194167,0.555806,18:52:46.60,+00:33:20.9,11.55871346,6e-08,,
1950,J1852+0040,283.160708,0.672167,18:52:38.57,+00:40:19.8,0.104912611147,4e-12,10.0,192000000.0
1951,J1852-0118,283.071458,-1.304111,18:52:17.15,-01:18:14.8,0.45147285265,3e-11,286.0,3.0
1952,J1852-0127,283.015,-1.4565,18:52:03.60,-01:27:23.4,0.42897892562,3e-11,431.0,3.0
1953,J1852+0305,283.135833,3.084722,18:52:32.60,+03:05:05.0,1.326148567,8e-10,320.0,10.0
1954,J1852-0635,283.239083,-6.599167,18:52:57.38,-06:35:57.0,0.52415088472,1.4e-10,171.0,6.0
1955,J1852-2610,283.247792,-26.170194,18:52:59.47,-26:10:12.7,0.33633713162,6e-13,56.814,0.02
1956,J1853-0004,283.345917,-0.075639,18:53:23.02,-00:04:32.3,0.1014357461981,1.4e-12,438.2,0.8
1957,J1853+0011,283.374875,0.191583,18:53:29.97,+00:11:29.7,0.397881893633,1.2e-11,568.8,2.0
1958,J1853+0056,283.386083,0.949722,18:53:32.66,+00:56:59.0,0.27557759958,6e-11,180.9,1.0
1959,J1853+03,283.25,3.0,18:53:00.00,+03:00:00.0,0.58553,290.2,6.11,6.11
1960,J1853+0505,283.268167,5.090583,18:53:04.36,+05:05:26.1,0.90513735425,3e-11,279.0,3.0
1961,J1853+0545,283.493375,5.765361,18:53:58.41,+05:45:55.3,0.12640033324309,1.6e-13,198.7,0.5
1962,J1853-0649,283.355917,-6.823861,18:53:25.42,-06:49:25.9,1.048132105087,5.4e-11,44.541,0.04
1963,J1853+0853,283.341958,8.888056,18:53:22.07,+08:53:17.0,3.9146579157,5e-10,214.0,5.0
1964,J1853+1303,283.488833,13.06225,18:53:57.32,+13:03:44.1,0.1,0.2,0.00409179738146,3e-17
1965,J1854+00,283.5,,18:54:00.00,+00:00:00.0,0.76733,532.9,7.31,7.31
1966,J1854+0306,283.512417,3.103889,18:54:02.98,+03:06:14.0,4.5578200962,1e-10,192.4,5.0
1967,J1854+0317,283.621083,3.291944,18:54:29.06,+03:17:31.0,1.3664496471,2e-10,404.0,8.0
1968,J1854+1050,283.622208,10.778333,18:54:29.33,+10:46:42.0,0.573196989078,2e-11,207.2,0.3
1969,J1854-1421,283.684542,-14.357333,18:54:44.29,-14:21:26.4,1.146594847118,1.4e-11,130.4,0.03
1970,J1854-1557,283.723333,-15.956111,18:54:53.60,-15:57:22.0,3.4532,0.0001,160.0,20.0
1971,J1855+0205,283.925208,2.093444,18:55:42.05,+02:05:36.4,0.2468167699732,9e-13,867.3,0.2
1972,J1855+0307,283.860958,3.122278,18:55:26.63,+03:07:20.2,0.84534757461,4e-11,402.5,2.0
1973,J1855+0422,283.922375,4.379722,18:55:41.37,+04:22:47.0,1.6781063295,3e-10,438.0,6.0
1974,J1855+0527,283.812792,5.461306,18:55:15.07,+05:27:40.7,1.39348448168,8e-11,362.0,3.0
1975,J1855+0700,283.823833,7.010306,18:55:17.72,+07:00:37.1,0.258684648071,7e-12,244.0,4.0
1976,J1855-0941,283.815333,-9.683889,18:55:15.68,-09:41:02.0,0.34540115992,4e-11,151.99,0.1
1977,J1856+0102,284.11875,1.036278,18:56:28.50,+01:02:10.6,0.620217115135,2e-11,554.0,3.0
1978,J1856+0113,284.044375,1.222583,18:56:10.65,+01:13:21.3,0.26743960987,7e-11,96.74,0.1
1979,J1856+0245,284.212083,2.763056,18:56:50.90,+02:45:47.0,0.08090668906,4e-11,623.5,0.2
1980,J1856+0404,284.110833,4.073889,18:56:26.60,+04:04:26.0,0.42025215518,9e-11,341.3,0.7
1981,J1856-0526,284.091583,-5.449111,18:56:21.98,-05:26:56.8,0.370483417429,7e-12,130.5,0.4
1982,J1856-3754,284.147542,-37.902222,18:56:35.41,-37:54:08.0,6.2,0.6,7.05520287,3e-08
1983,J1857+0057,284.253333,0.954667,18:57:00.80,+00:57:16.8,0.356928998022,4e-12,82.39,0.1
1984,J1857+0143,284.387542,1.729722,18:57:33.01,+01:43:47.0,0.139760064515,4e-12,249.0,3.0
1985,J1857+0210,284.420417,2.182778,18:57:40.90,+02:10:58.0,0.63098305833,6e-11,783.0,10.0
1986,J1857+0212,284.431833,2.211417,18:57:43.64,+02:12:41.1,0.415823055263,7e-12,506.77,0.2
1987,J1857+0526,284.316083,5.441306,18:57:15.86,+05:26:28.7,0.349951177522,4e-12,466.4,1.0
1988,J1857+0809,284.288792,8.151194,18:57:09.31,+08:09:04.3,0.502923870516,1.3e-11,282.0,3.0
1989,J1857+0943,284.401625,9.721444,18:57:36.39,+09:43:17.2,0.3,0.2,0.00536210054793,3e-17
1990,J1857-1027,284.360208,-10.450278,18:57:26.45,-10:27:01.0,3.6872190477,3e-10,108.9,0.7
1991,J1858+02,284.5,2.0,18:58:00.00,+02:00:00.0,0.19765,492.1,8.51,8.51
1992,J1858+0215,284.572625,2.260556,18:58:17.43,+02:15:38.0,0.745828032,3e-10,702.0,0.1
1993,J1858+0241,284.724208,2.693889,18:58:53.81,+02:41:38.0,4.6932329333,1.2e-09,336.0,20.0
1994,J1858+0346,284.593167,3.777167,18:58:22.36,+03:46:37.8,0.25684379795,5e-12,386.0,1.0
1995,J1858-0736,284.684583,-7.616667,18:58:44.30,-07:37:00.0,0.551058591,2e-09,194.0,7.2
1996,J1858-2216,284.5,-22.266667,18:58:00.00,-22:16:00.0,0.00238,26.6,1.35,1.35
1997,J1859+00,284.941667,0.583333,18:59:46.00,+00:35:00.0,0.559634,3e-06,420.0,3.0
1998,J1859+0601,284.940667,6.029472,18:59:45.76,+06:01:46.1,1.04431270179,1.5e-10,276.0,7.0
1999,J1859+1526,284.934958,15.436389,18:59:44.39,+15:26:11.0,0.933971582308,1.9e-11,97.45,0.02
2000,J1859+76,284.75,76.9,18:59:00.00,+76:54:00.0,1.393617,8.7e-05,47.0,2.0
2001,J1900-0051,285.194333,-0.852333,19:00:46.64,-00:51:08.4,0.385194094862,6e-12,136.8,0.7
2002,J1900+0227,285.160833,2.458889,19:00:38.60,+02:27:32.0,0.37426157516,3e-11,201.1,2.0
2003,J1900+0308,285.210625,3.140028,19:00:50.55,+03:08:24.1,0.00490923901642,5e-15,249.898,0.01
2004,J1900+0634,285.116792,6.572472,19:00:28.03,+06:34:20.9,0.389869101178,2e-11,323.4,2.0
2005,J1900-09,285.058333,-9.468611,19:00:14.00,-09:28:07.0,1.424,150.0,5.76,5.76
2006,J1900-2600,285.19825,-26.012167,19:00:47.58,-26:00:43.8,0.5,0.6,0.6122092044383,7e-13
2007,J1900+30,285.075,30.883333,19:00:18.00,+30:53:00.0,0.602227,3e-06,65.0,10.0
2008,J1900-7951,285.101667,-79.863389,19:00:24.40,-79:51:48.2,1.2791931935,6e-10,39.0,5.0
2009,J1901+00,285.383333,0.433333,19:01:32.00,+00:26:00.0,0.777662,3e-06,345.5,1.0
2010,J1901+0124,285.468958,1.413694,19:01:52.55,+01:24:49.3,0.318817259335,1.1e-11,314.4,1.0
2011,J1901+0156,285.392875,1.943944,19:01:34.29,+01:56:38.2,0.2882191593441,1e-12,105.394,0.007
2012,J1901+0235,285.25,2.583333,19:01:00.00,+02:35:00.0,0.88524,403.0,8.33,8.33
2013,J1901+0254,285.315292,2.911389,19:01:15.67,+02:54:41.0,1.2996934495,3e-10,185.0,5.0
2014,J1901+0300,285.498417,3.006472,19:01:59.62,+03:00:23.3,0.00779677625972,4e-15,253.887,0.002
2015,J1901-0312,285.315292,-3.208194,19:01:15.67,-03:12:29.5,0.355725186569,1.4e-11,106.4,1.0
2016,J1901-0315,285.318042,-3.253972,19:01:16.33,-03:15:14.3,0.80169309688,1.1e-10,242.6,2.0
2017,J1901+0320,285.262542,3.338333,19:01:03.01,+03:20:18.0,0.63658447822,8e-11,393.0,7.0
2018,J1901+0331,285.382417,3.518306,19:01:31.78,+03:31:05.9,0.65545023949,4e-11,402.08,0.01
2019,J1901+0355,285.378375,3.933028,19:01:30.81,+03:55:58.9,0.55475646483,3e-11,547.0,3.0
2020,J1901+0413,285.292917,4.230833,19:01:10.30,+04:13:51.0,2.663079683,8e-10,352.0,3.0
2021,J1901+0435,285.384167,4.589722,19:01:32.20,+04:35:23.0,0.6905763581,3e-10,1042.6,1.0
2022,J1901+0459,285.25,4.983333,19:01:00.00,+04:59:00.0,0.87706,1103.6,30.0,30.0
2023,J1901+0510,285.491042,5.176111,19:01:57.85,+05:10:34.0,0.61475669408,1.2e-10,429.0,7.0
2024,J1901+0621,285.274833,6.355278,19:01:05.96,+06:21:19.0,0.83200194892,5e-11,94.0,7.0
2025,J1901+0716,285.41225,7.276333,19:01:38.94,+07:16:34.8,0.64399866351,4e-11,252.81,0.07
2026,J1901-0906,285.470917,-9.103,19:01:53.02,-09:06:10.8,1.781927762343,5e-12,72.677,0.02
2027,J1901+1306,285.453208,13.113417,19:01:48.77,+13:06:48.3,1.830857453,2e-10,75.03,0.08
2028,J1901-1740,285.325125,-17.666667,19:01:18.03,-17:40:00.0,1.95685759005,1.6e-10,24.4,0.6
2029,J1902+02,285.5,2.0,19:02:00.00,+02:00:00.0,0.41532,281.2,6.37,6.37
2030,J1902+0248,285.709417,2.815556,19:02:50.26,+02:48:56.0,1.22377745359,1.7e-10,272.0,0.1
2031,J1902-0340,285.71125,-3.671667,19:02:50.70,-03:40:18.0,1.524672106,4e-10,114.0,6.0
2032,J1902+0556,285.677583,5.940528,19:02:42.62,+05:56:25.9,0.7465773564336,1.7e-12,177.486,0.01
2033,J1902+0615,285.7095,6.275944,19:02:50.28,+06:16:33.4,0.67350331693,1e-11,502.9,0.02
2034,J1902+0723,285.556417,7.3975,19:02:13.54,+07:23:51.0,0.4878126283,2e-10,105.0,0.3
2035,J1902-10,285.575,-10.659167,19:02:18.00,-10:39:33.0,0.7868,91.0,3.15,3.15
2036,J1902-5105,285.511875,-51.099167,19:02:02.85,-51:05:57.0,0.00174239994991,1.6e-16,36.25,0.01
2037,J1902-70,285.5,-70.0,19:02:00.00,-70:00:00.0,0.0036,19.5,1.12,1.12
2038,J1903+0135,285.874917,1.593972,19:03:29.98,+01:35:38.3,0.729303862273,6e-12,245.167,0.006
2039,J1903-0258,285.876417,-2.971,19:03:30.34,-02:58:15.6,0.301458774079,6e-12,113.0,0.5
2040,J1903+0327,285.774125,3.455333,19:03:05.79,+03:27:19.2,0.00214991236435,5e-17,297.5245,0.0006
2041,J1903+0415,285.75,4.25,19:03:00.00,+04:15:00.0,1.15139,473.5,9.65,9.65
2042,J1903+0601,285.836958,6.026111,19:03:20.87,+06:01:34.0,0.374117028251,5e-12,388.0,3.0
2043,J1903-0632,285.908083,-6.539417,19:03:37.94,-06:32:21.9,0.43188708466,6e-11,195.611,0.01
2044,J1903-0848,285.796958,-8.815944,19:03:11.27,-08:48:57.4,0.88732464056,4e-11,66.99,0.04
2045,J1903+0925,285.979917,9.431944,19:03:55.18,+09:25:55.0,0.35715482026,9e-11,162.0,6.0
2046,J1903+2225,285.970625,22.420083,19:03:52.95,+22:25:12.3,0.65118538418,1.4e-10,109.2,0.03
2047,J1903-7051,285.911625,-70.862083,19:03:38.79,-70:51:43.5,0.00359789801889,1.1e-15,19.66,0.01
2048,J1904+0004,286.053,0.068139,19:04:12.72,+00:04:05.3,0.1395246286237,1e-12,233.61,0.04
2049,J1904-0150,286.2315,-1.842361,19:04:55.56,-01:50:32.5,0.379387161967,6e-12,162.2,0.5
2050,J1904+0412,286.13075,4.201639,19:04:31.38,+04:12:05.9,0.0710948973807,3e-13,185.9,0.7
2051,J1904+0451,286.247417,4.865278,19:04:59.38,+04:51:55.0,0.00609236792963,4e-15,182.705,0.004
2052,J1904+0738,286.031375,7.647694,19:04:07.53,+07:38:51.7,0.2089583321216,2e-13,278.32,0.08
2053,J1904+0800,286.014583,8.014611,19:04:03.50,+08:00:52.6,0.26334472587,9e-12,438.8,1.0
2054,J1904+1011,286.010375,10.192944,19:04:02.49,+10:11:34.6,1.8565697165,7e-11,135.0,2.0
2055,J1904-1224,286.138667,-12.400361,19:04:33.28,-12:24:01.3,0.75080812238,3e-12,118.23,0.04
2056,J1904-16,286.1875,-16.413056,19:04:45.00,-16:24:47.0,1.541,150.0,9.86,9.86
2057,J1905-0056,286.365583,-0.944722,19:05:27.74,-00:56:41.0,0.643181259558,3e-12,229.131,0.005
2058,J1905+0154A,286.314167,1.909167,19:05:15.40,+01:54:33.0,0.00319294082,1e-11,193.692,0.008
2059,J1905+0400,286.367792,4.003028,19:05:28.27,+04:00:10.9,0.00378440478824,3e-16,25.6923,0.001
2060,J1905+0600,286.268125,6.016639,19:05:04.35,+06:00:59.9,0.441209731966,1.8e-11,730.1,2.0
2061,J1905+0616,286.278542,6.271306,19:05:06.85,+06:16:16.7,0.989706023196,7e-12,256.05,0.01
2062,J1905+0709,286.473417,7.155389,19:05:53.62,+07:09:19.4,0.6480400543,7e-11,245.34,0.1
2063,J1905+0902,286.331417,9.042361,19:05:19.54,+09:02:32.5,0.2182529126846,9e-13,433.4,0.1
2064,J1906+0055,286.5,0.916667,19:06:00.00,+00:55:00.0,0.00279,126.9,3.3,3.3
2065,J1906+0414,286.740792,4.2415,19:06:57.79,+04:14:29.4,1.043361628655,9e-12,349.0,9.0
2066,J1906+0641,286.646833,6.684139,19:06:35.24,+06:41:02.9,0.2672750082591,5e-13,472.8,0.3
2067,J1906+0649,286.549875,6.830028,19:06:11.97,+06:49:48.1,1.28656437956,1e-10,249.0,4.0
2068,J1906+0722,286.63,7.382167,19:06:31.20,+07:22:55.8,0.1115241364978,1.3e-12,49200.0,1e+36
2069,J1906+0725,286.5,7.416667,19:06:00.00,+07:25:00.0,1.53651,480.4,9.17,9.17
2070,J1906+0746,286.703583,7.773861,19:06:48.86,+07:46:25.9,0.14407315538,5e-11,217.7508,0.0004
2071,J1906+0912,286.618583,9.215722,19:06:28.46,+09:12:56.6,0.77534458995,5e-11,265.0,5.0
2072,J1906+1854,286.686292,18.902361,19:06:44.71,+18:54:08.5,1.01909277135,8e-11,156.72,0.04
2073,J1907+0249,286.925125,2.828056,19:07:42.03,+02:49:41.0,0.351879439822,2e-11,261.0,6.0
2074,J1907+0256,286.75,2.933333,19:07:00.00,+02:56:00.0,0.61877,250.4,6.68,6.68
2075,J1907+0345,286.810583,3.752944,19:07:14.54,+03:45:10.6,0.240153263208,5e-12,311.7,0.9
2076,J1907+05,286.75,5.0,19:07:00.00,+05:00:00.0,0.16868,456.7,11.03,11.03
2077,J1907+0534,286.84725,5.581389,19:07:23.34,+05:34:53.0,1.1384027132,6e-10,524.0,4.0
2078,J1907+0602,286.978083,6.038028,19:07:54.74,+06:02:16.9,0.106632746266,5e-12,82.1,1.0
2079,J1907+0731,286.978292,7.52275,19:07:54.79,+07:31:21.9,0.363676330005,1.2e-11,239.8,1.0
2080,J1907+0740,286.933833,7.672944,19:07:44.12,+07:40:22.6,0.574697951954,1.7e-11,332.0,3.0
2081,J1907+0918,286.8435,9.308556,19:07:22.44,+09:18:30.8,0.2261071099878,6e-13,357.9,0.1
2082,J1907+0919,286.809708,9.32225,19:07:14.33,+09:19:20.1,5.198346,3e-06,895.0,2.6e+34
2083,J1907+1149,286.907417,11.826972,19:07:37.78,+11:49:37.1,1.42016034143,1.7e-10,202.8,2.0
2084,J1907+1247,286.794583,12.793306,19:07:10.70,+12:47:35.9,0.82709737059,3e-11,257.0,1.0
2085,J1907-1532,286.77825,-15.537472,19:07:06.78,-15:32:14.9,0.63223532885,4e-11,72.6,0.7
2086,J1907+4002,286.894417,40.034917,19:07:34.66,+40:02:05.7,1.235757452781,3e-12,30.96,0.03
2087,J1908+0457,287.067292,4.961389,19:08:16.15,+04:57:41.0,0.8467928462,4e-10,360.0,5.0
2088,J1908+0500,287.0215,5.015111,19:08:05.16,+05:00:54.4,0.29102078676,3e-11,201.42,0.02
2089,J1908+0734,287.070875,7.570667,19:08:17.01,+07:34:14.4,0.212352673319,2e-12,11.104,0.01
2090,J1908+0839,287.077125,8.666444,19:08:18.51,+08:39:59.2,0.185397243919,1.4e-11,512.1,2.0
2091,J1908+0909,287.031,9.153444,19:08:07.44,+09:09:12.4,0.336554651762,1.6e-11,467.5,2.0
2092,J1908+0916,287.244833,9.270556,19:08:58.76,+09:16:14.0,0.83026988471,6e-11,249.8,0.5
2093,J1908+2351,287.133083,23.861639,19:08:31.94,+23:51:41.9,0.377578026,1e-09,101.5,0.7
2094,J1909+0007,287.396917,0.132722,19:09:35.26,+00:07:57.8,1.01694836198,4e-11,112.787,0.006
2095,J1909+0254,287.409625,2.914083,19:09:38.31,+02:54:50.7,0.98983120721,5e-12,171.734,0.009
2096,J1909+0616,287.463375,6.281056,19:09:51.21,+06:16:51.8,0.75599276085,1.8e-10,352.0,4.0
2097,J1909+0641,287.371042,6.6905,19:09:29.05,+06:41:25.8,0.741761952452,6e-12,36.7,0.2
2098,J1909+0749,287.284167,7.825556,19:09:08.20,+07:49:32.0,0.23716129322,9e-11,539.36,0.05
2099,J1909+0912,287.332958,9.214917,19:09:19.91,+09:12:53.7,0.222949273318,1.5e-11,421.5,2.0
2100,J1909+1102,287.452875,11.03425,19:09:48.69,+11:02:03.3,0.2836413311242,9e-13,149.982,0.004
2101,J1909+1148,287.25,11.8,19:09:00.00,+11:48:00.0,0.44895,201.9,5.18,5.18
2102,J1909+1450,287.362333,14.849444,19:09:26.96,+14:50:58.0,0.9961077952,4e-10,119.5,0.2
2103,J1909+1859,287.3275,18.986306,19:09:18.60,+18:59:10.7,0.54245109601,4e-11,64.477,0.007
2104,J1909-3744,287.447625,-37.737361,19:09:47.43,-37:44:14.5,0.81,0.003,0.00294710806916,3e-18
2105,J1910-0112,287.565417,-1.201667,19:10:15.70,-01:12:06.0,1.360602928,8e-10,178.0,30.0
2106,J1910+0225,287.543167,2.423222,19:10:10.36,+02:25:23.6,0.337854845269,1.1e-11,209.0,3.0
2107,J1910-0309,287.623667,-3.165028,19:10:29.68,-03:09:54.1,0.504604607817,1.3e-11,205.53,0.03
2108,J1910+0358,287.53775,3.974444,19:10:09.06,+03:58:28.0,2.33026282052,7e-11,82.93,0.1
2109,J1910+0534,287.610458,5.569167,19:10:26.51,+05:34:09.0,0.45286735393,9e-11,484.0,3.0
2110,J1910+0714,287.5775,7.236611,19:10:18.60,+07:14:11.8,2.7124228384,3e-10,124.06,0.05
2111,J1910+0728,287.592,7.476972,19:10:22.08,+07:28:37.1,0.325415321974,3e-12,283.7,0.4
2112,J1910+1027,287.5,10.45,19:10:00.00,+10:27:00.0,0.53147,705.7,19.2,19.2
2113,J1910+1231,287.556375,12.527833,19:10:13.53,+12:31:40.2,1.441741592612,1.5e-11,258.64,0.1
2114,J1910+1256,287.540417,12.940417,19:10:09.70,+12:56:25.5,0.00498358394057,3e-17,38.0701,0.0008
2115,J1910-5959A,287.928167,-59.974139,19:11:42.76,-59:58:26.9,0.00326618657079,9e-17,33.6998,0.002
2116,J1910-5959B,287.716917,-59.983583,19:10:52.06,-59:59:00.9,0.00835779850084,2e-15,33.28,0.04
2117,J1910-5959C,287.773167,-60.016583,19:11:05.56,-60:00:59.7,0.00527732693231,1.5e-15,33.21,0.04
2118,J1910-5959D,287.718417,-59.984861,19:10:52.42,-59:59:05.5,0.00903528524777,4e-15,33.28,0.02
2119,J1910-5959E,287.717333,-59.983917,19:10:52.16,-59:59:02.1,0.00457176593975,2e-15,33.31,0.03
2120,J1911+00,287.95,0.616667,19:11:48.00,+00:37:00.0,6.94,0.01,100.0,3.0
2121,J1911+0101A,287.796208,1.036028,19:11:11.09,+01:02:09.7,0.00361852425106,2e-15,202.678,0.003
2122,J1911+0101B,287.802375,1.030667,19:11:12.57,+01:01:50.4,0.00538432570619,9e-15,196.69,0.02
2123,J1911+09,287.75,9.0,19:11:00.00,+09:00:00.0,0.27371,334.7,6.88,6.88
2124,J1911+10,287.75,10.0,19:11:00.00,+10:00:00.0,0.19089,446.2,8.19,8.19
2125,J1911-1114,287.955375,-11.239528,19:11:49.29,-11:14:22.3,0.0036257455714,5e-16,30.975,0.0009
2126,J1911+1347,287.98,13.792889,19:11:55.20,+13:47:34.4,0.00462596246526,1.5e-15,30.99,0.05
2127,J1911+1758,287.980792,17.979389,19:11:55.39,+17:58:45.8,0.46040581878,1.4e-10,48.971,0.01
2128,J1912+1036,288.193042,10.611556,19:12:46.33,+10:36:41.6,0.409349485862,6e-12,147.0,0.5
2129,J1912+2104,288.180625,21.076056,19:12:43.35,+21:04:33.8,2.232969028273,8e-12,88.34,0.03
2130,J1912+2525,288.077625,25.41725,19:12:18.63,+25:25:02.1,0.62197624506,6e-11,37.836,0.008
2131,J1913-0440,288.475708,-4.679917,19:13:54.17,-04:40:47.7,0.825935803096,9e-12,89.385,0.01
2132,J1913+0446,288.46175,4.768333,19:13:50.82,+04:46:06.0,1.61612987171,1.6e-10,109.1,2.0
2133,J1913+0617,288.25,6.283333,19:13:00.00,+06:17:00.0,0.00503,155.8,3.97,3.97
2134,J1913+0832,288.252083,8.53475,19:13:00.50,+08:32:05.1,0.134409003575,1.1e-11,355.2,1.0
2135,J1913+0904,288.33775,9.079278,19:13:21.06,+09:04:45.4,0.163245785775,1.1e-11,95.3,0.6
2136,J1913+0936,288.469583,9.611611,19:13:52.70,+09:36:41.8,1.24196459936,3e-11,157.0,2.0
2137,J1913+1000,288.264958,10.000667,19:13:03.59,+10:00:02.4,0.83714819649,5e-11,422.0,3.0
2138,J1913+1011,288.33475,10.189722,19:13:20.34,+10:11:23.0,0.03590861279827,1.5e-13,178.8,0.3
2139,J1913+1103,288.25,11.05,19:13:00.00,+11:03:00.0,0.92391,628.9,12.69,12.69
2140,J1913+1145,288.432833,11.759194,19:13:43.88,+11:45:33.1,0.30606864497,3e-11,637.0,2.0
2141,J1913+1330,288.324875,13.509111,19:13:17.97,+13:30:32.8,0.92339055858,2e-11,175.64,0.06
2142,J1913+1400,288.3515,14.014639,19:13:24.36,+14:00:52.7,0.5214727140817,1.7e-12,145.052,0.005
2143,J1913+3732,288.366208,37.53675,19:13:27.89,+37:32:12.3,0.851078948902,7e-12,69.0,5.5
2144,J1914+0219,288.599125,2.329944,19:14:23.79,+02:19:47.8,0.457526573507,1.1e-11,233.8,0.4
2145,J1914+0631,288.571833,6.532306,19:14:17.24,+06:31:56.3,0.69381120574,5e-11,58.0,3.0
2146,J1914+0659,288.5,6.983333,19:14:00.00,+06:59:00.0,0.01851,224.7,5.26,5.26
2147,J1914+1122,288.542167,11.367694,19:14:10.12,+11:22:03.7,0.60099749634,9e-11,100.0,10.0
2148,J1915+0227,288.758833,2.463278,19:15:02.12,+02:27:47.8,0.3173062332319,1.6e-12,192.6,0.5
2149,J1915+0738,288.853333,7.642056,19:15:24.80,+07:38:31.4,1.54270444942,1e-10,39.0,0.08
2150,J1915+0752,288.758083,7.869222,19:15:01.94,+07:52:09.2,2.05831378861,7e-11,105.3,0.3
2151,J1915+0838,288.807792,8.649917,19:15:13.87,+08:38:59.7,0.34277679653,4e-11,358.0,3.0
2152,J1915+1009,288.874917,10.162139,19:15:29.98,+10:09:43.7,0.404547474466,4e-12,241.693,0.01
2153,J1915-11,288.75,-11.5,19:15:00.00,-11:30:00.0,2.177,0.0002,91.06,0.08
2154,J1915+1144,288.75,11.733333,19:15:00.00,+11:44:00.0,0.17365,338.3,6.9,6.9
2155,J1915+1149,288.75,11.816667,19:15:00.00,+11:49:00.0,0.10004,702.1,18.89,18.89
2156,J1915+1410,288.897583,14.180972,19:15:35.42,+14:10:51.5,0.29749412167,7e-12,273.7,0.3
2157,J1915+1606,288.866667,16.107611,19:15:28.00,+16:06:27.4,0.059030003218,6e-13,168.77,0.01
2158,J1915+1647,288.829583,16.785694,19:15:19.10,+16:47:08.5,1.616231495126,8e-12,62.57,0.07
2159,J1916+0748,289.214583,7.8,19:16:51.50,+07:48:00.0,0.54175211381,1.7e-10,304.0,2.0
2160,J1916+0844,289.0795,8.735278,19:16:19.08,+08:44:07.0,0.439995272067,8e-12,339.4,0.8
2161,J1916+0852,289.1025,8.876667,19:16:24.60,+08:52:36.0,2.1827459895,6e-10,295.0,10.0
2162,J1916+0951,289.13475,9.857222,19:16:32.34,+09:51:26.0,0.2702544395645,8e-13,60.953,0.006
2163,J1916+1023,289.153792,10.384167,19:16:36.91,+10:23:03.0,1.6183389208,8e-10,329.8,0.1
2164,J1916+1030,289.048833,10.514833,19:16:11.72,+10:30:53.4,0.62896972129,6e-11,387.2,0.3
2165,J1916+1225,289.0835,12.431639,19:16:20.04,+12:25:53.9,0.227387488792,2e-12,265.31,0.03
2166,J1916+1312,289.244458,13.213889,19:16:58.67,+13:12:50.0,0.2818424074,5e-11,237.009,0.01
2167,J1917+0834,289.453542,8.581833,19:17:48.85,+08:34:54.6,2.129665364024,4e-12,29.18,0.06
2168,J1917+1353,289.415792,13.899139,19:17:39.79,+13:53:56.9,0.194630982798,4e-12,94.538,0.004
2169,J1917+1737,289.349917,17.625444,19:17:23.98,+17:37:31.6,0.33472522676,4e-12,208.0,0.2
2170,J1917+2224,289.43425,22.380222,19:17:44.22,+22:22:48.8,0.425897254225,1.1e-11,134.93,0.1
2171,J1918-0642,289.700125,-6.709694,19:18:48.03,-06:42:34.9,1.1,0.2,0.00764587288391,4e-17
2172,J1918-1052,289.701042,-10.879556,19:18:48.25,-10:52:46.4,0.798692542358,1.5e-11,62.73,0.8
2173,J1918+1310,289.5,13.166667,19:18:00.00,+13:10:00.0,0.85674,247.4,6.31,6.31
2174,J1918+1444,289.5985,14.751667,19:18:23.64,+14:45:06.0,1.1810232973,9e-11,27.202,0.02
2175,J1918+1541,289.532083,15.687556,19:18:07.70,+15:41:15.2,0.37088299877,1.9e-10,13.0,2.0
2176,J1919+0021,289.961083,0.361056,19:19:50.66,+00:21:39.8,1.27226037471,3e-11,90.315,0.02
2177,J1919+0134,289.93175,1.582361,19:19:43.62,+01:34:56.5,1.60398355528,6e-11,191.9,0.4
2178,J1919+1314,289.887458,13.243694,19:19:32.99,+13:14:37.3,0.571399860595,2e-12,613.4,0.2
2179,J1919+1645,289.7885,16.756306,19:19:09.24,+16:45:22.7,0.562789986697,3e-12,208.0,9.0
2180,J1919+1745,289.930583,17.751056,19:19:43.34,+17:45:03.8,2.081343459724,9e-12,142.3,0.2
2181,J1920-09,290.204167,-9.774167,19:20:49.00,-09:46:27.0,1.038,93.0,5.75,5.75
2182,J1920+1040,290.23075,10.675278,19:20:55.38,+10:40:31.0,2.21580173889,2e-10,304.0,9.0
2183,J1920+1110,290.055458,11.183056,19:20:13.31,+11:10:59.0,0.50988582045,5e-11,182.0,3.0
2184,J1920+2650,290.159875,26.844,19:20:38.37,+26:50:38.4,0.785521849527,4e-12,27.62,0.09
2185,J1921+0812,290.44875,8.214417,19:21:47.70,+08:12:51.9,0.2106484121028,1.4e-12,84.0,0.6
2186,J1921+1419,290.350667,14.321417,19:21:24.16,+14:19:17.1,0.618182590832,1.2e-11,91.64,0.04
2187,J1921+1544,290.443625,15.738194,19:21:46.47,+15:44:17.5,0.1435756814094,2e-13,385.0,2.0
2188,J1921+16,290.25,16.0,19:21:00.00,+16:00:00.0,0.93643,204.7,8.34,8.34
2189,J1921+1948,290.265833,19.812417,19:21:03.80,+19:48:44.7,0.821035080573,6e-12,153.85,0.05
2190,J1921+2003,290.465,20.055778,19:21:51.60,+20:03:20.8,0.76068138902,1e-11,101.0,1.0
2191,J1921+2153,290.436708,21.883944,19:21:44.81,+21:53:02.2,1.3373021601895,9e-13,12.437,0.0001
2192,J1921+42,290.483333,42.416667,19:21:56.00,+42:25:00.0,0.595201,1.5e-05,53.0,1.0
2193,J1922+1733,290.72175,17.556528,19:22:53.22,+17:33:23.5,0.2361708772317,3e-13,238.0,4.0
2194,J1922+2018,290.533333,20.29925,19:22:08.00,+20:17:57.3,1.17276340202,1.2e-11,203.31,0.1
2195,J1922+2110,290.723042,21.178333,19:22:53.53,+21:10:42.0,1.07792434298,5e-11,217.086,0.02
2196,J1922+58,290.5,58.466667,19:22:00.00,+58:28:00.0,0.529623,1e-05,53.0,1.0
2197,J1923+1706,290.782708,17.102611,19:23:07.85,+17:06:09.4,0.547209201831,8e-12,142.5,0.6
2198,J1923+2515,290.843708,25.261278,19:23:22.49,+25:15:40.6,2.0,1.0,0.00378815551961,5.2e-16
2199,J1924+1628,291.0,16.466667,19:24:00.00,+16:28:00.0,0.37509,542.9,30.0,30.0
2200,J1924+1631,291.228667,16.530222,19:24:54.88,+16:31:48.8,2.9351864592,2e-10,518.5,0.9
2201,J1924+1639,291.012958,16.661333,19:24:03.11,+16:39:40.8,0.1580429177826,2e-13,208.0,3.0
2202,J1924+17,291.0,17.0,19:24:00.00,+17:00:00.0,0.75843,527.4,30.0,30.0
2203,J1924+2040,291.166667,20.6675,19:24:40.00,+20:40:03.0,0.237790138,8e-09,213.0,10.0
2204,J1925-16,291.275,-16.016667,19:25:06.00,-16:01:00.0,3.8858,0.0002,88.0,20.0
2205,J1925+1721,291.25,17.35,19:25:00.00,+17:21:00.0,0.07566,223.7,9.61,9.61
2206,J1925+19,291.358333,19.066667,19:25:26.00,+19:04:00.0,1.916353,6e-06,328.0,20.0
2207,J1926+0431,291.601958,4.525444,19:26:24.47,+04:31:31.6,1.074078173597,4e-12,102.243,0.02
2208,J1926+0737,291.640583,7.618667,19:26:33.74,+07:37:07.2,0.318062050971,1.2e-11,159.0,2.0
2209,J1926-1314,291.724292,-13.234389,19:26:53.83,-13:14:03.8,4.86428379983,1e-10,40.83,0.05
2210,J1926+1434,291.738417,14.582028,19:26:57.22,+14:34:55.3,1.324921971385,9e-12,211.41,0.08
2211,J1926+1613,291.5,16.216667,19:26:00.00,+16:13:00.0,0.3083,32.9,1.7,1.7
2212,J1926+1648,291.688833,16.809111,19:26:45.32,+16:48:32.8,0.57982281497,4e-11,176.885,0.01
2213,J1926+1928,291.595083,19.469917,19:26:22.82,+19:28:11.7,1.34601218493,9e-11,445.0,2.0
2214,J1926+2016,291.57525,20.266972,19:26:18.06,+20:16:01.1,0.2990717782966,7e-13,247.0,5.0
2215,J1927+0911,291.856792,9.184917,19:27:25.63,+09:11:05.7,0.290305256197,5e-12,202.7,0.4
2216,J1927+1852,291.793417,18.869028,19:27:10.42,+18:52:08.5,0.482766273821,7e-12,254.0,1.0
2217,J1927+1856,291.854042,18.943556,19:27:24.97,+18:56:36.8,0.298313497249,4e-12,99.0,1.0
2218,J1927+2234,291.783667,22.582583,19:27:08.08,+22:34:57.3,1.431066414236,1.7e-11,180.0,30.0
2219,J1928+15,292.083333,15.216667,19:28:20.00,+15:13:00.0,0.403,242.0,9.87,9.87
2220,J1928+1746,292.177292,17.774889,19:28:42.55,+17:46:29.6,0.0687304058253,2e-13,176.68,0.05
2221,J1928+1923,292.0215,19.392028,19:28:05.16,+19:23:31.3,0.817329808312,6e-12,476.0,10.0
2222,J1929+00,292.366667,0.433333,19:29:28.00,+00:26:00.0,1.1669,3e-06,33.0,7.0
2223,J1929+16,292.325,16.35,19:29:18.00,+16:21:00.0,0.529681,2e-06,12.0,9.0
2224,J1929+1844,292.319917,18.749861,19:29:16.78,+18:44:59.5,1.22047000453,8e-11,112.0,2.0
2225,J1929+19,292.383333,19.083333,19:29:32.00,+19:05:00.0,0.3392154,4e-07,527.0,6.0
2226,J1929+1955,292.323208,19.918861,19:29:17.57,+19:55:07.9,0.2578319398983,3e-13,281.0,4.0
2227,J1929+2121,292.267667,21.356306,19:29:04.24,+21:21:22.7,0.723598503258,2e-12,66.0,10.0
2228,J1929+62,292.25,62.266667,19:29:00.00,+62:16:00.0,1.456004,6.6e-05,67.7,0.7
2229,J1930+1316,292.503958,13.26975,19:30:00.95,+13:16:11.1,0.76003196831,9e-11,207.3,0.9
2230,J1930+14,292.5,14.0,19:30:00.00,+14:00:00.0,0.42571,209.2,8.85,8.85
2231,J1930+17,292.683333,17.416667,19:30:44.00,+17:25:00.0,1.6096903,7e-07,201.0,30.0
2232,J1930-1852,292.623833,-18.862861,19:30:29.72,-18:51:46.3,0.18552016047926,8e-14,42.8526,0.0004
2233,J1930+1852,292.625542,18.870583,19:30:30.13,+18:52:14.1,0.136855046957,9e-12,308.0,4.0
2234,J1931+1440,292.75,14.666667,19:31:00.00,+14:40:00.0,1.77923,239.3,10.31,10.31
2235,J1931+1536,292.982125,15.615972,19:31:55.71,+15:36:57.5,0.314355396469,6e-12,140.0,1.0
2236,J1931+1952,292.98275,19.869861,19:31:55.86,+19:52:11.5,0.501123112694,4e-12,441.0,8.0
2237,J1931+30,292.866667,30.583333,19:31:28.00,+30:35:00.0,0.582126,3e-06,56.0,10.0
2238,J1932+1059,293.058125,10.992333,19:32:13.95,+10:59:32.4,2.77,0.07,0.226517635038,5e-12
2239,J1932+17,293.0,17.0,19:32:00.00,+17:00:00.0,0.04182,53.2,2.7,2.7
2240,J1932+1916,293.082083,19.2775,19:32:19.70,+19:16:39.0,0.208214903876,1.4e-11,35400.0,4.1e+35
2241,J1932+2020,293.033417,20.346222,19:32:08.02,+20:20:46.4,0.268217402985,6e-12,211.151,0.01
2242,J1932+2220,293.09475,22.347639,19:32:22.74,+22:20:51.5,0.14446976514,3e-11,219.2,0.5
2243,J1932-3655,293.025625,-36.91725,19:32:06.15,-36:55:02.1,0.5714203197,1e-10,59.88,0.01
2244,J1933+0758,293.330875,7.968611,19:33:19.41,+07:58:07.0,0.437454407217,2e-12,165.02,0.04
2245,J1933+1304,293.343875,13.080556,19:33:22.53,+13:04:50.0,0.928323751417,5e-12,177.9,0.2
2246,J1933+1726,293.25,17.433333,19:33:00.00,+17:26:00.0,0.02151,156.6,7.41,7.41
2247,J1933+2421,293.407625,24.611,19:33:37.83,+24:36:39.6,0.81369030283,7e-11,106.03,0.06
2248,J1933-6211,293.385125,-62.196361,19:33:32.43,-62:11:46.9,0.00354343143885,1e-15,11.499,0.007
2249,J1934+19,293.5,19.0,19:34:00.00,+19:00:00.0,0.23099,97.6,4.74,4.74
2250,J1934+2352,293.692458,23.882194,19:34:46.19,+23:52:55.9,0.17843152366,2e-11,355.5,0.2
2251,J1935+12,293.8125,12.05,19:35:15.00,+12:03:00.0,1.9399,190.0,1.0,9.81
2252,J1935+1616,293.949292,16.277778,19:35:47.83,+16:16:40.0,0.22,0.12,0.3587384107696,6e-13
2253,J1935+1726,293.766458,17.44125,19:35:03.95,+17:26:28.5,0.00420010179188,7e-15,61.6,0.1
2254,J1935+1745,293.874875,17.753389,19:35:29.97,+17:45:12.2,0.654408146583,1e-12,214.6,0.4
2255,J1935+2025,293.92475,20.427806,19:35:41.94,+20:25:40.1,0.080118133455,6e-12,182.0,1.0
2256,J1935+2154,293.732,21.896722,19:34:55.68,+21:53:48.2,3.24498,1e-05,,
2257,J1935+52,293.75,52.2,19:35:00.00,+52:12:00.0,0.568387,1.7e-05,71.0,2.0
2258,J1936+1536,294.006333,15.61,19:36:01.52,+15:36:36.0,0.96733836953,3e-11,165.0,20.0
2259,J1936+20,294.0,20.0,19:36:00.00,+20:00:00.0,1.39088,205.1,9.03,9.03
2260,J1936+21,294.120833,21.2,19:36:29.00,+21:12:00.0,0.642932,2e-06,264.0,10.0
2261,J1937-00,294.2875,-0.283333,19:37:09.00,-00:17:00.0,0.2401,68.6,3.6,3.6
2262,J1937+1505,294.317958,15.088611,19:37:16.31,+15:05:19.0,2.8727736506,7e-10,237.0,10.0
2263,J1937+2544,294.255292,25.737139,19:37:01.27,+25:44:13.7,0.20098020244218,1.7e-13,53.221,0.005
2264,J1937+2950,294.448333,29.833833,19:37:47.60,+29:50:01.8,1.65742878336,3e-11,113.8,0.02
2265,J1938+0650,294.47275,6.835,19:37:53.46,+06:50:06.0,1.121561892,5e-09,70.8,0.2
2266,J1938+2010,294.53475,20.181028,19:38:08.34,+20:10:51.7,0.68708185664,2e-11,327.7,0.8
2267,J1938+2012,294.5,20.2,19:38:00.00,+20:12:00.0,0.00263,237.1,9.42,9.42
2268,J1938+2213,294.559083,22.220194,19:38:14.18,+22:13:12.7,0.1661155731566,6e-13,91.0,3.0
2269,J1939+10,294.795833,10.75,19:39:11.00,+10:45:00.0,2.31,0.03,90.0,8.0
2270,J1939+2134,294.910667,21.583083,19:39:38.56,+21:34:59.1,0.52,0.16,0.00155780655654,1e-16
2271,J1939+2449,294.773333,24.715444,19:39:05.60,+24:42:55.6,0.6453024694,3e-10,142.88,0.07
2272,J1939+66,295.0,66.2,19:40:00.00,+66:12:00.0,0.022260606,5.2e-08,41.2,0.1
2273,J1940+2246,295.0,22.766667,19:40:00.00,+22:46:00.0,0.25889,218.1,8.82,8.82
2274,J1940+2337,295.147875,23.629583,19:40:35.49,+23:37:46.5,0.546824157964,7e-12,252.1,0.3
2275,J1940-2403,295.125,-24.05,19:40:30.00,-24:03:00.0,1.855276,3e-06,63.3,0.1
2276,J1941+0121,295.316833,1.360972,19:41:16.04,+01:21:39.5,0.217317451828,1e-11,52.7,0.7
2277,J1941+1026,295.384708,10.440444,19:41:32.33,+10:26:25.6,0.9053938883,2e-11,138.91,0.02
2278,J1941+1341,295.270292,13.691778,19:41:04.87,+13:41:30.4,0.559084099229,1.3e-11,147.9,0.3
2279,J1941+2525,295.336667,25.418139,19:41:20.80,+25:25:05.3,2.306152697,2e-11,314.4,0.4
2280,J1941-2602,295.251708,-26.034917,19:41:00.41,-26:02:05.7,0.4028579088754,3e-13,50.036,0.003
2281,J1941+43,295.5,43.383333,19:42:00.00,+43:23:00.0,0.840887,3.5e-05,79.0,2.0
2282,J1942+1743,295.504292,17.724528,19:42:01.03,+17:43:28.3,0.69626221476,2e-11,190.0,6.0
2283,J1942+81,295.5,81.1,19:42:00.00,+81:06:00.0,0.2035682,4.4e-06,40.3,0.5
2284,J1943+0609,295.871375,6.166,19:43:29.13,+06:09:57.6,0.446226281658,3e-12,70.76,0.06
2285,J1943-1237,295.856167,-12.628444,19:43:25.48,-12:37:42.4,0.9724288509136,1.8e-12,28.918,0.01
2286,J1943+2210,295.818708,22.173111,19:43:16.49,+22:10:23.2,0.00508417368995,6e-15,174.089,0.003
2287,J1944+0907,296.038875,9.123083,19:44:09.33,+09:07:23.1,0.1,0.7,0.00518520190413,3e-16
2288,J1944-10,296.0,-10.283333,19:44:00.00,-10:17:00.0,0.409135,1e-06,31.01,0.03
2289,J1944-1750,296.021792,-17.836389,19:44:05.23,-17:50:11.0,0.841157774341,6e-12,56.32,0.06
2290,J1944+1755,296.1325,17.928444,19:44:31.80,+17:55:42.4,1.9968990135,1e-10,175.0,2.0
2291,J1944+2236,296.004458,22.606278,19:44:01.07,+22:36:22.6,0.00361799307811,7e-15,185.45,0.1
2292,J1945-0040,296.368292,-0.682806,19:45:28.39,-00:40:58.1,1.045632444772,7e-12,59.71,0.06
2293,J1945+07,296.479167,7.283333,19:45:55.00,+07:17:00.0,1.0739,62.0,3.47,3.47
2294,J1945+1834,296.400417,18.57225,19:45:36.10,+18:34:20.1,1.06870769134,4e-11,217.7,0.1
2295,J1946-1312,296.740958,-13.210111,19:46:57.83,-13:12:36.4,0.491865489484,6e-12,60.0,2.0
2296,J1946+1805,296.721,18.094778,19:46:53.04,+18:05:41.2,0.4406184769108,8e-13,16.22,0.02
2297,J1946+2244,296.603708,22.749833,19:46:24.89,+22:44:59.4,1.33444985809,5e-11,140.0,20.0
2298,J1946+24,296.5,23.966667,19:46:00.00,+23:58:00.0,4.729,96.0,4.84,4.84
2299,J1946+2535,296.704583,25.597639,19:46:49.10,+25:35:51.5,0.51516705131,6e-11,248.81,0.04
2300,J1946+2611,296.690875,26.197,19:46:45.81,+26:11:49.2,0.4350602546,3e-10,165.0,3.0
2301,J1946-2913,296.715542,-29.22975,19:46:51.73,-29:13:47.1,0.959447931541,3e-12,44.309,0.01
2302,J1946+3417,296.604708,34.287417,19:46:25.13,+34:17:14.7,0.00317013922781,2e-15,110.0,6.41
2303,J1946-5403,296.6,-54.033333,19:46:24.00,-54:02:00.0,0.00271,23.7,1.46,1.46
2304,J1947+0915,296.942583,9.252222,19:47:46.22,+09:15:08.0,1.48074382424,9e-11,94.0,4.0
2305,J1947+10,296.9,10.733333,19:47:36.00,+10:44:00.0,1.110944,3e-06,149.0,30.0
2306,J1947+1957,296.830958,19.952333,19:47:19.43,+19:57:08.4,0.157508542541,4e-12,185.8,0.2
2307,J1947-4215,296.775,-42.25,19:47:06.00,-42:15:00.0,1.798069,1e-06,35.0,1.0
2308,J1947-43,,,19:47:00.00,+0.18094000000000:bcm+15:29.900000,2.11,2.11,,
2309,J1948+2551,297.07325,25.864417,19:48:17.58,+25:51:51.9,0.1966268136138,4e-13,289.27,0.05
2310,J1948+3540,297.104208,35.66975,19:48:25.01,+35:40:11.1,0.717311174076,4e-12,129.075,0.003
2311,J1949+2306,297.2805,23.115417,19:49:07.32,+23:06:55.5,1.3193733853,1e-11,196.3,0.5
2312,J1949-2524,297.355875,-25.400278,19:49:25.41,-25:24:01.0,0.957616630291,4e-12,23.07,0.03
2313,J1949+3106,297.3735,31.101056,19:49:29.64,+31:06:03.8,0.0131381833437,6e-16,164.1264,0.0005
2314,J1950+05,297.741667,5.583333,19:50:58.00,+05:35:00.0,0.455934,3e-06,71.0,10.0
2315,J1950+2414,297.68775,24.249167,19:50:45.06,+24:14:57.0,0.00430477554974,3e-15,142.089,0.02
2316,J1951+1123,297.784375,11.390333,19:51:08.25,+11:23:25.2,5.0940830275,2e-10,31.29,0.09
2317,J1952+1410,298.025625,14.124833,19:52:06.15,+14:07:29.4,0.27502568252,4e-12,31.46,0.09
2318,J1952+2630,298.1535,26.507806,19:52:36.84,+26:30:28.1,0.02073236056267,4e-15,315.338,0.002
2319,J1952+3252,298.242542,32.877917,19:52:58.21,+32:52:40.5,0.0395311928548,1.1e-12,45.006,0.02
2320,J1953+1149,298.447792,11.8285,19:53:47.47,+11:49:42.6,0.8518902768,2e-10,140.03,0.03
2321,J1953+1846A,298.441667,18.778333,19:53:46.00,+18:46:42.0,0.004888,1e-06,117.0,1.0
2322,J1953+2732,298.2825,27.546722,19:53:07.80,+27:32:48.2,1.33396499366,2e-11,195.4,0.9
2323,J1953+67,298.25,67.033333,19:53:00.00,+67:02:00.0,0.008565431,1.8e-08,57.2,0.1
2324,J1954+2836,298.579792,28.601667,19:54:19.15,+28:36:06.0,0.0927090547,3e-10,69400.0,1e+36
2325,J1954+2923,298.593958,29.388139,19:54:22.55,+29:23:17.3,0.4266767865302,4e-13,7.932,0.007
2326,J1954+43,298.75,43.833333,19:55:00.00,+43:50:00.0,1.386961,9.4e-05,130.0,3.0
2327,J1955+2527,298.9975,25.450944,19:55:59.40,+25:27:03.4,0.00487276586298,1.7e-15,209.971,0.003
2328,J1955+2908,298.866167,29.145417,19:55:27.88,+29:08:43.5,0.00613316651024,8e-16,104.501,0.003
2329,J1955+5059,298.828167,50.998694,19:55:18.76,+50:59:55.3,0.5189379874091,5e-13,31.974,0.003
2330,J1956+0838,299.21775,8.638,19:56:52.26,+08:38:16.8,0.303910924347,7e-12,68.2,1.0
2331,J1956-28,299.0,-27.883333,19:56:00.00,-27:53:00.0,0.2600144,6e-07,45.69,0.01
2332,J1957+2516,299.25,25.266667,19:57:00.00,+25:16:00.0,0.00396,44.0,2.29,2.29
2333,J1957+2831,299.330833,28.528833,19:57:19.40,+28:31:43.8,0.3076828651978,1.7e-12,138.99,0.08
2334,J1957+5033,299.412083,50.555,19:57:38.90,+50:33:18.0,0.3748062242,3e-10,839000.0,5.3e+33
2335,J1958+2846,299.666958,28.765,19:58:40.07,+28:45:54.0,0.29038924475,5e-11,21700.0,3.4e+35
2336,J1959+2048,299.903208,20.804194,19:59:36.77,+20:48:15.1,0.00160740168481,3e-17,29.1168,0.0007
2337,J1959+3620,299.908458,36.341417,19:59:38.03,+36:20:29.1,0.406081181,1e-11,273.0,29.32
2338,J2001+42,300.5,42.716667,20:02:00.00,+42:43:00.0,0.719161,2.2e-05,55.0,1.0
2339,J2002+1637,300.699042,16.621306,20:02:47.77,+16:37:16.7,0.27649748362,1.8e-10,94.39,0.08
2340,J2002+30,300.741667,30.583333,20:02:58.00,+30:35:00.0,0.421794,3e-06,196.0,40.0
2341,J2002+3217,300.518417,32.288417,20:02:04.42,+32:17:18.3,0.6967605102,3e-10,142.21,0.03
2342,J2002+4050,300.683458,40.848306,20:02:44.03,+40:50:53.9,0.9050668203089,1e-12,131.334,0.01
2343,J2004+3137,301.217875,31.619444,20:04:52.29,+31:37:10.0,2.11126473382,4e-11,234.82,0.008
2344,J2004+3429,301.195708,34.48825,20:04:46.97,+34:29:17.7,0.24095264193,1e-11,351.0,22.18
2345,J2005-0020,301.43225,-0.339417,20:05:43.74,-00:20:21.9,2.27966105858,4e-11,35.93,0.2
2346,J2005+3547,301.322875,35.790389,20:05:17.49,+35:47:25.4,0.615033894871,4e-12,401.6,0.3
2347,J2005+3552,301.447917,35.873417,20:05:47.50,+35:52:24.3,0.30794290464,2e-11,455.0,30.0
2348,J2006-0807,301.568208,-8.117194,20:06:16.37,-08:07:01.9,0.580871337031,3e-12,32.39,0.03
2349,J2006+3102,301.545833,31.034167,20:06:11.00,+31:02:03.0,0.16369523645,9e-11,107.16,0.01
2350,J2007+0809,301.80625,8.159167,20:07:13.50,+08:09:33.0,0.32572436605,5e-11,53.9,1.0
2351,J2007+0910,301.992083,9.17025,20:07:58.10,+09:10:12.9,0.4587348258074,6e-13,48.6,0.2
2352,J2007+20,301.75,20.35,20:07:00.00,+20:21:00.0,4.634,0.007,67.0,0.4
2353,J2007+2722,301.815958,27.379972,20:07:15.83,+27:22:47.9,0.02449738854593,1e-14,127.0,0.4
2354,J2007+3120,301.787542,31.347639,20:07:09.01,+31:20:51.5,0.60820531457,1e-11,191.5,0.2
2355,J2008+2513,302.147833,25.225111,20:08:35.48,+25:13:30.4,0.58919550332,6e-11,60.554,0.009
2356,J2009+3326,302.454833,33.436167,20:09:49.16,+33:26:10.2,1.43836860189,2e-11,263.6,0.8
2357,J2010-1323,302.691333,-13.398917,20:10:45.92,-13:23:56.1,0.1,0.2,0.00522327101519,1e-15
2358,J2010+2845,302.521125,28.758111,20:10:05.07,+28:45:29.2,0.5653693451984,6e-13,112.47,0.08
2359,J2010+3230,302.610417,32.502028,20:10:26.50,+32:30:07.3,1.4424475206,1e-11,371.8,0.5
2360,J2011+3331,302.770542,33.5235,20:11:04.93,+33:31:24.6,0.93173309347,4e-12,298.58,0.06
2361,J2012-2029,303.194167,-20.491944,20:12:46.60,-20:29:31.0,0.54400187061,3e-11,37.67,0.08
2362,J2013-0649,303.323958,-6.818167,20:13:17.75,-06:49:05.4,0.580187269001,3.4e-12,63.36,0.1
2363,J2013+3058,303.392708,30.98075,20:13:34.25,+30:58:50.7,0.276027693446,5e-13,148.7,0.1
2364,J2013+3845,303.293208,38.762028,20:13:10.37,+38:45:43.3,0.2301936138595,1e-12,238.217,0.008
2365,J2015+2524,303.802917,25.408694,20:15:12.70,+25:24:31.3,2.3032990816,9e-10,13.0,3.0
2366,J2016+1948,304.239333,19.797667,20:16:57.44,+19:47:51.6,0.06494038824151,6e-15,33.8148,0.002
2367,J2017+0603,304.344583,6.051556,20:17:22.70,+06:03:05.6,0.4,0.3,0.00289621581556,2e-15
2368,J2017+2043,304.370583,20.725528,20:17:28.94,+20:43:31.9,0.537143086032,2e-12,61.5,0.1
2369,J2017+59,304.5,59.216667,20:18:00.00,+59:13:00.0,0.403619,1.2e-05,61.0,3.0
2370,J2018+2839,304.515958,28.665056,20:18:03.83,+28:39:54.2,1.03,0.1,0.5579534804225,7e-13
2371,J2018+3431,304.721667,34.516806,20:18:53.20,+34:31:00.5,0.3876640866385,8e-13,222.35,0.07
2372,J2019+2425,304.883125,24.420917,20:19:31.95,+24:25:15.3,0.00393452408033,1.1e-16,17.203,0.005
2373,J2021+3651,305.27275,36.851333,20:21:05.46,+36:51:04.8,0.103740952074,4e-12,367.5,1.0
2374,J2021+4026,305.374958,40.445861,20:21:29.99,+40:26:45.1,0.26531766093,5e-11,2.15,76900.0
2375,J2022+2854,305.654458,28.906417,20:22:37.07,+28:54:23.1,0.37,0.12,0.343402157786,1.3e-12
2376,J2022+3842,305.590375,38.704111,20:22:21.69,+38:42:14.8,0.048578779636,2.4e-11,429.1,0.5
2377,J2022+5154,305.707792,51.913944,20:22:49.87,+51:54:50.2,0.5,0.07,0.529196917808,1.7e-11
2378,J2023+5037,305.92475,50.626361,20:23:41.94,+50:37:34.9,0.372619054536,3e-12,33.021,0.003
2379,J2024+48,306.0,48.0,20:24:00.00,+48:00:00.0,1.262,99.0,5.62,5.62
2380,J2027+2146,306.819542,21.767889,20:27:16.69,+21:46:04.4,0.398173021652,2e-12,96.8,0.4
2381,J2027+4557,306.817625,45.965861,20:27:16.23,+45:57:57.1,1.099651368044,7e-12,229.594,0.01
2382,J2027+74,307.0,74.783333,20:28:00.00,+74:47:00.0,0.515229,1.4e-05,11.0,3.0
2383,J2028+3332,307.08275,33.534556,20:28:19.86,+33:32:04.4,0.1767074151138,7e-13,576000.0,3.5e+34
2384,J2029+3744,307.349458,37.735611,20:29:23.87,+37:44:08.2,1.21680465774,1.2e-11,190.66,0.03
2385,J2030+2228,307.668542,22.472722,20:30:40.45,+22:28:21.8,0.630512646679,4e-12,71.83,0.03
2386,J2030+3641,307.501083,36.690861,20:30:00.26,+36:41:27.1,0.2001285881663,1.7e-12,246.0,0.7
2387,J2030+4415,307.713958,44.260583,20:30:51.35,+44:15:38.1,0.22707017739,3e-11,555000.0,2.2e+34
2388,J2030+55,307.5,55.0,20:30:00.00,+55:00:00.0,0.579,60.0,3.67,3.67
2389,J2032+4127,308.054625,41.456778,20:32:13.11,+41:27:24.4,0.1432499,3e-07,114.65,0.03
2390,J2033+0042,308.379625,0.706111,20:33:31.11,+00:42:22.0,5.01339800063,9e-10,37.84,0.1
2391,J2033+1734,308.364667,17.582944,20:33:27.52,+17:34:58.6,0.00594895753485,6e-16,25.0791,0.0003
2392,J2033-1938,308.480833,-19.649722,20:33:55.40,-19:38:59.0,1.28171902379,1.2e-10,23.47,0.09
2393,J2036+2835,309.193167,28.586222,20:36:46.36,+28:35:10.4,1.35872676315,2e-11,99.0,6.78
2394,J2037+1942,309.310583,19.715083,20:37:14.54,+19:42:54.3,2.0743770781,5e-10,36.0,3.0
2395,J2037+3621,309.364333,36.356694,20:37:27.44,+36:21:24.1,0.61871508419,5e-11,93.56,0.06
2396,J2038+35,309.5,35.0,20:38:00.00,+35:00:00.0,0.16,58.0,3.12,3.12
2397,J2038-3816,309.725792,-38.269972,20:38:54.19,-38:16:11.9,1.5772861505,3e-10,33.96,0.06
2398,J2038+5319,309.513167,53.320222,20:38:03.16,+53:19:12.8,1.424568215153,1.1e-11,160.1,0.3
2399,J2040+1657,310.074458,16.958472,20:40:17.87,+16:57:30.5,0.865606225032,4e-12,50.7,0.2
2400,J2043+1711,310.837,17.191361,20:43:20.88,+17:11:28.9,0.8,0.2,0.00237987896026,4e-14
2401,J2043+2740,310.93125,27.682222,20:43:43.50,+27:40:56.0,0.09613056295,5e-11,21.0,0.1
2402,J2043+7045,310.75,70.75,20:43:00.00,+70:45:00.0,0.588,57.0,63.7,6.0
2403,J2044+4614,311.245,46.248333,20:44:58.80,+46:14:54.0,1.3927154635,2e-10,315.4,0.4
2404,J2045+0912,311.44725,9.208111,20:45:47.34,+09:12:29.2,0.3955551117394,5e-13,31.776,0.004
2405,J2046-0421,311.500667,-4.357222,20:46:00.16,-04:21:26.0,1.5469381168652,1.7e-12,35.799,0.01
2406,J2046+1540,311.663958,15.676,20:46:39.35,+15:40:33.6,1.1382856833155,1.2e-12,39.844,0.01
2407,J2046+5708,311.694208,57.143639,20:46:46.61,+57:08:37.1,0.476734842147,7e-12,101.81,0.03
2408,J2047+1053,311.75,10.883333,20:47:00.00,+10:53:00.0,0.00429,34.6,2.23,2.23
2409,J2047+5029,311.977667,50.493944,20:47:54.64,+50:29:38.2,0.445944557385,4e-12,107.676,0.005
2410,J2048-1616,312.1485,-16.279056,20:48:35.64,-16:16:44.6,1.05,0.03,1.961572303613,1.2e-11
2411,J2048+2255,312.191125,22.918139,20:48:45.87,+22:55:05.3,0.2839009641977,1e-12,68.8,0.1
2412,J2050+13,312.5,13.016667,20:50:00.00,+13:01:00.0,1.22,0.001,60.0,1.0
2413,J2051-0827,312.781292,-8.4605,20:51:07.51,-08:27:37.8,0.00450864174497,2e-16,20.7449,0.0004
2414,J2053-7200,313.446417,-72.011722,20:53:47.14,-72:00:42.2,0.341336231373,4e-12,17.3,0.4
2415,J2055+2209,313.913125,22.157556,20:55:39.15,+22:09:27.2,0.8151811027646,8e-13,36.361,0.01
2416,J2055+2539,313.953333,25.667222,20:55:48.80,+25:40:02.0,0.3195611745,1.1e-09,1240000.0,4.9e+33
2417,J2055+3630,313.880625,36.505972,20:55:31.35,+36:30:21.5,0.17,0.03,0.221507638277,3e-13
2418,J2102+38,315.5,38.0,21:02:00.00,+38:00:00.0,1.19,85.0,4.86,4.86
2419,J2105+28,316.5,28.483333,21:06:00.00,+28:29:00.0,0.405737,1.1e-05,62.4,0.8
2420,J2105+6223,316.303875,62.384861,21:05:12.93,+62:23:05.5,2.30487883766,4e-11,50.75,0.08
2421,J2108-3429,317.127042,-34.493861,21:08:30.49,-34:29:37.9,1.4231018383,2e-10,30.22,0.01
2422,J2108+4441,317.085333,44.696917,21:08:20.48,+44:41:48.9,0.4148705368737,6e-13,139.827,0.01
2423,J2111+2106,317.888042,21.101944,21:11:33.13,+21:06:07.0,3.9538529596,6e-10,59.74,0.1
2424,J2111+40,317.75,40.0,21:11:00.00,+40:00:00.0,4.061,120.0,7.21,7.21
2425,J2111+4606,317.850542,46.108694,21:11:24.13,+46:06:31.3,0.157829924735,1e-11,17500.0,1.4e+36
2426,J2113+2754,318.268292,27.900639,21:13:04.39,+27:54:02.3,1.2028517540847,1.2e-12,25.1171,0.0002
2427,J2113+4644,318.351292,46.73575,21:13:24.31,+46:44:08.7,1.014684793189,5e-12,141.26,0.09
2428,J2113+67,318.5,67.033333,21:14:00.00,+67:02:00.0,0.5521697,8.8e-06,55.1,0.8
2429,J2116+1414,319.057292,14.239167,21:16:13.75,+14:14:21.0,0.4401530669475,1.4e-12,56.149,0.007
2430,J2122+54,320.75,54.55,21:23:00.00,+54:33:00.0,0.1388657,1.3e-06,31.7,0.7
2431,J2124+1407,321.194042,14.122028,21:24:46.57,+14:07:19.3,0.694053479086,3e-12,30.12,0.1
2432,J2124-3358,321.182708,-33.979111,21:24:43.85,-33:58:44.8,2.4,0.4,0.0049311149431,1.5e-16
2433,J2127-6648,321.880333,-66.807806,21:27:31.28,-66:48:28.1,0.32577128742,1.1e-10,35.0,3.0
2434,J2129-04,322.25,-4.0,21:29:00.00,-04:00:00.0,0.00762,16.9,0.5,1.03
2435,J2129+1210A,322.492708,12.167,21:29:58.25,+12:10:01.2,0.11066470446904,5e-14,67.31,0.05
2436,J2129+1210B,322.494292,12.16675,21:29:58.63,+12:10:00.3,0.05613303552473,9e-14,67.69,0.1
2437,J2129+1210C,322.505,12.177278,21:30:01.20,+12:10:38.2,0.03052929614864,1e-14,67.13,0.05
2438,J2129+1210D,322.492792,12.166583,21:29:58.27,+12:09:59.7,0.0048028043457,3e-13,67.3,0.2
2439,J2129+1210E,322.492458,12.169056,21:29:58.19,+12:10:08.6,0.00465143521539,1.3e-13,66.51,0.1
2440,J2129+1210F,322.48825,12.167472,21:29:57.18,+12:10:02.9,0.0040270427071,1.5e-13,65.52,0.1
2441,J2129+1210G,322.491458,12.165917,21:29:57.95,+12:09:57.3,0.037660166953,8e-12,66.4,0.2
2442,J2129+1210H,322.492417,12.1665,21:29:58.18,+12:09:59.4,0.0067433942397,3e-13,67.15,0.1
2443,J2129-5721,322.344875,-57.353944,21:29:22.77,-57:21:14.2,0.00372634848387,3e-17,31.8509,14.0
2444,J2136-1606,324.000917,-16.103611,21:36:00.22,-16:06:13.0,1.22723540015,6e-11,18.48,0.05
2445,J2137+64,324.25,64.316667,21:37:00.00,+64:19:00.0,1.75087,0.00014,106.0,2.0
2446,J2138+4911,324.5,49.183333,21:38:00.00,+49:11:00.0,0.696,168.0,7.49,7.49
2447,J2139+00,324.925,0.6,21:39:42.00,+00:36:00.0,0.31247,3e-06,36.0,7.0
2448,J2139+2242,324.862083,22.711667,21:39:26.90,+22:42:42.0,1.08351351364,2e-11,44.1,0.4
2449,J2139+4716,324.983125,47.270278,21:39:55.95,+47:16:13.0,0.282849345409,1.6e-11,2510000.0,3.1e+33
2450,J2140-2310A,325.093375,-23.180222,21:40:22.41,-23:10:48.8,0.01101932906888,6.7e-15,25.064,0.004
2451,J2140-2310B,325.091667,-23.179722,21:40:22.00,-23:10:47.0,0.012986381,3e-09,25.09,0.1
2452,J2143+0654,325.764083,6.904861,21:43:03.38,+06:54:17.5,9.42822888,1e-07,3650000.0,1.9e+30
2453,J2144-3933,326.05025,-39.565806,21:44:12.06,-39:33:56.9,6.05,0.56,8.509827491,3e-09
2454,J2144-5237,326.163333,-52.625583,21:44:39.20,-52:37:32.1,0.00504,19.0,1.43,1.43
2455,J2145-0750,326.46025,-7.838472,21:45:50.46,-07:50:18.5,1.84,0.17,0.01605242391809,4e-16
2456,J2149+6329,327.494125,63.495417,21:49:58.59,+63:29:43.5,0.38014034472,2e-11,128.0,1.0
2457,J2150+5247,327.657208,52.797111,21:50:37.73,+52:47:49.6,0.3322056715409,1.8e-12,148.93,0.004
2458,J2151+2315,327.870417,23.253556,21:51:28.90,+23:15:12.8,0.593533613,3e-09,23.6,0.2
2459,J2155+2813,328.815917,28.220028,21:55:15.82,+28:13:12.1,1.6090199964,6e-10,77.4,0.2
2460,J2155-3118,328.806708,-31.315194,21:55:13.61,-31:18:54.7,1.03000211204,7e-12,14.85,0.05
2461,J2155-5641,328.755833,-56.699167,21:55:01.40,-56:41:57.0,1.373654387,2e-09,14.0,9.0
2462,J2156+2618,329.09875,26.308472,21:56:23.70,+26:18:30.5,0.49814907254,2e-11,48.8,0.8
2463,J2157+4017,329.257708,40.296111,21:57:01.85,+40:17:46.0,0.28,0.06,1.525265633965,1.2e-11
2464,J2203+50,330.75,50.0,22:03:00.00,+50:00:00.0,0.745,79.0,3.6,3.6
2465,J2204+27,331.166667,27.033333,22:04:40.00,+27:02:00.0,0.0847,35.0,2.61,2.61
2466,J2205+1444,331.321875,14.742028,22:05:17.25,+14:44:31.3,0.93801422813,1e-10,36.717,0.01
2467,J2206+6151,331.5755,61.866139,22:06:18.12,+61:51:58.1,0.322673549948,5e-12,167.0,1.2
2468,J2207+40,331.75,40.95,22:07:00.00,+40:57:00.0,0.6369852,8.5e-06,12.0,2.0
2469,J2208+5500,332.098833,55.002333,22:08:23.72,+55:00:08.4,0.93316107478,6e-12,101.03,3.55
2470,J2210+57,332.75,57.483333,22:11:00.00,+57:29:00.0,2.05743,0.00013,189.43,0.06
2471,J2212+2933,333.097292,29.551583,22:12:23.35,+29:33:05.7,1.004592528853,4e-12,74.5,0.03
2472,J2213+53,333.25,53.0,22:13:00.00,+53:00:00.0,0.751,161.0,7.58,7.58
2473,J2214+3000,333.661875,30.010611,22:14:38.85,+30:00:38.2,1.0,0.1,0.00311922657908,4e-15
2474,J2215+1538,333.915208,15.643028,22:15:39.65,+15:38:34.9,0.3741958930416,1.6e-12,29.26,0.006
2475,J2215+5135,333.886208,51.593417,22:15:32.69,+51:35:36.3,0.00260961972345,7e-16,69.1951,0.0002
2476,J2216+5759,334.02175,57.99825,22:16:05.22,+57:59:53.7,0.41910226464,2e-11,176.0,7.82
2477,J2217+5733,334.479292,57.551111,22:17:55.03,+57:33:04.0,1.05684421944,4e-11,162.75,3.7
2478,J2219+4754,334.950583,47.914972,22:19:48.14,+47:54:53.9,0.5384688219194,1.2e-12,43.4975,0.0005
2479,J2222-0137,335.524875,-1.621028,22:22:05.97,-01:37:15.7,3.742,0.016,0.03281785905307,3e-15
2480,J2222+2923,335.763417,29.399611,22:23:03.22,+29:23:58.6,0.2813991427542,1.6e-12,49.38,0.06
2481,J2222+5602,335.5,56.0,22:22:00.00,+56:00:00.0,1.336,168.0,21.1,7.22
2482,J2225+35,336.2,35.5,22:24:48.00,+35:30:00.0,0.94,51.8,5.56,5.56
2483,J2225+6535,336.469667,65.593222,22:25:52.72,+65:35:35.6,0.682542497406,1e-11,36.079,0.009
2484,J2227+30,336.875,30.6,22:27:30.00,+30:36:00.0,0.842408,3e-06,33.0,3.0
2485,J2229+2643,337.462042,26.732722,22:29:50.89,+26:43:57.8,0.00297781929476,5e-16,23.019,0.004
2486,J2229+6114,337.272,61.235917,22:29:05.28,+61:14:09.3,0.05162357393,6e-11,204.97,0.02
2487,J2229+6205,337.424292,62.093333,22:29:41.83,+62:05:36.0,0.443054560638,4e-12,124.614,0.02
2488,J2229+64,337.25,64.966667,22:29:00.00,+64:58:00.0,1.89312,0.00013,194.0,1.0
2489,J2234+06,338.591667,6.183333,22:34:22.00,+06:11:00.0,0.0036,11.0,0.3,0.63
2490,J2234+2114,338.736,21.238556,22:34:56.64,+21:14:18.8,1.35874531269,5e-11,35.08,0.09
2491,J2235+1506,338.932083,15.113639,22:35:43.70,+15:06:49.1,0.05976735798455,9e-15,18.09,0.05
2492,J2236-5527,339.216042,-55.463556,22:36:51.85,-55:27:48.8,0.00690754939292,3e-15,20.0,0.5
2493,J2238+5903,339.617792,59.061333,22:38:28.27,+59:03:40.8,0.16273385299,1.1e-11,26600.0,8.9e+35
2494,J2238+6021,339.5,60.35,22:38:00.00,+60:21:00.0,3.07,182.0,111.1,8.74
2495,J2240+5832,340.178917,58.54375,22:40:42.94,+58:32:37.5,0.1399345,2e-06,263.5,0.05
2496,J2241-5236,340.425083,-52.610056,22:41:42.02,-52:36:36.2,0.00218669977155,1.5e-15,11.41085,3e-05
2497,J2242+6950,340.735,69.847806,22:42:56.40,+69:50:52.1,1.664500786185,2e-11,40.74,0.2
2498,J2243+1518,340.790708,15.306972,22:43:09.77,+15:18:25.1,0.596799464458,4e-12,39.828,0.005
2499,J2243+69,341.0,69.666667,22:44:00.00,+69:40:00.0,0.855405,3.2e-05,68.0,2.0
2500,J2244+63,341.0,63.0,22:44:00.00,+63:00:00.0,0.461,92.0,3.58,3.58
2501,J2248-0101,342.112083,-1.030028,22:48:26.90,-01:01:48.1,0.477233119123,3e-12,29.05,0.03
2502,J2253+1516,343.310542,15.277167,22:53:14.53,+15:16:37.8,0.792235920118,4e-12,29.182,0.009
2503,J2256-1024,344.234958,-10.409556,22:56:56.39,-10:24:34.4,0.00229,13.8,7.0,0.91
2504,J2257+5909,344.490583,59.154111,22:57:57.74,+59:09:14.8,0.368246454342,7e-12,151.082,0.006
2505,J2301+5852,345.284542,58.879,23:01:08.29,+58:52:44.4,6.9790709703,1.5e-09,3.3,235000.0
2506,J2302+4442,345.69575,44.706139,23:02:46.98,+44:42:22.1,0.00519232464641,7e-15,13.762,0.006
2507,J2302+6028,345.546667,60.466722,23:02:11.20,+60:28:00.2,1.20640428819,2e-11,156.7,0.1
2508,J2305+3100,346.493,31.0005,23:05:58.32,+31:00:01.8,1.575886338359,8e-12,49.639,0.006
2509,J2305+4707,346.482667,47.12925,23:05:55.84,+47:07:45.3,1.066371071565,1.6e-11,62.06,0.03
2510,J2307+2225,346.922042,22.430583,23:07:41.29,+22:25:50.1,0.535828895432,7e-12,7.08,0.03
2511,J2308+5547,347.057583,55.793333,23:08:13.82,+55:47:36.0,0.4750676748022,1e-12,46.538,0.008
2512,J2311+67,347.75,67.083333,23:11:00.00,+67:05:00.0,1.9447,0.0002,97.1,0.2
2513,J2313+4253,348.285917,42.886944,23:13:08.62,+42:53:13.0,0.93,0.07,0.3494336821331,5e-13
2514,J2315+58,348.75,58.0,23:15:00.00,+58:00:00.0,1.061,74.0,2.86,2.86
2515,J2316+69,349.25,69.2,23:17:00.00,+69:12:00.0,0.813386,2.2e-05,71.0,2.0
2516,J2317+1439,349.2885,14.658694,23:17:09.24,+14:39:31.3,0.1,0.1,0.00344525107102,2e-16
2517,J2317+2149,349.490958,21.83,23:17:57.83,+21:49:48.0,1.444653102317,3e-12,20.906,0.007
2518,J2319+6411,349.896708,64.1905,23:19:35.21,+64:11:25.8,0.21601827884014,6e-14,246.0,25.66
2519,J2321+6024,350.480042,60.408528,23:21:55.21,+60:24:30.7,2.256488426824,5e-12,94.591,0.02
2520,J2322+2057,350.593167,20.950806,23:22:22.36,+20:57:02.9,0.00480842820984,4e-16,13.372,0.005
2521,J2324-6054,351.112417,-60.901694,23:24:26.98,-60:54:06.1,2.3474860533,2e-10,14.0,0.6
2522,J2325-0530,351.31375,-5.510833,23:25:15.30,-05:30:39.0,0.868735115025,8e-12,14.966,0.007
2523,J2325+6316,351.3055,63.281194,23:25:13.32,+63:16:52.3,1.436309536149,1.1e-11,197.37,0.05
2524,J2326+6113,351.744583,61.226806,23:26:58.70,+61:13:36.5,0.2336519694946,3e-13,122.613,0.005
2525,J2326+6141,351.5,61.0,23:26:00.00,+61:00:00.0,0.79,33.0,1.78,1.78
2526,J2329+16,352.458333,16.95,23:29:50.00,+16:57:00.0,0.6321,31.0,2.64,2.64
2527,J2330-2005,352.612,-20.091556,23:30:26.88,-20:05:29.6,1.643622185327,5e-12,8.456,0.002
2528,J2333+6145,353.331042,61.758361,23:33:19.45,+61:45:30.1,0.756899382059,7e-12,125.0,5.01
2529,J2337+6151,354.274,61.850417,23:37:05.76,+61:51:01.5,0.495369868028,5e-12,58.41,0.01
2530,J2339-0533,354.911417,-5.551472,23:39:38.74,-05:33:05.3,0.00288422674155,1.7e-16,1.1,3240000000.0
2531,J2340+08,355.1875,8.55,23:40:45.00,+08:33:00.0,0.3033,24.0,2.28,2.28
2532,J2343+6221,355.75,62.35,23:43:00.00,+62:21:00.0,1.799,117.0,4.59,4.59
2533,J2346-0609,356.710208,-6.166528,23:46:50.45,-06:09:59.5,1.181463382967,5e-12,22.504,0.02
2534,J2352+65,358.0,65.0,23:52:00.00,+65:00:00.0,1.164,152.0,26.5,7.72
2535,J2353+85,358.5,85.566667,23:54:00.00,+85:34:00.0,1.011691,3.7e-05,38.0,2.0
2536,J2354+6155,358.519667,61.929667,23:54:04.72,+61:55:46.8,0.944783886655,1.1e-11,94.662,0.006
1,aaa+09c,,,"Abdo,:A.:A.,Ackermann,","M.,Ajello,:M.,:Anderson,",0.944783886655,1.1e-11,94.662,0.006
2,aaa+09f,,,"Abdo,:A.:A.,Ackermann,","M.,Ajello,:M.,:Atwood,",0.944783886655,1.1e-11,94.662,0.006
3,aaa+09i,,,"Abdo,:A.:A.,Ackermann,","M.,Ajello,:M.,:Atwood,",0.944783886655,1.1e-11,94.662,0.006
4,aaa+09d,,,"Abdo,:A.:A.,Ackermann,","M.,Ajello,:M.,:Atwood,",0.944783886655,1.1e-11,94.662,0.006
5,aaa+09e,,,"Abdo,:A.:A.,Ackermann,","M.,Atwood,:W.:B.,",0.944783886655,1.1e-11,94.662,0.006
6,aaa+09,,,"Abdo,:A.:A.,Ackermann,","M.,Atwood,:W.:B.,",0.944783886655,1.1e-11,94.662,0.006
7,aaa+10g,,,"Abdo,:A.:A.,Ackermann,","M.,Ajello,:M.,:Allafort,",0.944783886655,1.1e-11,94.662,0.006
8,aaa+10l,,,"Abdo,:A.:A.,Ackermann,","M.,Ajello,:M.,:Allafort,",0.944783886655,1.1e-11,94.662,0.006
9,aaa+10b,,,"Abdo,:A.:A.,Ackermann,","M.,Ajello,:M.,:Allafort,",0.944783886655,1.1e-11,94.662,0.006
10,aaa+10c,,,"Abdo,:A.:A.,Ackermann,","M.,Ajello,:M.,:Atwood,",0.944783886655,1.1e-11,94.662,0.006
11,aaa+10d,,,"Abdo,:A.:A.,Ackermann,","M.,Ajello,:M.,:Baldini,",0.944783886655,1.1e-11,94.662,0.006
12,awd+12,,,"Abdo,:A.:A.,Wood,","K.S.,:DeCesar,:M.",0.944783886655,1.1e-11,94.662,0.006
13,,,,"A.:A.,Ajello,:M.,","+Allafort,:A.:&amp;",2013.0,,,
14,am76,,,"Ables,:J.:G.","&amp;Manchester,R.:N.,:1976.",2013.0,,,
15,aab+14,,,"Abramowski,:A.,Aharonian,:F.,","Benkhali,F.:A.,:Akhperjanian,",2013.0,,,
16,aaa+15,,,"Acero,:F.,Ackermann,:M.,","Ajello,M.,:Albert,:A.,",2013.0,,,
18,aaa+05d,,,"Redondo,:I.,:Reimer,","A.,Reimer,O.,:Ripken,:J.,",2013.0,,,
20,aab+06c,,,"Aharonian,F.,:Akhperjanian,:A.","G.,Bazer-Bachi,:A.:R.,",2013.0,,,
21,aab+06d,,,"Aharonian,F.,:Akhperjanian,:A.","G.,Bazer-Bachi,:A.:R.,",2013.0,,,
23,aab+06,,,"Raubenheimer,:B.:C.,","Raue,M.,:Raux,J.,:Rayner,",2013.0,,,
24,aab+07,,,"Aharonian,:F.,Akhperjanian,:A.","G.,Bazer-Bachi,:A.:R.,",2013.0,,,
25,akc+13,,,"Allen,:B.,Knispel,:B.,","Cordes,J.:M.,:Deneva,",2013.0,,,
26,,,,"S.:K.,Slee,:O.","+B.:&amp;:Bobra,",1986.0,,,
27,agk+90,,,"Anderson,:S.:B.,Gorham,","P.W.,:Kulkarni,:S.",1986.0,,,
28,acj+96,,,"Anderson,:S.,Cadwell,:B.","J.,Jacoby,:B.:A.,",1986.0,,,
29,awkp97,,,"Anderson,S.:B.,:Wolszczan,","A.,Kulkarni,:S.:R.",1986.0,,,
30,ags+12,,,"Anderson,G.:E.,:Gaensler,","B.M.,:Slane,:P.",1986.0,,,
32,abw+11,,,"Antoniadis,:J.,Bassa,:C.","G.,Wex,:N.,:Kramer,",1986.0,,,
33,avk+12,,,"Antoniadis,:J.,van:Kerkwijk,","M.H.,:Koester,:D.,",1986.0,,,
34,afw+13,,,"Antoniadis,:J.,Freire,:P.","C.C.,:Wex,:N.,",1986.0,,,
35,asr+09,,,"Archibald,A.:M.,:Stairs,","I.H.,:Ransom,:S.",1986.0,,,
36,akb+10,,,"Archibald,A.:M.,:Kaspi,","V.M.,:Bogdanov,:S.,",1986.0,,,
38,antt94,,,"Arzoumanian,:Z.,Nice,:D.","J.,Taylor,:J.:H.",1986.0,,,
39,agr+11,,,"Arzoumanian,Z.,:Gotthelf,:E.","V.,Ransom,:S.:M.,",1986.0,,,
40,abb+15,,,"Arzoumanian,Z.,:Brazier,:A.,","Burke-Spolaor,S.,:Chamberlin,:S.,",1986.0,,,
41,,,,"Z.,Fruchter,:A.:S.","+&amp;:Taylor,:J.",1994.0,,,
42,al81,,,"Ashworth,:M.:&amp;","Lyne,A.G.,:1981.:MNRAS,",1994.0,,,
43,asr+15,,,"Auchettl,:K.,Slane,:P.,","Romani,R.:W.,:Posselt,",1994.0,,,
44,bf74,,,"Backer,:D.:C.","&amp;Fisher,J.:R.,:1974.",1994.0,,,
45,bkh+82,,,"Backer,:D.:C.,Kulkarni,","S.R.,:Heiles,:C.,",1994.0,,,
46,,,,"P.:R.,Taylor,:J.","+H.:&amp;:Damashek,",1982.0,67.0,,
47,bmk+90b,,,"Bailes,:M.,Manchester,:R.","N.,Kesteven,:M.:J.,",1982.0,67.0,,
48,bmk+90a,,,"Bailes,:M.,Manchester,:R.","N.,Kesteven,:M.:J.,",1982.0,67.0,,
49,bhl+94,,,"Bailes,:M.,Harrison,:P.","A.,Lorimer,:D.:R.,",1982.0,67.0,,
50,bjb+97,,,"Bailes,:M.,Johnston,:S.,","Bell,J.:F.,:Lorimer,",1982.0,67.0,,
51,bbb+11a,,,"Bailes,:M.,Bates,:S.","D.,Bhalerao,:V.,:Bhat,",1982.0,67.0,,
52,bck+13,,,"Barr,:E.:D.,Champion,","D.J.,:Kramer,:M.,",1982.0,67.0,,
53,bgc+13,,,"Barr,:E.:D.,Guillemot,","L.,Champion,:D.:J.,",1982.0,67.0,,
54,bvvh03,,,"Bassa,:C.:G.,Verbunt,","F.,van:Kerkwijk,:M.",1982.0,67.0,,
55,,,,"Bassa,:C.,Wang,:Z.,","+Cumming,:A.:&amp;",40.0,,,
56,bbn+11,,,"Bassa,:C.:G.,Brisken,","W.F.,:Nelemans,:G.,",40.0,,,
57,bbb+11,,,"Bates,:S.:D.,Bailes,","M.,Bhat,:N.:D.",40.0,,,
58,bjl+11,,,"Bates,:S.:D.,Johnston,","S.,Lorimer,:D.:R.,",40.0,,,
59,bbb+12,,,"Bates,:S.:D.,Bailes,","M.,Barsdell,:B.:R.,",40.0,,,
60,btb+15,,,"Bates,:S.:D.,Thornton,","D.,Bailes,:M.,:Barr,",40.0,,,
61,bt99,,,"Becker,:W.:&amp;Tr""umper,","J.,1999.:The:X-ray",40.0,,,
63,bsp+03,,,"Becker,:W.,Swartz,:D.","A.,Pavlov,:G.:G.,",40.0,,,
64,bwt+04,,,"Becker,:W.,Weisskopf,:M.","C.,Tent,:A.:F.,",40.0,,,
65,bjk+05,,,"Becker,:W.,Jessner,:A.,","Kramer,M.,:Testa,:V.",40.0,,,
66,bbm+95,,,"Bell,:J.:F.,Bailes,","M.,Manchester,:R.:N.,",40.0,,,
67,bbs+95,,,"Bell,:J.:F.,Bessell,","M.S.,:Stappers,:B.",40.0,,,
68,bkb+95,,,"Bell,:J.:F.,Kulkarni,","S.R.,:Bailes,:M.,",40.0,,,
69,bk11,,,"Bhalerao,:V.:B.","&amp;Kulkarni,S.:R.,:2011.",40.0,,,
70,,,,"N.:D.:R.,Bailes,","+M.:&amp;:Verbiest,",2008.0,6545.0,,
71,brr+13,,,"Bhattacharyya,B.,:Roy,:J.,","Ray,P.:S.,:Gupta,",2008.0,6545.0,,
72,bcm+15,,,"Bhattacharyya,B.,:Cooper,:S.,","Malenta,M.,:Roy,:J.,",2008.0,6545.0,,
73,,,,"B.,Gupta,:Y.:&amp;","+Gil,:J.,:2008.",,,,
74,bkr+13,,,"Bietenholz,M.:F.,:Kondratiev,","V.,Ransom,:S.,:Slane,",,,,
75,bbl+94,,,"Biggs,:J.:D.,Bailes,","M.,Lyne,:A.:G.,",,,,
76,bgh+06,,,"Bogdanov,:S.,Grindlay,:J.","E.,Heinke,:C.:O.,",,,,
77,bvs+11,,,"Bogdanov,:S.,van:den","Berg,M.,:Servillat,:M.,",,,,
78,,,,"V.,Buccheri,:R.:&amp;","+Fauci,:F.,:1983.",,,,
79,,,,"V.,Buccheri,:R.:&amp;","+Fauci,:F.,:1984.",,,,
80,bbf+84,,,"Boriakoff,:V.,Buccheri,:R.,","Fauci,F.,:Turner,:K.",,,,
81,bdd+15,,,"Bower,:G.:C.,Deller,","A.,Demorest,:P.,:Brunthaler,",,,,
82,blr+13,,,"Boyles,:J.,Lynch,:R.","S.,Ransom,:S.:M.,",,,,
83,bdb+15,,,"Braga,:V.:F.,Dall'Ora,","M.,Bono,:G.,:Stetson,",,,,
84,brrk02,,,"Braje,:T.:M.,Romani,","R.W.,:Roberts,:M.",,,,
85,brr+07,,,"Breton,:R.:P.,Roberts,","M.S.:E.,:Ransom,",,,,
86,bvr+13,,,"Breton,:R.:P.,van","Kerkwijk,M.:H.,:Roberts,",,,,
87,bbgt02,,,"Brisken,:W.:F.,Benson,","J.M.,:Goss,:W.",,,,
88,bfg+03,,,"Brisken,:W.:F.,Fruchter,","A.S.,:Goss,:W.",,,,
89,btgg03,,,"Brisken,:W.:F.,Thorsett,","S.E.,:Golden,:A.",,,,
90,,,,"W.:F.,Carrillo-Barrag'an,:M.,","+Kurtz,:S.:&amp;",2006.0,,,
91,bt93,,,"Brookshaw,:L.:&amp;Tavani,","M.,1993.:Wind-Driven:Angular",2006.0,,,
92,bdp+03,,,"Burgay,:M.,D'Amico,:N.,","Possenti,A.,:Manchester,:R.",2006.0,,,
93,bjd+06,,,"Burgay,:M.,Joshi,:B.","C.,D'Amico,:N.,:Possenti,",2006.0,,,
94,bri+06,,,"Burgay,:M.,Rea,:N.,","Israel,G.:L.,:Possenti,",2006.0,,,
95,bjd+11,,,"Burgay,:M.,Joshi,:B.","C.,D'Amico,:N.,:Possenti,",2006.0,,,
96,bbb+13,,,"Burgay,:M.,Bailes,:M.,","Bates,S.:D.,:Bhat,",2006.0,,,
97,bkl+13,,,"Burgay,:M.,Keith,:M.","J.,Lorimer,:D.:R.,",2006.0,,,
98,bb10,,,"Burke-Spolaor,:S.:&amp;Bailes,","M.,2010.:The:millisecond",2006.0,,,
99,bbj+11,,,"Burke-Spolaor,S.,:Bailes,:M.,","Johnston,S.,:Bates,:S.",2006.0,,,
101,cn95,,,"Camilo,:F.:&amp;","Nice,D.J.,:1995.:Timing",2006.0,,,
102,cnst96,,,"Camilo,:F.,:Nice,D.","J.,Shrauner,:J.:A.",2006.0,,,
103,ckl+00,,,"Camilo,:F.,Kaspi,:V.","M.,Lyne,:A.:G.,",2006.0,,,
104,clf+00,,,"Camilo,:F.,Lorimer,:D.","R.,Freire,:P.,:Lyne,",2006.0,,,
105,cbm+01,,,"Camilo,:F.,:Bell,J.","F.,Manchester,:R.:N.,",2006.0,,,
106,clm+01,,,"Camilo,:F.,:Lyne,A.","G.,Manchester,:R.:N.,",2006.0,,,
107,clb+02,,,"Camilo,:F.,Lorimer,:D.","R.,Bhat,:N.:D.",2006.0,,,
108,cmgl02,,,"Camilo,:F.,Manchester,:R.","N.,Gaensler,:B.:M.",2006.0,,,
109,cmg+02,,,"Camilo,:F.,Manchester,:R.","N.,Gaensler,:B.:M.,",2006.0,,,
110,csl+02,,,"Camilo,:F.,Stairs,:I.","H.,Lorimer,:D.:R.,",2006.0,,,
111,cml+04,,,"Camilo,:F.,Manchester,:R.","N.,Lyne,:A.:G.,",2006.0,,,
112,crg+06,,,"Camilo,:F.,Ransom,:S.","M.,Gaensler,:B.:M.,",2006.0,,,
113,crh+06,,,"Camilo,:F.,Ransom,:S.","M.,Halpern,:J.:P.,",2006.0,,,
114,ccr+07,,,"Camilo,:F.,Cognard,:I.,","Ransom,S.:M.,:Halpern,",2006.0,,,
115,crhr07,,,"Camilo,:F.,Ransom,:S.","M.,Halpern,:J.:P.",2006.0,,,
116,crj+07,,,"Camilo,:F.,Reynolds,:J.,","Johnston,S.,:Halpern,:J.",2006.0,,,
117,crj+08,,,"Camilo,:F.,Reynolds,:J.,","Johnston,S.,:Halpern,:J.",2006.0,,,
118,cng+09,,,"Camilo,:F.,Ng,:C.-Y.,","Gaensler,B.:M.,:Ransom,",2006.0,,,
119,crgl09,,,"Camilo,:F.,Ransom,:S.","M.,Gaensler,:B.:M.",2006.0,,,
120,crr+09,,,"Camilo,:F.,Ray,:P.","S.,Ransom,:S.:M.,",2006.0,,,
121,ckr+12,,,"Camilo,:F.,Kerr,:M.,","Ray,P.:S.,:Ransom,",2006.0,,,
122,crc+12,,,"Camilo,:F.,Ransom,:S.","M.,Chatterjee,:S.,:Johnston,",2006.0,,,
123,ckr+15,,,"Camilo,:F.,Kerr,:M.,","Ray,P.:S.,:Ransom,",2006.0,,,
124,,,,"F.,:Nice,D.:J.","+&amp;:Taylor,:J.",1993.0,,,
125,,,,"F.,:Nice,D.:J.","+&amp;:Taylor,:J.",1996.0,,,
127,cbmt96,,,"Caraveo,:P.:A.,Bignami,","G.F.,:Migi,:R.",1996.0,,,
128,clm+98,,,"Caraveo,:P.:A.,Lattanzi,","M.G.,:Massone,:G.,",1996.0,,,
129,cdm+10,,,"Caraveo,:P.:A.,De","Luca,A.,:Marelli,:M.,",1996.0,,,
130,,,,"E.,Gratton,:R.:G.,","+Clementini,:G.:&amp;",2000.0,,,
131,,,,"S.,:DeSantis,:R.","+&amp;:Piersimoni,:A.",2001.0,,,
132,cmr+75,,,"Caswell,:J.:L.,Murray,","J.D.,:Roger,:R.",2001.0,,,
133,cks+92,,,"Caswell,:J.:L.,Kesteven,","M.J.,:Stewart,:R.",2001.0,,,
134,,,,"J.:L.,McClure-Griffiths,:N.","+M.:&amp;:Cheung,",2004.0,,,
135,,,,"B.,Sarajedini,:A.:&amp;","+Armandroff,:T.:E.,",2000.0,6652.0,,
136,clm+04,,,"Champion,D.:J.,:Lorimer,","D.R.,:McLaughlin,:M.",2000.0,6652.0,,
137,clm+05,,,"Champion,D.:J.,:Lorimer,","D.R.,:McLaughlin,:M.",2000.0,6652.0,,
138,crl+08,,,"Champion,D.:J.,:Ransom,","S.M.,:Lazarus,:P.,",2000.0,6652.0,,
139,,,,"D.:J.,McLaughlin,:M.","+A.:&amp;:Lorimer,",2005.0,,,
141,ccl+01,,,"Chatterjee,:S.,Cordes,:J.","M.,Lazio,:T.:J.",2005.0,,,
142,ccv+04,,,"Chatterjee,:S.,Cordes,:J.","M.,Vlemmings,:W.:H.",2005.0,,,
143,cgm+07,,,"Chatterjee,:S.,Gaensler,:B.","M.,Melatos,:A.,:Brisken,",2005.0,,,
144,cbv+09,,,"Chatterjee,:S.,Brisken,:W.","F.,Vlemmings,:W.:H.",2005.0,,,
146,,,,"A.:E.,Ubachukwu,:A.","+A.:&amp;:Okeke,",2003.0,,,
148,cpw+15,,,"Lovellette,:M.:N.,","Lubrano,P.,Machenschalk,:B.,:Manfreda,",2003.0,,,
149,cl86,,,"Clifton,:T.:R.","&amp;Lyne,A.:G.,:1986.",2003.0,,,
150,cjlm87,,,"Clifton,:T.:R.,Jones,","A.W.,:Lyne,:A.",2003.0,,,
151,clj+92,,,"Clifton,:T.:R.,Lyne,","A.G.,:Jones,:A.",2003.0,,,
152,,,,"W.:J.,Disney,:M.","+J.:&amp;:Taylor,",1969.0,532.0,,
153,,,,"G.,Ferraro,:F.:R.,","+Possenti,:A.:&amp;",2006.0,6752.0,,
154,cvh+14,,,"Coenen,:T.,van:Leeuwen,","J.,Hessels,:J.:W.",2006.0,6752.0,,
155,cgj+11,,,"Cognard,:I.,Guillemot,:L.,","Johnson,T.:J.,:Smith,",2006.0,6752.0,,
156,clge02,,,"Cohn,:H.:N.,Lugger,","P.M.,:Grindlay,:J.",2006.0,6752.0,,
157,cp68,,,"Cole,:T.:W.","&amp;Pilkington,J.:D.:H.,",2006.0,6752.0,,
158,ccl+69,,,"Comella,:J.:M.,Craft,","H.D.,:Lovelace,:R.",2006.0,6752.0,,
159,cl02,,,"Cordes,:J.:M.","&amp;Lazio,T.:J.:W.,",2006.0,6752.0,,
160,cfl+06,,,"Cordes,:J.:M.,Freire,","P.C.:C.,:Lorimer,",2006.0,6752.0,,
161,,,,"J.:M.,Romani,:R.","+W.:&amp;:Lundgren,",1993.0,,,
162,,,,"J.:M.,Weisberg,:J.","+M.:&amp;:Boriakoff,",1985.0,,,
163,cor86,,,"Cordes,:J.:M.,1986.",SpaceVelocities:of:Radio,1985.0,,,
164,chmm89,,,"C'ordova,:F.:A.,Hjellming,","R.M.,:Mason,:K.",1985.0,,,
165,cpl+06,,,"Corongiu,:A.,Possenti,:A.,","Lyne,A.:G.,:Manchester,",1985.0,,,
166,cks+07,,,"Corongiu,:A.,Kramer,:M.,","Stappers,B.:W.,:Lyne,",1985.0,,,
167,cbp+12,,,"Corongiu,:A.,Burgay,:M.,","Possenti,A.,:Camilo,:F.,",1985.0,,,
168,,,,"M.:E.,McCulloch,:P.","+M.:&amp;:Hamilton,",1991.0,600.0,,
169,cr71,,,"Counselman,:C.:C.","&amp;Rankin,J.:M.,:1971.",1991.0,600.0,,
170,,,,"H.:D.,Lovelace,:R.",+V.:E.:&amp;,2100.0,,,
171,,,,"H.:D.,Sutton,:J.","+M.:&amp;:Lovelace,",1968.0,1237.0,,
172,ct07,,,"Crawford,:F.:&amp;Tiffany,","C.L.,:2007.:Flux",1968.0,1237.0,,
173,cgk+01,,,"Crawford,:F.,Gaensler,:B.","M.,Kaspi,:V.:M.,",1968.0,1237.0,,
174,ckm+01,,,"Crawford,:F.,Kaspi,:V.","M.,Manchester,:R.:N.,",1968.0,1237.0,,
175,cpkm02,,,"Crawford,:F.,Pivovaroff,:M.","J.,Kaspi,:V.:M.",1968.0,1237.0,,
176,cmj+05,,,"Crawford,:F.,McLaughlin,:M.,","Johnston,S.,:Romani,:R.",1968.0,1237.0,,
177,crh+06a,,,"Crawford,:F.,Roberts,:M.","S.E.,:Hessels,:J.",1968.0,1237.0,,
178,csl+12,,,"Crawford,:F.,Stovall,:K.,","Lyne,A.:G.,:Stappers,",1968.0,1237.0,,
179,cls+13,,,"Crawford,:F.,Lyne,:A.","G.,Stairs,:I.:H.,",1968.0,1237.0,,
180,,,,"F.,Manchester,:R.:N.","+&amp;:Kaspi,:V.",2001.0,,,
181,cud86,,,"Cudworth,:K.:M.,1986.","Propermotions,:membership,:and",2001.0,,,
183,cbcp14,,,"Cummings,J.:R.,:Barthelmy,","S.D.,:Chester,:M.",2001.0,,,
184,cmn+00,,,"Cusumano,:G.,Maccarone,:M.","C.,Nicastro,:L.,:Sacco,",2001.0,,,
185,dmk+93,,,"D'Alessandro,:F.,McCulloch,:P.","M.,King,:E.:A.,",2001.0,,,
186,dbtb82,,,"Damashek,:M.,Backus,:P.","R.,Taylor,:J.:H.",2001.0,,,
187,,,,"M.,Taylor,:J.:H.","+&amp;:Hulse,:R.",1978.0,17.0,,
188,dmd+88,,,"D'Amico,:N.,Manchester,:R.","N.,Durdin,:J.:M.,",1978.0,17.0,,
189,dbl+93,,,"D'Amico,:N.,Bailes,:M.,","Lyne,A.:G.,:Manchester,",1978.0,17.0,,
190,dsb+98,,,"D'Amico,:N.,Stappers,:B.","W.,Bailes,:M.,:Martin,",1978.0,17.0,,
191,dkm+01,,,"D'Amico,:N.,Kaspi,:V.","M.,Manchester,:R.:N.,",1978.0,17.0,,
192,dlm+01,,,"D'Amico,:N.,Lyne,:A.","G.,Manchester,:R.:N.,",1978.0,17.0,,
193,dpm+01a,,,"D'Amico,:N.,Possenti,:A.,","Manchester,R.:N.,:Sarkissian,",1978.0,17.0,,
194,dpm+01,,,"D'Amico,:N.,Possenti,:A.,","Manchester,R.:N.,:Sarkissian,",1978.0,17.0,,
195,dpf+02,,,"D'Amico,:N.,Possenti,:A.,","Fici,L.,:Manchester,:R.",1978.0,17.0,,
196,dl70,,,"Davies,:J.:G.","&amp;Large,M.:I.,:1970.",1978.0,17.0,,
197,dfl+08,,,"Davies,:B.,Figer,:D.","F.,Law,:C.:J.,",1978.0,17.0,,
198,,,,"J.:G.,Large,:M.","+I.:&amp;:Pickwick,",1970.0,,,
199,,,,"J.:G.,Lyne,:A.","+G.:&amp;:Seiradakis,",1972.0,443.0,,
200,,,,"J.:G.,Lyne,:A.","+G.:&amp;:Seiradakis,",1973.0,,,
201,lmm+13,,,"De:Luca,:A.,Migi,","R.P.,:Marelli,:M.,",1973.0,,,
202,dcm+14,,,"de:Martino,:D.,Casares,","J.,Mason,:E.,:Buckley,",1973.0,,,
203,,,,"M.:E.,Ransom,:S.","+M.:&amp;:Ray,",2011.0,,,
204,dma+93,,,"Deich,:W.:T.","S.,Middleditch,J.,:Anderson,:S.",2011.0,,,
206,dtbr09,,,"Deller,:A.:T.,Tingay,","S.J.,:Bailes,:M.",2011.0,,,
207,dab+12,,,"Deller,:A.:T.,Archibald,","A.M.,:Brisken,:W.",2011.0,,,
208,dcrh12,,,"Deller,:A.:T.,Camilo,","F.,Reynolds,:J.:E.",2011.0,,,
209,dbl+13,,,"Deller,:A.:T.,Boyles,","J.,Lorimer,:D.:R.,",2011.0,,,
210,dkj+14,,,"Dembska,:M.,Kijak,:J.,","Jessner,A.,:Lewandowski,:W.,",2011.0,,,
211,,,,"M.,Basu,:R.,:Kijak,","+J.:&amp;:Lewandowski,",2015.0,610.0,,
212,dpr+10,,,"Demorest,P.:B.,:Pennucci,","T.,Ransom,:S.:M.,",2015.0,610.0,,
213,,,,"J.:S.,Cordes,:J.","+M.:&amp;:Lazio,",2009.0,,,
214,dcm+09,,,"Deneva,:J.:S.,Cordes,","J.M.,:Mc:Laughlin,",2009.0,,,
215,dfc+12,,,"Deneva,:J.:S.,Freire,","P.C.:C.,:Cordes,",2009.0,,,
216,dsm+13,,,"Deneva,:J.:S.,Stovall,","K.,McLaughlin,:M.:A.,",2009.0,,,
217,dtws85,,,"Dewey,:R.:J.,Taylor,","J.H.,:Weisberg,:J.",2009.0,,,
218,dcww88,,,"Dewey,:R.:J.,Cordes,","J.M.,:Wolszczan,:A.",2009.0,,,
219,dtms88,,,"Dewey,:R.:J.,Taylor,","J.H.,:Maguire,:C.",2009.0,,,
220,dml+11,,,"Dhillon,:V.:S.,Marsh,","T.R.,:Littlefair,:S.",2009.0,,,
221,dk14,,,"Dib,:R.:&amp;","Kaspi,V.M.,:2014.:16",2009.0,,,
222,,,,"R.,Legge,:D.,:Reynolds,",+J.:E.:&amp;,2003.0,,,
223,,,,"R.:G.,McCulloch,:P.","+M.:&amp;:Lewis,",2002.0,2000.0,,
224,dlc+14,,,"Dolch,:T.,Lam,:M.","T.,Cordes,:J.,:Chatterjee,",2002.0,2000.0,,
225,dlk+01,,,"Doroshenko,:O.,L"":ohmer,","O.,Kramer,:M.,:Jessner,",2002.0,2000.0,,
226,dyc+14,,,"Du,:Y.,:Yang,J.,","Campbell,R.:M.,:Janssen,",2002.0,2000.0,,
227,dk06,,,"Durant,:M.:&amp;","vanKerkwijk,M.:H.,:2006.",2002.0,2000.0,,
228,emk+10,,,"Eatough,:R.:P.,Molkenthin,","N.,Kramer,:M.,:Noutsos,",2002.0,2000.0,,
229,efk+13,,,"Eatough,:R.:P.,Falcke,","H.,Karuppusamy,:R.,:Lee,",2002.0,2000.0,,
230,eklk13,,,"Eatough,:R.:P.,Kramer,","M.,Lyne,:A.:G.",2002.0,2000.0,,
231,,,,"R.:P.,Keane,:E.","+F.:&amp;:Lyne,",2009.0,,,
232,egh+01,,,"Edmonds,:P.:D.,Gilliland,","R.L.,:Heinke,:C.",2009.0,,,
233,egc+02,,,"Edmonds,:P.:D.,Gilliland,","R.L.,:Camilo,:F.,",2009.0,,,
234,eb01,,,"Edwards,:R.:T.","&amp;Bailes,M.,:2001a.:Discovery",2009.0,,,
235,eb01b,,,"Edwards,:R.:T.","&amp;Bailes,M.,:2001b.:Recycled",2009.0,,,
236,ebvb01,,,"Edwards,:R.:T.,Bailes,","M.,van:Straten,:W.",2009.0,,,
237,ezy+08,,,"Esamdin,:A.,Zhao,:C.","S.,Yan,:Y.,:Wang,",2009.0,,,
238,elk+11,,,"Espinoza,C.:M.,:Lyne,","A.G.,:Kramer,:M.,",2009.0,,,
239,egc+13,,,"Espinoza,C.:M.,:Guillemot,","L.,c:Celik,:""O.,",2009.0,,,
240,etm+09,,,"Esposito,:P.,Tiengo,:A.,","Mereghetti,S.,:Israel,:G.",2009.0,,,
241,eit+11,,,"Esposito,:P.,Israel,:G.","L.,Turolla,:R.,:Mattana,",2009.0,,,
242,ekl+80,,,"Evans,:W.:D.,Klebesadel,","R.W.,:Laros,:J.",2009.0,,,
243,,,,"S.:R.,Salter,:C.","+J.:&amp;:Sutton,",1973.0,67.0,,
245,fsk+04,,,"Faulkner,A.:J.,:Stairs,","I.H.,:Kramer,:M.,",1973.0,67.0,,
246,fkl+05,,,"Faulkner,A.:J.,:Kramer,","M.,Lyne,:A.:G.,",1973.0,67.0,,
247,fsk+10,,,"Ferdman,:R.:D.,Stairs,","I.H.,:Kramer,:M.,",1973.0,67.0,,
248,fsk+14,,,"Ferdman,:R.:D.,Stairs,","I.H.,:Kramer,:M.,",1973.0,67.0,,
249,,,,"F.:R.,Possenti,:A.,","+D'Amico,:N.:&amp;",2001.0,6397.0,,
250,fgl+92,,,"Fomalont,:E.:B.,Goss,","W.M.,:Lyne,:A.",2001.0,6397.0,,
251,fgml97,,,"Fomalont,:E.:B.,Goss,","W.M.,:Manchester,:R.",2001.0,6397.0,,
252,fgbc99,,,"Fomalont,:E.:B.,Goss,","W.M.,:Beasley,:A.",2001.0,6397.0,,
253,,,,"E.,Stairs,:I.:H.","+&amp;:Thorsett,:S.",2014.0,82.0,,
254,fhc+14,,,"Forestell,L.:M.,:Heinke,","C.O.,:Cohn,:H.",2014.0,82.0,,
255,fcwa95,,,"Foster,:R.:S.,Cadwell,","B.J.,:Wolszczan,:A.",2014.0,82.0,,
256,,,,"R.:S.,Fairhead,:L.","+&amp;:Backer,:D.",1991.0,,,
257,,,,"R.:S.,Wolszczan,:A.","+&amp;:Camilo,:F.,",1993.0,,,
259,fc89,,,"Frail,:D.:A.","&amp;Clifton,T.:R.,:1989.",1993.0,,,
260,fk91,,,"Frail,:D.:A.","&amp;Kulkarni,S.:R.,:1991.",1993.0,,,
261,,,,"D.:A.,:Goss,W.","+M.:&amp;:Whiteoak,",1994.0,,,
262,,,,"D.:A.,Kulkarni,:S.","+R.:&amp;:Bloom,",1999.0,,,
263,,,,"D.:A.,Kulkarni,:S.","+R.:&amp;:Vasisht,",1993.0,28.0,,
264,fkl+01,,,"Freire,:P.:C.,Kramer,","M.,Lyne,:A.:G.,",1993.0,28.0,,
265,fck+03,,,"Freire,:P.:C.,Camilo,","F.,Kramer,:M.,:Lorimer,",1993.0,28.0,,
266,fgri04,,,"Freire,:P.:C.,Gupta,","Y.,Ransom,:S.:M.",1993.0,28.0,,
267,fhn+05,,,"Freire,P.:C.:C.,","Hessels,J.:W.:T.,",1993.0,28.0,,
268,frb+08,,,"Freire,P.:C.:C.,","Ransom,S.:M.,:B'egin,",1993.0,28.0,,
269,faa+11,,,"Freire,P.:C.:C.,","Abdo,A.:A.,:Ajello,",1993.0,28.0,,
270,fbw+11,,,"Freire,P.:C.:C.,","Bassa,C.:G.,:Wex,",1993.0,28.0,,
271,fwe+12,,,"Freire,P.:C.:C.,","Wex,N.,:Esposito-Far`ese,:G.,",1993.0,28.0,,
272,,,,"P.:C.:C.,Ransom,",+S.:M.:&amp;,2007.0,1851.0,,
273,fre08,,,"Freire,:P.:C.,2008.",Pulsarsin:globular:clusters.http://www.naic.edu/,2007.0,1851.0,,
274,fhm+69,,,"Fritz,:G.,:Henry,R.","C.,Meekins,:J.:F.,",2007.0,1851.0,,
275,ftb+88,,,"Fruchter,:A.:S.,Taylor,","J.H.,:Backer,:D.",2007.0,1851.0,,
276,fbb+90,,,"Fruchter,:A.:S.,Berman,","G.,Bower,:G.,:Convery,",2007.0,1851.0,,
277,,,,"A.:S.,Stinebring,:D.","+R.:&amp;:Taylor,",1988.0,,,
278,,,,"E.,:Reich,W.:&amp;","+Seiradakis,:J.:H.,",1993.0,,,
279,gsk+03,,,"Gaensler,:B.:M.,Schulz,","N.S.,:Kaspi,:V.",1993.0,,,
280,gvc+04,,,"Gaensler,:B.:M.,van","derSwaluw,:E.,:Camilo,",1993.0,,,
281,,,,"B.:M.,Pivovaroff,:M.","+J.:&amp;:Garmire,",2001.0,,,
282,gae14,,,"Gaensler,:B.:M.,2014.",GRB140705A:/:SGR,2001.0,,,
283,gg07,,,"Gelfand,:J.:D.","&amp;Gaensler,B.:M.,:2007.",2001.0,,,
284,,,,"R.,Eisenhauer,:F.:&amp;","+Gillessen,:S.,:2010.",,,,
285,gdg+00,,,"Giacani,:E.:B.,Dubner,","G.M.,:Green,:A.",,,,
286,,,,"E.,Woods,:P.:&amp;","+Kouveliotou,:C.,:2008.",1.0,,,
287,,,,"J.:&amp;Guelin,:M.,","+1974.:A&amp;A,:32,",441.0,,,
288,gkc+07,,,"Gonzalez,M.:E.,:Kaspi,","V.M.,:Camilo,:F.,",441.0,,,
289,gsf+11,,,"Gonzalez,M.:E.,:Stairs,","I.H.,:Ferdman,:R.",441.0,,,
290,gos13,,,"Gosachinskii,I.:V.,:2013.",Neutralhydrogen:in:the,441.0,,,
292,gh08,,,"Gotthelf,:E.:V.","&amp;Halpern,J.:P.,:2008.",441.0,,,
293,gh09,,,"Gotthelf,:E.:V.","&amp;Halpern,J.:P.,:2009.",441.0,,,
294,gh09b,,,"Gotthelf,:E.:V.","&amp;Halpern,J.:P.,:2009.",441.0,,,
295,gk98,,,"Gotthelf,:E.:V.","&amp;Kaspi,V.:M.,:1998.",441.0,,,
296,,,,"V.,:Vasisht,:G.,","+Boylan-Kolchin,:M.:&amp;",2000.0,75.0,,
297,ghtm11,,,"Gotthelf,E.:V.,:Halpern,","J.P.,:Terrier,:R.",2000.0,75.0,,
298,gth+14,,,"Gotthelf,E.:V.,:Tomsick,","J.A.,:Halpern,:J.",2000.0,75.0,,
299,J0821-4300and,,,J1210-5226::Confirmation:of,+Central:Compact:Objects,58.0,,,
300,,,,"E.:V.,Halpern,:J.","+P.:&amp;:Dodson,",2002.0,,,
301,,,,"E.:V.,Halpern,:J.","+P.:&amp;:Seward,",2005.0,105.0,,
302,gcl+10,,,"G""oug""uc:s,:E.,","Cusumano,G.,:Levan,:A.",2005.0,105.0,,
303,gwk+10,,,"G""oug""uc:s,:E.,","Woods,P.:M.,:Kouveliotou,",2005.0,105.0,,
305,ggts88,,,"Green,:D.:A.,Gull,","S.F.,:Tan,:S.",2005.0,105.0,,
306,ghe+01,,,"Grindlay,J.:E.,:Heinke,","C.O.,:Edmonds,:P.",2005.0,105.0,,
307,gfc+12,,,"Guillemot,:L.,Freire,:P.","C.C.,:Cognard,:I.,",2005.0,105.0,,
308,gkj+13,,,"Guillemot,:L.,Kramer,:M.,","Johnson,T.:J.,:Craig,",2005.0,105.0,,
309,gr78,,,"Gullahorn,:G.:E.","&amp;Rankin,J.:M.,:1978.",2005.0,105.0,,
310,J1833-1034:,,,pulsar:associated:with,+the:supernova:remtG21.5-0.9.,,,,
311,gtwr86,,,"Gwinn,:C.:R.,Taylor,","J.H.,:Weisberg,:J.",,,,
312,hmb+97,,,"Haberl,:F.,Motch,:C.,","Buckley,D.:A.:H.,",,,,
313,hmz+04,,,"Haberl,:F.,Motch,:C.,","Zavlin,V.:E.,:Reinsch,",,,,
314,,,,"F.,Motch,:C.:&amp;","+Pietsch,:W.,:1998.",,,,
315,hab07,,,"Haberl,:F.,2007.:The",magnificentseven::magnetic:fields,,,,
316,hgc+09,,,"Hales,:C.:A.,Gaensler,","B.M.,:Chatterjee,:S.,",,,,
317,hg10,,,"Halpern,:J.:P.","&amp;Gotthelf,E.:V.,:2010.",,,,
318,hg10a,,,"Halpern,:J.:P.","&amp;Gotthelf,E.:V.,:2010.",,,,
319,hg10b,,,"Halpern,:J.:P.","&amp;Gotthelf,E.:V.,:2010.",,,,
320,hh92,,,"Halpern,:J.:P.","&amp;Holt,S.:S.,:1992.",,,,
321,,,,"J.:P.,Camilo,:F.","+&amp;:Gotthelf,:E.",2007.0,,,
322,hcg+01,,,"Halpern,:J.:P.,Camilo,","F.,Gotthelf,:E.:V.,",2007.0,,,
323,hglh01,,,"Halpern,:J.:P.,Gotthelf,","E.V.,:Leighly,:K.",2007.0,,,
324,hgc+04,,,"Halpern,:J.:P.,Gotthelf,","E.V.,:Camilo,:F.,",2007.0,,,
325,hgb+05,,,"Halpern,:J.:P.,Gotthelf,","E.V.,:Becker,:R.",2007.0,,,
326,hcg+08,,,"Halpern,:J.:P.,Camilo,","F.,Giuliani,:A.,:Gotthelf,",2007.0,,,
327,htg+14,,,"Halpern,:J.:P.,Tomsick,","J.A.,:Gotthelf,:E.",2007.0,,,
329,,,,"V.,Hasinger,:G.,:Schwope,",+A.:D.:&amp;,2002.0,1223.0,,
330,hl87,,,"Hamilton,:P.:A.","&amp;Lyne,A.:G.,:1987.",2002.0,1223.0,,
331,hml+06,,,"Han,:J.:L.,Manchester,","R.N.,:Lyne,:A.",2002.0,1223.0,,
332,,,,"J.:L.,Manchester,:R.","+N.:&amp;:Qiao,",1999.0,,,
333,hr10,,,"Hankins,:T.:H.","&amp;Rankin,J.:M.,:2010.",1999.0,,,
335,hg73,,,"Harnden,:F.:R.","&amp;Gorenstein,P.,:1973.:Soft",1999.0,,,
336,har96,,,"Harris,:W.:E.,1996.",ACatalog:of:parameters,1999.0,,,
337,,,,"P.:A.,Lyne,:A.","+G.:&amp;:Anderson,",1993.0,44.0,,
338,hsh+12,,,"Hassall,:T.:E.,Stappers,","B.W.,:Hessels,:J.",1993.0,44.0,,
339,hjz+00,,,"Heasley,:J.:N.,Janes,","K.A.,:Zinn,:R.,",1993.0,44.0,,
340,hr99,,,"Heitsch,:F.:&amp;Richtler,","T.,1999.:The:metal-rich",1993.0,44.0,,
341,,,,"D.:J.,Collins,:B.","+F.:&amp;:Gotthelf,",2003.0,75.0,,
342,hcb+07,,,"Helfand,:D.:J.,Chatterjee,","S.,Brisken,:W.:F.,",2003.0,75.0,,
343,hgh+07,,,"Helfand,:D.:J.,Gotthelf,","E.V.,:Halpern,:J.",2003.0,75.0,,
344,hrr+04,,,"Hessels,J.:W.:T.,","Roberts,M.:S.:E.,",2003.0,75.0,,
345,hrs+06,,,"Hessels,J.:W.:T.,","Ransom,S.:M.,:Stairs,",2003.0,75.0,,
346,hrs+07,,,"Hessels,:J.W.:T.,","Ransom,S.:M.,:Stairs,",2003.0,75.0,,
347,hng+08,,,"Hessels,J.:W.:T.,","Nice,D.:J.,:Gaensler,",2003.0,75.0,,
348,hrk+08,,,"Hessels,J.:W.:T.,","Ransom,S.:M.,:Kaspi,",2003.0,75.0,,
349,hrm+11,,,"Hessels,J.:W.:T.,","Roberts,M.:S.:E.,",2003.0,75.0,,
350,hbp+68,,,"Hewish,:A.,:Bell,S.","J.,Pilkington,:J.:D.",2003.0,75.0,,
351,hra+12,,,"Heyl,:J.:S.,Richer,","H.,Anderson,:J.,:Fahlman,",2003.0,75.0,,
352,hsc+11,,,"Hill,:A.:B.,Szostek,","A.,Corbel,:S.,:Camilo,",2003.0,75.0,,
353,hjm+70,,,"Hillier,:R.:R.,Jackson,","W.R.,:Murray,:A.,",2003.0,75.0,,
354,hfs+04,,,"Hobbs,:G.,Faulkner,:A.,","Stairs,I.:H.,:Camilo,",2003.0,75.0,,
355,hlk+04,,,"Hobbs,:G.,:Lyne,A.","G.,Kramer,:M.,:Martin,",2003.0,75.0,,
356,hllk05,,,"Hobbs,:G.,Lorimer,:D.","R.,Lyne,:A.:G.",2003.0,75.0,,
357,,,,"M.:M.,Neuh""auser,:R.","+&amp;:Schutz,:B.",2010.0,349.0,,
358,hok+09,,,"Hoppe,:S.,:deO","na-Wilhemi,E.,:Kh'elifi,:B.,",2010.0,349.0,,
359,,,,"A.:W.,Bailes,:M.","+&amp;:Ord,:S.",2006.0,,,
360,hsg+14,,,"Hou,:X.,Smith,:D.","A.,Guillemot,:L.,:Cheung,",2006.0,,,
362,hsp+03,,,"Hughes,:J.:P.,Slane,","P.O.,:Park,:S.,",2006.0,,,
364,htg+68,,,"Huguenin,:G.:R.,Taylor,","J.H.,:Goad,:L.",2006.0,,,
365,hb07b,,,"Hui,:C.:Y.","&amp;Becker,W.,:2007.:X-ray",2006.0,,,
366,hb07c,,,"Hui,:C.:Y.","&amp;Becker,W.,:2007.:Radio",2006.0,,,
367,htv+01,,,"Hulleman,:F.,Tent,:A.","F.,van:Kerkwijk,:M.",2006.0,,,
368,ht74,,,"Hulse,:R.:A.","&amp;Taylor,J.:H.,:1974.",2006.0,,,
370,ht75b,,,"Hulse,:R.:A.","&amp;Taylor,J.:H.,:1975b.",2006.0,,,
371,ims+04,,,"Ibrahim,:A.:I.,Markwardt,","C.B.,:Swank,:J.",2006.0,,,
372,ics+02,,,"Israel,:G.:L.,Covino,","S.,Stella,:L.,:Campana,",2006.0,,,
373,icp+03,,,"Israel,:G.:L.,Covino,","S.,Perna,:R.,:Migi,",2006.0,,,
374,icm+05,,,"Israel,:G.,Covino,:S.,","Migi,R.,:Stella,:L.,",2006.0,,,
375,irz+14,,,"Israel,:G.:L.,Rea,","N.,Zelati,:F.:C.,",2006.0,,,
376,,,,"G.:L.,Mereghetti,:S.","+&amp;:Stella,:L.,",1994.0,8.7,,
377,jh05,,,"Jackson,:M.:S.","&amp;Halpern,J.:P.,:2005.",1994.0,8.7,,
378,jbv+03,,,"Jacoby,:B.:A.,Bailes,","M.,van:Kerkwijk,:M.",1994.0,8.7,,
379,jhb+05,,,"Jacoby,:B.:A.,Hotan,","A.,Bailes,:M.,:Ord,",1994.0,8.7,,
380,jcj+06,,,"Jacoby,:B.:A.,Cameron,","P.B.,:Jenet,:F.",1994.0,8.7,,
381,jcv+06,,,"Jacoby,:B.:A.,Chakrabarty,","D.,van:Kerkwijk,:M.",1994.0,8.7,,
382,jbo+07,,,"Jacoby,:B.:A.,Bailes,","M.,Ord,:S.:M.,",1994.0,8.7,,
383,jbo+09,,,"Jacoby,:B.:A.,Bailes,","M.,Ord,:S.,:Knight,",1994.0,8.7,,
385,js06,,,"Janssen,:G.:H.","&amp;Stappers,B.:W.,:2006.",1994.0,8.7,,
386,jsk+08,,,"Janssen,:G.:H.,Stappers,","B.W.,:Kramer,:M.,",1994.0,8.7,,
387,jsb+09,,,"Janssen,:G.:H.,Stappers,","B.W.,:Braun,:R.,",1994.0,8.7,,
388,jsb+10,,,"Janssen,:G.:H.,Stappers,","B.W.,:Bassa,:C.",1994.0,8.7,,
389,jrr+15,,,"Johnson,:T.:J.,Ray,","P.S.,:Roy,:J.,",1994.0,8.7,,
390,jr03,,,"Johnston,:S.:&amp;Romani,","R.,2003.:Giant:Pulses",1994.0,8.7,,
391,jw06,,,"Johnston,:S.:&amp;Weisberg,","J.M.,:2006.:Profile",1994.0,8.7,,
392,jlm+92,,,"Johnston,:S.,Lyne,:A.","G.,Manchester,:R.:N.,",1994.0,8.7,,
393,jml+92,,,"Johnston,:S.,Manchester,:R.","N.,Lyne,:A.:G.,",1994.0,8.7,,
394,jlh+93,,,"Johnston,:S.,Lorimer,:D.","R.,Harrison,:P.:A.,",1994.0,8.7,,
395,jml+94,,,"Johnston,:S.,Manchester,:R.","N.,Lyne,:A.:G.,",1994.0,8.7,,
396,jml+95,,,"Johnston,:S.,Manchester,:R.","N.,Lyne,:A.:G.,",1994.0,8.7,,
397,jrmz04,,,"Johnston,:S.,Romani,:R.","W.,Marshall,:F.:E.",1994.0,8.7,,
398,jhv+05,,,"Johnston,:S.,Hobbs,:G.,","Vigeland,S.,:Kramer,:M.,",1994.0,8.7,,
399,jkl+06,,,"Johnston,:S.,Kramer,:M.,","Lorimer,D.:R.,:Lyne,",1994.0,8.7,,
401,jl88,,,"Jones,:A.:W.","&amp;Lyne,A.:G.,:1988.",1994.0,8.7,,
402,jml+09,,,"Joshi,:B.:C.,McLaughlin,","M.A.,:Lyne,:A.",1994.0,8.7,,
403,,,,"D.,Harris,:W.:E.","+&amp;:McLaughlin,:D.",1997.0,10.0,,
404,kv05a,,,"Kaplan,:D.:L.","&amp;vanKerkwijk,:M.:H.,",1997.0,10.0,,
405,kk09b,,,"Kaplan,:D.:L.","&amp;vanKerkwijk,:M.:H.,",1997.0,10.0,,
406,kk09,,,"Kaplan,:D.:L.","&amp;vanKerkwijk,:M.:H.,",1997.0,10.0,,
407,kv11,,,"Kaplan,:D.:L.","&amp;vanKerkwijk,:M.:H.,",1997.0,10.0,,
408,kv05,,,"Kaplan,:D.:L.","&amp;vanKerkwijk,:M.:H.,",1997.0,10.0,,
409,kkvh11,,,"Kaplan,:D.:L.,Kamble,","A.,van:Kerkwijk,:M.",1997.0,10.0,,
410,ksr+12,,,"Kaplan,:D.:L.,Stovall,","K.,Ransom,:S.:M.,",1997.0,10.0,,
411,kbv+13,,,"Kaplan,:D.:L.,Bhalerao,","V.B.,:van:Kerkwijk,",1997.0,10.0,,
412,kbd+14,,,"Kaplan,:D.:L.,Boyles,","J.,Dunlap,:B.:H.,",1997.0,10.0,,
413,kvk+14,,,"Kaplan,:D.:L.,van","Kerkwijk,M.:H.,:Koester,",1997.0,10.0,,
414,,,,"D.:L.,Kulkarni,:S.",+R.:&amp;:van,2002.0,,,
415,,,,"D.:L.,Kulkarni,:S.",+R.:&amp;:van,2003.0,,,
416,,,,"D.:L.,van:Kerkwijk,",+M.:H.:&amp;,2007.0,,,
417,kkl+15,,,"Karako-Argaman,C.,:Kaspi,:V.","M.,Lynch,:R.:S.,",2007.0,,,
418,kp07,,,"Kargaltsev,:O.:&amp;Pavlov,","G.G.,:2007.:X-Ray",2007.0,,,
419,kkp+12,,,"Kargaltsev,:O.,Kouveliotou,:C.,","Pavlov,G.:G.,:G""ov",2007.0,,,
420,,,,"O.,Pavlov,:G.:G.","+&amp;:Garmire,:G.",2006.0,,,
421,,,,"O.,Pavlov,:G.:G.","+&amp;:Garmire,:G.",2006.0,,,
422,,,,"O.,Pavlov,:G.:G.","+&amp;:Garmire,:G.",2007.0,,,
424,kjb+94,,,"Kaspi,:V.:M.,Johnston,","S.,Bell,:J.:F.,",2007.0,,,
425,kms+94,,,"Kaspi,:V.:M.,Manchester,","R.N.,:Siegman,:B.,",2007.0,,,
426,kbm+96,,,"Kaspi,:V.:M.,Bailes,","M.,Manchester,:R.:N.,",2007.0,,,
427,kmj+96,,,"Kaspi,:V.:M.,Manchester,","R.N.,:Johnston,:S.,",2007.0,,,
428,kbm+97,,,"Kaspi,:V.:M.,Bailes,","M.,Manchester,:R.:N.,",2007.0,,,
429,kcm+98,,,"Kaspi,:V.:M.,Crawford,","F.,Manchester,:R.:N.,",2007.0,,,
430,klm+00,,,"Kaspi,:V.:M.,Lackey,","J.R.,:Mattox,:J.,",2007.0,,,
431,klm+00a,,,"Kaspi,:V.:M.,Lyne,","A.G.,:Manchester,:R.",2007.0,,,
432,kgc+01,,,"Kaspi,:V.:M.,Gavriil,","F.P.,:Chakrabarty,:D.,",2007.0,,,
433,kggl01,,,"Kaspi,:V.:M.,Gotthelf,","E.V.,:Gaensler,:B.",2007.0,,,
434,,,,"V.:M.,Taylor,:J.","+H.:&amp;:Ryba,",1994.0,,,
435,kw90,,,"Kassim,:N.:E.","&amp;Weiler,K.:W.,:1990.",1994.0,,,
436,khbh95,,,"Kavelaars,J.:J.,:Hanes,","D.A.,:Bridges,:T.",1994.0,,,
437,kle+10,,,"Keane,:E.:F.,Ludovici,","D.A.,:Eatough,:R.",1994.0,,,
438,kkl+11,,,"Keane,:E.:F.,Kramer,","M.,Lyne,:A.:G.,",1994.0,,,
439,kjk+08,,,"Keith,:M.:J.,Johnston,","S.,Kramer,:M.,:Weltevrede,",1994.0,,,
440,kel+09,,,"Keith,:M.:J.,Eatough,","R.P.,:Lyne,:A.",1994.0,,,
441,kkl+09,,,"Keith,:M.:J.,Kramer,","M.,Lyne,:A.:G.,",1994.0,,,
442,kjv+10,,,"Keith,:M.:J.,Jameson,","A.,van:Straten,:W.,",1994.0,,,
443,kjr+11,,,"Keith,:M.:J.,Johnston,","S.,Ray,:P.:S.,",1994.0,,,
444,kjb+12,,,"Keith,:M.:J.,Johnston,","S.,Bailes,:M.,:Bates,",1994.0,,,
445,kbk+13,,,"Kennea,:J.:A.,Burrows,","D.N.,:Kouveliotou,:C.,",1994.0,,,
446,kcj+12,,,"Kerr,:M.,Camilo,:F.,","Johnson,T.:J.,:Ferrara,",1994.0,,,
447,khs+14,,,"Kerr,:M.,Hobbs,:G.,","Shannon,R.:M.,:Kiczynski,",1994.0,,,
448,kds+15,,,"Kirichenko,:A.,Danilenko,:A.,","Shternin,P.,:Shibanov,:Y.,",1994.0,,,
449,kvf+14,,,"Kirsten,:F.,Vlemmings,:W.,","Freire,P.,:Kramer,:M.,",1994.0,,,
450,kac+10,,,"Knispel,:B.,Allen,:B.,","Cordes,J.:M.,:Deneva,",1994.0,,,
451,kla+11,,,"Knispel,:B.,Lazarus,:P.,","Allen,B.,:Anderson,:D.,",1994.0,,,
452,kek+13,,,"Knispel,:B.,Eatough,:R.","P.,Kim,:H.,:Keane,",1994.0,,,
453,kls+15,,,"Knispel,:B.,Lyne,:A.","G.,Stappers,:B.:W.,",1994.0,,,
454,kr00,,,"Koester,:D.:&amp;Reimers,","D.,2000.:The:white",1994.0,,,
455,kac+73,,,"Komesaroff,M.:M.,:Ables,","J.G.,:Cooke,:D.",1994.0,,,
457,kw03,,,"Konacki,:M.:&amp;Wolszczan,","A.,2003.:Masses:and",1994.0,,,
458,,,,"M.,Wolszczan,:A.:&amp;","+Stairs,:I.:H.,",2003.0,,,
459,kvh+15,,,"Kondratiev,V.:I.,:Verbiest,","J.P.:W.,:Hessels,",2003.0,,,
460,kds+98,,,"Kouveliotou,:C.,Dieters,:S.,","Strohmayer,T.,:van:Paradijs,",2003.0,,,
461,ksh+99,,,"Kouveliotou,C.,:Strohmayer,:T.,","Hurley,K.,:Van:Paradijs,",2003.0,,,
462,kxl+98,,,"Kramer,:M.,Xilouris,:K.","M.,Lorimer,:D.:R.,",2003.0,,,
463,kll+99,,,"Kramer,:M.,Lange,:C.,","Lorimer,D.:R.,:Backer,",2003.0,,,
464,kbm+03,,,"Kramer,:M.,Bell,:J.","F.,Manchester,:R.:N.,",2003.0,,,
465,klh+03,,,"Kramer,:M.,Lyne,:A.","G.,Hobbs,:G.,:L""",2003.0,,,
466,ksm+06,,,"Kramer,:M.,Stairs,:I.","H.,Manchester,:R.:N.,",2003.0,,,
468,kcb+88,,,"Kulkarni,:S.:R.,Clifton,","T.R.,:Backer,:D.",2003.0,,,
469,kapw91,,,"Kulkarni,:S.:R.,Anderson,","S.B.,:Prince,:T.",2003.0,,,
470,kkm+03,,,"Kulkarni,S.:R.,:Kaplan,","D.L.,:Marshall,:H.",2003.0,,,
471,kul86,,,"Kulkarni,:S.:R.,1986.",OpticalIdentification:of:Binary,2003.0,,,
472,kl01,,,"Kuzmin,:A.:D.","&amp;Losovsky,B.:Y.,:2001.",2003.0,,,
473,kms+78,,,"Kuzmin,:A.:D.,Malofeev,","V.M.,:Shitov,:Y.",2003.0,,,
475,,,,"H.,Smith,:D.:A.,","+Guillemot,:L.:&amp;",,,,
476,lfmp02,,,"Lamb,:R.:C.,Fox,","D.W.,:Macomb,:D.",,,,
478,,,,"M.:I.,Vaughan,:A.","+E.:&amp;:Mills,",1968.0,,,
479,,,,"M.:I.,Vaughan,:A.","+E.:&amp;:Wielebinski,",1968.0,,,
480,,,,"M.:I.,Vaughan,:A.","+E.:&amp;:Wielebinski,",,,,
481,,,,"M.:I.,Vaughan,:A.","+E.:&amp;:Wielebinski,",,,,
482,lwj+09,,,"Lazaridis,:K.,Wex,:N.,","Jessner,A.,:Kramer,:M.,",,,,
483,ltk+14,,,"Lazarus,:P.,Tauris,:T.","M.,Knispel,:B.,:Freire,",,,,
484,lbh+15,,,"Lazarus,:P.,Brazier,:A.,","Hessels,J.:W.:T.,",,,,
485,,,,"D.:A.,Green,:K.","+&amp;:Ranasinghe,:S.,",2013.0,,,
487,lzg+11,,,"Lemoine-Goumard,:M.,:Zavlin,","V.E.,:Grondin,:M.-H.,",2013.0,,,
488,lbb+10,,,"Levin,:L.,Bailes,:M.,","Bates,S.,:Bhat,:N.",2013.0,,,
489,lwf+04,,,"Lewandowski,W.,:Wolszczan,:A.,","Feiler,G.,:Konacki,:M.",2013.0,,,
490,,,,"W.,Kowali'nska,:M.:&amp;","+Kijak,:J.,:2015.",,,,
492,lhh+13,,,"Lin,:L.:C.","C.,Hui,C.:Y.,:Hu,",,,,
493,lhl+14,,,"Lin,:L.:C.","C.,Hui,C.:Y.,:Li,",,,,
494,lk11,,,"Livingstone,:M.:A.&amp;","Kaspi,V.:M.,:2011.",,,,
495,lrc+09,,,"Livingstone,M.:A.,:Ransom,","S.M.,:Camilo,:F.,",,,,
496,lnk+11,,,"Livingstone,M.:A.,:Ng,","C.,Kaspi,:V.:M.,",,,,
497,,,,"A.,:Kaspi,:V.","+M.:&amp;:Gavriil,",2005.0,,,
498,lzb+00,,,"Lommen,:A.:N.,Zepka,","A.,Backer,:D.:C.,",2005.0,,,
499,lx00,,,"Lorimer,:D.:R.","&amp;Xilouris,K.:M.,:2000.",2005.0,,,
500,,,,"D.:R.,Camilo,:F.","+&amp;:McLaughlin,:M.",2013.0,,,
501,,,,"D.:R.,Camilo,:F.","+&amp;:Xilouris,:K.",2002.0,,,
502,lnl+95,,,"Lorimer,:D.:R.,Nicastro,","L.,Lyne,:A.:G.,",2002.0,,,
503,lylg95,,,"Lorimer,:D.:R.,Yates,","J.A.,:Lyne,:A.",2002.0,,,
504,llb+96,,,"Lorimer,:D.:R.,Lyne,","A.G.,:Bailes,:M.,",2002.0,,,
505,lkm+00,,,"Lorimer,:D.:R.,Kramer,","M.,M""uller,:P.,:Wex,",2002.0,,,
506,lma+04,,,"Lorimer,:D.:R.,McLaughlin,","M.A.,:Arzoumanian,:Z.,",2002.0,,,
507,lxf+05,,,"Lorimer,:D.:R.,Xilouris,","K.M.,:Fruchter,:A.",2002.0,,,
508,lfl+06,,,"Lorimer,:D.:R.,Faulkner,","A.J.,:Lyne,:A.",2002.0,,,
509,lsf+06,,,"Lorimer,:D.:R.,Stairs,","I.H.,:Freire,:P.",2002.0,,,
510,lmcs07,,,"Lorimer,:D.:R.,McLaughlin,","M.A.,:Champion,:D.",2002.0,,,
511,lem+15,,,"Lorimer,:D.:R.,Esposito,","P.,Manchester,:R.:N.,",2002.0,,,
512,,,,"D.:R.,Lyne,:A.","+G.:&amp;:Camilo,",1998.0,,,
515,lwa+02,,,"Lu,:F.:J.,","Wang,Q.D.,:Aschenbach,:B.,",1998.0,,,
516,lcf+96,,,"Lundgren,:S.:C.,Cordes,","J.M.,:Foster,:R.",1998.0,,,
518,lr11,,,"Lynch,:R.:S.","&amp;Ransom,S.:M.,:2011.",1998.0,,,
519,lrfs11,,,"Lynch,:R.:S.,Ransom,","S.M.,:Freire,:P.",1998.0,,,
520,lfrj12,,,"Lynch,:R.:S.,Freire,","P.C.:C.,:Ransom,",1998.0,,,
521,lbr+13,,,"Lynch,:R.:S.,Boyles,","J.,Ransom,:S.:M.,",1998.0,,,
522,laks15,,,"Lynch,:R.:S.,Archibald,","R.F.,:Kaspi,:V.",1998.0,,,
525,lr77,,,"Lyne,:A.:G.","&amp;Ritchings,R.:T.,:1977.",1998.0,,,
526,,,,"A.:G.,Anderson,:B.","+&amp;:Salter,:M.",1982.0,26.0,,
527,lbm+87,,,"Lyne,:A.:G.,Brinklow,","A.,Middleditch,:J.,:Kulkarni,",1982.0,26.0,,
528,lbb+88,,,"Lyne,:A.:G.,Biggs,","J.D.,:Brinklow,:A.,",1982.0,26.0,,
529,lmd+90,,,"Lyne,:A.:G.,Manchester,","R.N.,:D'Amico,:N.,",1982.0,26.0,,
530,lbhb93,,,"Lyne,:A.:G.,Biggs,","J.D.,:Harrison,:P.",1982.0,26.0,,
531,lml+98,,,"Lyne,:A.:G.,Manchester,","R.N.,:Lorimer,:D.",1982.0,26.0,,
532,lcm+00,,,"Lyne,:A.:G.,Camilo,","F.,Manchester,:R.:N.,",1982.0,26.0,,
533,lmbm00,,,"Lyne,:A.:G.,Mankelow,","S.H.,:Bell,:J.",1982.0,26.0,,
534,lbk+04,,,"Lyne,:A.:G.,Burgay,","M.,Kramer,:M.,:Possenti,",1982.0,26.0,,
535,lmk+09,,,"Lyne,:A.:G.,McLaughlin,","M.A.,:Keane,:E.",1982.0,26.0,,
536,lsk+15,,,"Lyne,:A.,Stappers,:B.,","Keith,M.,:Ray,:P.,",1982.0,26.0,,
537,ljg+15,,,"Lyne,:A.:G.,Jordan,","C.A.,:Graham-Smith,:F.,",1982.0,26.0,,
538,,,,"A.:G.,Manchester,:R.","+N.:&amp;:D'Amico,",1996.0,,,
539,,,,"A.:G.,Pritchard,:R.","+S.:&amp;:Smith,",1993.0,23.0,,
540,J1732-3131:,,,and:a:possible,+detection:at:34.5MHz.,,,,
541,msk+12,,,"Madsen,:E.:C.,Stairs,","I.H.,:Kramer,:M.,",,,,
542,mmtl15,,,"Malov,:O.:I.,Malofeev,","V.M.,:Teplykh,:D.",,,,
543,mh04,,,"Manchester,:R.:N.","&amp;Han,J.:L.,:2004.",,,,
545,mj95,,,"Manchester,:R.:N.","&amp;Johnston,S.,:1995.:Polarization",,,,
546,,,,"R.:N.,D'Amico,:N.","+&amp;:Tuohy,:I.",1985.0,,,
547,mlt+78,,,"Manchester,R.:N.,:Lyne,","A.G.,:Taylor,:J.",1985.0,,,
548,mlj+89b,,,"Manchester,R.:N.,:Lyne,","A.G.,:Johnston,:S.,",1985.0,,,
549,mld+90,,,"Manchester,R.:N.,:Lyne,","A.G.,:D'Amico,:N.,",1985.0,,,
550,mlr+91,,,"Manchester,R.:N.,:Lyne,","A.G.,:Robinson,:C.,",1985.0,,,
551,mml+93,,,"Manchester,R.:N.,:Mar,","D.,Lyne,:A.:G.,",1985.0,,,
552,mjl+95,,,"Manchester,R.:N.,:Johnston,","S.,Lyne,:A.:G.,",1985.0,,,
553,mld+96,,,"Manchester,R.:N.,:Lyne,","A.G.,:D'Amico,:N.,",1985.0,,,
554,mlc+01,,,"Manchester,R.:N.,:Lyne,","A.G.,:Camilo,:F.,",1985.0,,,
555,mbc+02,,,"Manchester,R.:N.,:Bell,","J.F.,:Camilo,:F.,",1985.0,,,
556,mfl+06,,,"Manchester,R.:N.,:Fan,","G.,Lyne,:A.:G.,",1985.0,,,
557,mks+10,,,"Manchester,R.:N.,:Kramer,","M.,Stairs,:I.:H.,",1985.0,,,
558,mhb+13,,,"Manchester,R.:N.,:Hobbs,","G.,Bailes,:M.,:Coles,",1985.0,,,
559,,,,"R.:N.,Hamilton,:P.","+A.:&amp;:McCulloch,",1980.0,,,
560,,,,"R.:N.,Newton,:L.","+M.:&amp;:Durdin,",1985.0,374.0,,
561,,,,"R.:N.,Taylor,:J.","+H.:&amp;:Huguenin,",1972.0,74.0,,
562,man72,,,"Manchester,R.:N.,:1972.",PulsarRotation:and:Dispersion,1972.0,74.0,,
563,man74,,,"Manchester,:R.:N.,1974.",Structureof:the:local,1972.0,74.0,,
564,mbp+14,,,"Marelli,:M.,Belfiore,:A.,","SazParkinson,:P.,:Caraveo,",1972.0,74.0,,
565,mgz+98,,,"Marshall,:F.:E.,Gotthelf,","E.V.,:Zhang,:W.,",1972.0,74.0,,
566,mgm+04,,,"Marshall,F.:E.,:Gotthelf,","E.V.,:Middleditch,:J.,",1972.0,74.0,,
567,msf+15,,,"Martinez,J.:G.,:Stovall,","K.,Freire,:P.:C.",1972.0,74.0,,
568,mnf+15,,,"Matthews,A.:M.,:Nice,","D.J.,:Fonseca,:E.,",1972.0,74.0,,
569,mgi+79,,,"Mazets,:E.:P.,Golenetskii,","S.V.,:Ilinskii,:V.",1972.0,74.0,,
570,,,,"W.:B.,Osborne,:J.","+L.:&amp;:Parkinson,",1993.0,,,
571,mmh+91,,,"McConnell,:D.,McCulloch,:P.","M.,Hamilton,:P.:A.,",1993.0,,,
572,mka+73,,,"McCulloch,:P.:M.,Komesaroff,","M.M.,:Ables,:J.",1993.0,,,
573,mhma78,,,"McCulloch,:P.:M.,Hamilton,","P.A.,:Manchester,:R.",1993.0,,,
574,mhah83,,,"McCulloch,:P.:M.,Hamilton,","P.A.,:Ables,:J.",1993.0,,,
575,mgr+05,,,"McGarry,:M.:B.,Gaensler,","B.M.,:Ransom,:S.",1993.0,,,
576,mkz+03,,,"McGowan,:K.:E.,Kenea,","J.A.,:Zane,:S.,",1993.0,,,
577,mvk+06,,,"McGowan,:K.:E.,Vestrand,","W.T.,:Kennea,:J.",1993.0,,,
578,,,,"M.,Cordes,:J.:M.","+&amp;:Arzoumanian,:Z.,",2000.0,2000.0,,
579,mac+02,,,"McLaughlin,M.:A.,:Arzoumanian,","Z.,Cordes,:J.:M.,",2000.0,2000.0,,
580,msk+03,,,"McLaughlin,M.:A.,:Stairs,","I.H.,:Kaspi,:V.",2000.0,2000.0,,
581,mam+06,,,"McLaughlin,D.:E.,:Anderson,","J.,Meylan,:G.,:Gebhardt,",2000.0,2000.0,,
582,mll+06,,,"McLaughlin,M.:A.,:Lyne,","A.G.,:Lorimer,:D.",2000.0,2000.0,,
583,mrg+07,,,"McLaughlin,M.:A.,:Rea,","N.,Gaensler,:B.:M.,",2000.0,2000.0,,
584,mlk+09,,,"McLaughlin,M.:A.,:Lyne,","A.G.,:Keane,:E.",2000.0,2000.0,,
585,mm11,,,"McNamara,:B.:J.","&amp;McKeever,J.,:2011.:The",2000.0,2000.0,,
587,mte+05,,,"Mereghetti,:S.,Tiengo,:A.,","Esposito,P.,:G""otz,:D.,",2000.0,2000.0,,
588,met+06,,,"Mereghetti,:S.,Esposito,:P.,","Tiengo,A.,:Zane,:S.,",2000.0,2000.0,,
589,mfd+08,,,"Messineo,:M.,Figer,:D.","F.,Davies,:B.,:Rich,",2000.0,2000.0,,
590,mlb+12,,,"Mickaliger,M.:B.,:Lorimer,","D.R.,:Boyles,:J.,",2000.0,2000.0,,
591,mp85,,,"Middleditch,:J.:&amp;Pennypacker,","C.,1985.:Optical:pulsation",2000.0,2000.0,,
592,msl+10,,,"Migi,:R.:P.,Sartori,","A.,de:Luca,:A.,",2000.0,2000.0,,
593,,,,"R.:P.,Pavlov,:G.","+G.:&amp;:Kargaltsev,",2010.0,,,
594,mig00,,,"Migi,:R.:P.,2000.",Afollow-up:optical:investigation,2010.0,,,
595,,,,"D.,Wielebinski,:R.,:Kramer,","+M.:&amp;:Jessner,",2003.0,,,
596,mb75,,,"Mohanty,:D.:K.","&amp;Balasubramanian,V.,:1975.:MNRAS,",2003.0,,,
597,,,,"D.:K.,1983.:Supernova",+Remts:and:their,,,,
598,mgz+13,,,"Mori,:K.,Gotthelf,:E.","V.,Zhang,:S.,:An,",,,,
599,mhl+02,,,"Morris,:D.:J.,Hobbs,","G.,Lyne,:A.:G.,",,,,
600,msh+05,,,"Motch,:C.,Sekiguchi,:K.,","Haberl,F.,:Zavlin,:V.",,,,
601,mcc+06,,,"Muno,:M.:P.,Clark,","J.S.,:Crowther,:P.",,,,
602,mss+02,,,"Murray,:S.:S.,Slane,","P.O.,:Seward,:F.",,,,
603,,,,"J.,Anderson,:S.:B.","+&amp;:Freire,:P.",2003.0,430.0,,
604,nbf+95,,,"Navarro,:J.,:deBruyn,","G.,Frail,:D.,:Kulkarni,",2003.0,430.0,,
605,nrh+11,,,"Negueruela,:I.,Rib'o,:M.,","Herrero,A.,:Lorenzo,:J.,",2003.0,430.0,,
606,,,,"L.:M.,Manchester,:R.","+N.:&amp;:Cooke,",1981.0,,,
607,nr06,,,"Ng,:C.-Y.:&amp;Romani,","R.W.,:2006.:Proper",1981.0,,,
608,nbg+12,,,"Ng,:C.-Y.,Bucciantini,:N.,","Gaensler,B.:M.,:Camilo,",1981.0,,,
609,nbb+14,,,"Ng,:C.,Bailes,:M.,","Bates,S.:D.,:Bhat,",1981.0,,,
610,ncb+15,,,"Ng,:C.,Champion,:D.","J.,Bailes,:M.,:Barr,",1981.0,,,
612,nj98,,,"Nicastro,:L.:&amp;Johnston,","S.,1998.:Discovery:of",1981.0,,,
613,nll+95,,,"Nicastro,:L.,Lyne,:A.","G.,Lorimer,:D.:R.,",1981.0,,,
614,nt95,,,"Nice,:D.:J.","&amp;Taylor,J.:H.,:1995.",1981.0,,,
615,nt92,,,"Nice,:D.:J.","&amp;Thorsett,S.:E.,:1992.",1981.0,,,
616,nss+05,,,"Nice,:D.:J.,Splaver,","E.M.,:Stairs,:I.",1981.0,,,
617,nab+13,,,"Nice,:D.:J.,Altiere,","E.,Bogdanov,:S.,:Cordes,",1981.0,,,
618,,,,"D.:J.,Fruchter,:A.","+S.:&amp;:Taylor,",1995.0,,,
619,J1518+4904:,,,Mildly:RelativisticBinary:Pulsar,"+System.:ApJ,:466,",,,,
621,,,,"D.:J.,Stairs,:I.","+H.:&amp;:Kasian,",2008.0,40.0,,
622,,,,"D.:J.,Taylor,:J.","+H.:&amp;:Fruchter,",1993.0,,,
623,nic99,,,"Nice,:D.:J.,1999.",RadioPulses:along:the,1993.0,,,
624,naa+12,,,"Nolan,:P.:L.,Abdo,","A.A.,:Ackermann,:M.,",1993.0,,,
625,,,,"A.,Johnston,:S.,:Kramer,","+M.:&amp;:Karastergiou,",2008.0,,,
626,naa+11,,,"Noutsos,:A.,Abdo,:A.","A.,Ackermann,:M.,:Ajello,",2008.0,,,
627,nsk+15,,,"Noutsos,:A.,Sobey,:C.,","Kondratiev,V.:I.,:Weltevrede,",2008.0,,,
628,ng06,,,"Noyola,:E.:&amp;Gebhardt,","K.,2006.:Surface:Brightness",2008.0,,,
629,ojk+08,,,"O'Brien,:J.:T.,Johnston,","S.,Kramer,:M.,:Lyne,",2008.0,,,
630,of93,,,"""Ogelman,:H.:&amp;Finley,","J.P.,:1993.:ROSAT",2008.0,,,
631,oklk10,,,"Olausen,:S.:A.,Kaspi,","V.M.,:Lyne,:A.",2008.0,,,
632,obb+07,,,"Ortolani,:S.,Barbuy,:B.,","Bica,E.,:Zoccali,:M.",2008.0,,,
633,,,,"C.,Beardmore,:A.:P.","+&amp;:Kennea,:J.",2011.0,1.0,,
634,pdf+10,,,"Pallanca,:C.,Dalessandro,:E.,","Ferraro,F.:R.,:Lanzoni,",2011.0,1.0,,
635,pmd+12,,,"Pallanca,:C.,Migi,:R.","P.,Dalessandro,:E.,:Ferraro,",2011.0,1.0,,
636,pld+13,,,"Pallanca,:C.,Lanzoni,:B.,","Dalessandro,E.,:Ferraro,:F.",2011.0,1.0,,
637,prf+14,,,"Pallanca,:C.,Ransom,:S.","M.,Ferraro,:F.:R.,",2011.0,1.0,,
638,pfb+13,,,"Papitto,:A.,Ferrigno,:C.,","Bozzo,E.,:Rea,:N.,",2011.0,1.0,,
639,pdb+15,,,"Papitto,:A.,de:Martino,","D.,Belloni,:T.:M.,",2011.0,1.0,,
640,pkw+03,,,"Patel,:S.:K.,Kouveliotou,","C.,Woods,:P.:M.,",2011.0,1.0,,
641,pkgw07,,,"Pavlov,:G.:G.,Kargaltsev,","O.,Garmire,:G.:P.",2011.0,1.0,,
642,,,,"G.:G.,Kargaltsev,:O.","+&amp;:Brisken,:W.",2008.0,,,
643,ppp+09,,,"Pellizzoni,:A.,Pilia,:M.,","Possenti,A.,:Chen,:A.,",2008.0,,,
645,,,,"R.,:Kuntz,K.:D.","+&amp;:Shelton,:R.",2002.0,,,
646,pc92,,,"Phillips,:J.:A.","&amp;Clegg,A.:W.,:1992.",2002.0,,,
647,pv91,,,"Phinney,:E.:S.","&amp;Verbunt,F.,:1991.:Binary",2002.0,,,
649,phbc68,,,"Pilkington,:J.D.:H.,","Hewish,A.,:Bell,:S.",2002.0,,,
650,,,,"S.,Landecker,:T.:L.,","+Madore,:B.:&amp;",1993.0,,,
651,pc15,,,"Pletsch,:H.:J.","&amp;Clark,C.:J.,:2015.",1993.0,,,
652,pga+12a,,,"Pletsch,H.:J.,:Guillemot,","L.,Allen,:B.,:Kramer,",1993.0,,,
653,pga+12,,,"Pletsch,:H.:J.,Guillemot,","L.,Allen,:B.,:Kramer,",1993.0,,,
654,pgf+12,,,"Pletsch,:H.:J.,Guillemot,","L.,Fehrmann,:H.,:Allen,",1993.0,,,
655,pga+13,,,"Pletsch,:H.:J.,Guillemot,","L.,Allen,:B.,:Anderson,",1993.0,,,
656,pdm+03,,,"Possenti,:A.,D'Amico,:N.,","Manchester,R.:N.,:Camilo,",1993.0,,,
657,pakw91,,,"Prince,:T.:A.,Anderson,","S.B.,:Kulkarni,:S.",1993.0,,,
658,qmlg95,,,"Qiao,:G.:J.,Manchester,","R.N.,:Lyne,:A.",1993.0,,,
659,rbd+95,,,"Ramanamurthy,P.:V.,:Bertsch,","D.L.,:Dingus,:B.",1993.0,,,
660,rfk+96,,,"Ramanamurthy,P.:V.,:Fichtel,","C.E.,:Kniffen,:D.",1993.0,,,
661,rl94,,,"Rand,:R.:J.","&amp;Lyne,A.:G.,:1994.",1993.0,,,
662,rb81,,,"Rankin,:J.:M.","&amp;Benson,J.:M.,:1981.",1993.0,,,
663,rgh+01,,,"Ransom,:S.:M.,Greenhill,","L.J.,:Herrnstein,:J.",1993.0,,,
664,rsb+04,,,"Ransom,:S.:M.,Stairs,","I.H.,:Backer,:D.",1993.0,,,
665,rhs+05,,,"Ransom,:S.:M.,Hessels,","J.W.:T.,:Stairs,",1993.0,,,
666,rrc+11,,,"Ransom,:S.:M.,Ray,","P.S.,:Camilo,:F.,",1993.0,,,
667,rsa+14,,,"Ransom,:S.:M.,Stairs,","I.H.,:Archibald,:A.",1993.0,,,
668,rtj+96,,,"Ray,:P.:S.,Thorsett,","S.E.,:Jenet,:F.",1993.0,,,
669,rcl+99,,,"Ray,:P.:S.,Cadwell,","B.J.,:Lazio,:T.",1993.0,,,
670,rkp+11,,,"Ray,:P.:S.,Kerr,","M.,Parent,:D.,:Abdo,",1993.0,,,
671,rap+12,,,"Ray,:P.:S.,Abdo,","A.A.,:Parent,:D.,",1993.0,,,
672,rrc+13,,,"Ray,:P.:S.,Ransom,","S.M.,:Cheung,:C.",1993.0,,,
673,rbs+14,,,"Ray,:P.:S.,Belfiore,","A.M.,:Saz:Parkinson,",1993.0,,,
674,rtj+07,,,"Rea,:N.,Torres,:M.","A.P.,:Jonker,:P.",1993.0,,,
675,rmg+09,,,"Rea,:N.,McLaughlin,:M.","A.,Gaensler,:B.:M.,",1993.0,,,
676,rei+11,,,"Rea,:N.,Esposito,:P.,","Israel,G.:L.,:Tiengo,",1993.0,,,
677,rip+13,,,"Rea,:N.,Israel,:G.","L.,Pons,:J.:A.,",1993.0,,,
678,rvi+14,,,"Rea,:N.,Vigan`o,:D.,","Israel,G.:L.,:Pons,",1993.0,,,
679,rhc+15,,,"Reardon,:D.:J.,Hobbs,","G.,Coles,:W.,:Levin,",1993.0,,,
680,rm05,,,"Redman,:M.:P.","&amp;Meaburn,J.,:2005.:A",1993.0,,,
682,rmg+10,,,"Renaud,:M.,Marandon,:V.,","Gotthelf,E.:V.,:Rodriguez,",1993.0,,,
683,rcf+06,,,"Reynolds,M.:T.,:Calla,","P.J.,:Fruchter,:A.",1993.0,,,
684,rdga95,,,"Reynoso,:E.:M.,Dubner,","G.M.,:Goss,:W.",1993.0,,,
685,rjgk06,,,"Reynoso,:E.:M.,Johnston,","S.,Green,:A.:J.",1993.0,,,
686,rcl+13,,,"Ridley,:J.:P.,Crawford,","F.,Lorimer,:D.:R.,",1993.0,,,
687,rb08,,,"Roberts,:M.:S.","E.&amp;Brogan,:C.:L.,",1993.0,,,
688,rgk+93,,,"Roberts,:D.:A.,Goss,","W.M.,:Kalberla,:P.",1993.0,,,
689,rhr+02,,,"Roberts,M.:S.:E.,","Hessels,J.:W.:T.,",1993.0,,,
690,rtk+03,,,"Roberts,M.:S.:E.,","Tam,C.:R.,:Kaspi,",1993.0,,,
691,"J1420-6048,",,,Young:Pulsar:in,"+the:Kookaburra.:ApJ,",,,,
692,,,,"M.:S.:E.,Romani,",+R.:W.:&amp;,2001.0,,,
693,rlm+95,,,"Robinson,:C.:R.,Lyne,","A.G.,:Manchester,:A.",2001.0,,,
694,rs11,,,"Romani,:R.:W.","&amp;Shaw,M.:S.,:2011.",2001.0,,,
695,rsc+10,,,"Romani,:R.:W.,Shaw,","M.S.,:Camilo,:F.,",2001.0,,,
696,rfs+12,,,"Romani,:R.:W.,Filippenko,","A.V.,:Silverman,:J.",2001.0,,,
697,rgfk15,,,"Romani,:R.:W.,Graham,","M.L.,:Filippenko,:A.",2001.0,,,
698,rom12,,,"Romani,:R.:W.,2012.",2FGLJ1311.7-3429:Joins:the,2001.0,,,
699,rsm+13,,,"Rosen,:R.,Swiggum,:J.,","McLaughlin,M.:A.,:Lorimer,",2001.0,,,
701,rb13,,,"Roy,:J.:&amp;Bhattacharyya,","B.,2013.:Coherently:Dedispersed",2001.0,,,
702,,,,"J.,Bhattacharyya,:B.:&amp;","+Ray,:P.:S.,",2014.0,1.69,,
703,rrb+14,,,"Roy,:J.,:Ray,P.","S.,Bhattacharyya,:B.,:Stappers,",2014.0,1.69,,
704,J1833-1034,,,study:of:its,"+glitch:activity.:MNRAS,",,,,
705,sl01a,,,"Saad,:S.:M.","&amp;Lee,S.-G.,:2001.:Distances",,,,
706,,,,"S.,Ogelman,:H.:&amp;","+Finley,:J.:P.,",1995.0,80.0,,
707,skk+97,,,"Saito,:Y.,:Kawai,N.,","Kamae,T.,:Shibata,:S.",1995.0,80.0,,
708,,,,"R.:W.,:Nice,D.","+J.:&amp;:Kaspi,",1996.0,,,
709,,,,"R.:W.,:Nice,D.","+J.:&amp;:Taylor,",1997.0,,,
710,sdz+10,,,"Saz:Parkinson,P.:M.,","Dormody,M.,:Ziegler,:M.,",1997.0,,,
711,sbd+11,,,"Saz:Parkinson,P.:M.,","Belfiore,A.,:Dormody,:M.,",1997.0,,,
712,skl+15,,,"Scholz,:P.,Kaspi,:V.","M.,Lyne,:A.:G.,",1997.0,,,
713,,,,"P.,Kaspi,:V.:M.","+&amp;:Cumming,:A.,",2014.0,62.0,,
714,sh14,,,"Schroeder,:J.:&amp;Halpern,","J.,2014.:Observations:and",2014.0,62.0,,
715,srs+86,,,"Segelstein,D.:J.,:Rawley,","L.A.,:Stinebring,:D.",2014.0,62.0,,
716,sh82,,,"Seward,:F.:D.","&amp;HarndenJr.,:F.:R.,",2014.0,62.0,,
717,,,,"F.:D.,Charles,:P.","+A.:&amp;:Smale,",1986.0,6.0,,
718,,,,"F.:D.,Harnden,:F.","+R.:&amp;:Helfand,",1984.0,50.0,,
719,,,,"T.:V.,Pugachev,:V.","+D.:&amp;:Lapaev,",2013.0,1978.0,2012.0,
721,,,,"R.:M.,Johnston,:S.","+&amp;:Manchester,:R.",2014.0,2883.0,23.0,
722,sw86,,,"Shawl,:S.:J.","&amp;White,R.:E.,:1986.",2014.0,2883.0,23.0,
723,srg+97,,,"Shearer,:A.,Redfern,:R.","M.,Gorman,:G.,:Butler,",2014.0,2883.0,23.0,
724,skk+80,,,"Shitov,:Y.:P.,Kuzmin,","A.D.,:Kutzov,:S.",2014.0,2883.0,23.0,
725,skdl09,,,"Shitov,:Y.:P.,Kuzmin,","A.D.,:Dumskii,:D.",2014.0,2883.0,23.0,
726,,,,"B.:C.,Manchester,:R.","+N.:&amp;:Durdin,",1993.0,,,
728,sle+14,,,"Spitler,:L.:G.,Lee,","K.J.,:Eatough,:R.",1993.0,,,
729,sna+02,,,"Splaver,:E.:M.,Nice,","D.J.,:Arzoumanian,:Z.,",1993.0,,,
730,sns+05,,,"Splaver,:E.:M.,Nice,","D.J.,:Stairs,:I.",1993.0,,,
732,sr68,,,"Staelin,:D.:H.","&amp;Reifenstein,III,:E.:C.,",1993.0,,,
733,sml+01,,,"Stairs,:I.:H.,Manchester,","R.N.,:Lyne,:A.",1993.0,,,
734,sttw02,,,"Stairs,:I.:H.,Thorsett,","S.E.,:Taylor,:J.",1993.0,,,
735,sfl+05,,,"Stairs,:I.:H.,Faulkner,","A.J.,:Lyne,:A.",1993.0,,,
736,,,,"B.:W.,Bessell,:M.","+S.:&amp;:Bailes,",1996.0,,,
737,sbl+96,,,"Stappers,:B.:W.,Bailes,","M.,Lyne,:A.:G.,",1996.0,,,
738,sc83,,,"Stinebring,:D.:R.","&amp;Cordes,J.:M.,:1983.",1996.0,,,
739,sbc+84,,,"Stinebring,D.:R.,:Boriakoff,","V.,Cordes,:J.:M.,",1996.0,,,
740,stwd85,,,"Stokes,:G.:H.,Taylor,","J.H.,:Weisberg,:J.",1996.0,,,
741,sstd86,,,"Stokes,:G.:H.,Segelstein,","D.J.,:Taylor,:J.",1996.0,,,
742,scg+04,,,"Storm,:J.,Carney,:B.","W.,Gieren,:W.:P.,",1996.0,,,
743,slr+14,,,"Stovall,:K.,Lynch,:R.","S.,Ransom,:S.:M.,",1996.0,,,
744,srb+15,,,"Stovall,:K.,Ray,:P.","S.,Blythe,:J.,:Dowell,",1996.0,,,
745,snt+97,,,"Sugizaki,:M.,Nagase,:F.,","Torii,K.:I.,:Kinugasa,",1996.0,,,
746,sjm+12,,,"Surnis,:M.:P.,Joshi,","B.C.,:McLaughlin,:M.",1996.0,,,
747,,,,"G.,Mohanty,:D.:K.","+&amp;:Balasubramanian,:V.1971.",2356.0,,,
748,srm+15,,,"Swiggum,:J.:K.,Rosen,","R.,McLaughlin,:M.:A.,",2356.0,,,
749,tst+01,,,"Takahashi,:M.,Shibata,:S.,","Torii,K.,:Saito,:Y.,",2356.0,,,
750,tkgg06,,,"Tam,:C.:R.,Kaspi,","V.M.,:Gaensler,:B.",2356.0,,,
751,tkp+14,,,"Tang,:S.,Kaplan,:D.","L.,Phinney,:E.:S.,",2356.0,,,
752,ts99a,,,"Tauris,:T.:M.","&amp;Savonije,G.:J.,:1999.",2356.0,,,
753,tnj+94,,,"Tauris,:T.:M.,Nicastro,","L.,Johnston,:S.,:Manchester,",2356.0,,,
754,tc93,,,"Taylor,:J.:H.","&amp;Cordes,J.:M.,:1993.",2356.0,,,
755,th69,,,"Taylor,:J.:H.","&amp;Huguenin,G.:R.,:1969.",2356.0,,,
756,tw82,,,"Taylor,:J.:H.","&amp;Weisberg,J.:M.,:1982.",2356.0,,,
757,,,,"J.:H.,Manchester,:R.","+N.:&amp;:Lyne,",1993.0,558.0,,
758,,,,"S.:P.,Cameron,:P.","+B.:&amp;:Kulkarni,",2012.0,76.0,,
759,,,,"S.:P.,Cameron,:P.","+B.:&amp;:Kulkarni,",2013.0,31.0,,
760,to05,,,"Tepedelenliovglu,:E.:&amp;","""Ogelman,H.,:2005.:Chandra",2013.0,31.0,,
761,to07,,,"Tepedelenlivolu,:E.:&amp;","""Ogelman,H.,:2007.:Discovery",2013.0,31.0,,
762,tca+01,,,"Testa,:V.,Corsi,:C.","E.,Andreuzzi,:G.,:Iannicola,",2013.0,31.0,,
763,tmp+15,,,"Testa,:V.,Migi,:R.","P.,Pallanca,:C.,:Corongiu,",2013.0,31.0,,
764,tpc+11,,,"Theureau,:G.,Parent,:D.,","Cognard,I.,:Desvignes,:G.,",2013.0,31.0,,
765,tfko75,,,"Thompson,:D.:J.,Fichtel,","C.E.,:Kniffen,:D.",2013.0,31.0,,
766,tab+92,,,"Thompson,:D.:J.,Arzoumanian,","Z.,Bertsch,:D.:L.,",2013.0,31.0,,
767,tamt93,,,"Thorsett,:S.:E.,Arzoumanian,","Z.,McKinnon,:M.:M.",2013.0,31.0,,
768,tdk+93,,,"Thorsett,:S.:E.,Deich,","W.T.:S.,:Kulkarni,",2013.0,31.0,,
769,,,,"E.,:Arzoumanian,:Z.,","+Camilo,:F.:&amp;",1999.0,,,
770,tbb+03,,,"Thorsett,S.:E.,:Benjamin,","R.A.,:Brisken,:W.",1999.0,,,
771,tl06,,,"Tian,:W.:W.","&amp;Leahy,D.:A.,:2006.",1999.0,,,
772,tl12,,,"Tian,:W.:W.","&amp;Leahy,D.:A.,:2012.",1999.0,,,
773,tm07,,,"Tiengo,:A.:&amp;Mereghetti,","S.,2007.:XMM-Newton:Discovery",1999.0,,,
774,tcr+09,,,"Tomsick,:J.:A.,Chaty,","S.,Rodriguez,:J.,:Walter,",1999.0,,,
775,tbr+12,,,"Tomsick,:J.:A.,Bodaghee,","A.,Rodriguez,:J.,:Chaty,",1999.0,,,
776,,,,"K.,Tsunemi,:H.,:Dotani,","+T.:&amp;:Mitsuda,",1997.0,,,
777,tkk+98,,,"Torii,:K.,Kinugasa,:K.,","Katayama,K.,:Tsunemi,:H.",1997.0,,,
778,tkt+98,,,"Torii,:K.,Kinugasa,:K.,","Toneri,T.,:Asanuma,:T.,",1997.0,,,
779,ttd+99,,,"Torii,:K.,Tsunemi,:H.,","Dotani,T.,:Mitsuda,:K.,",1997.0,,,
780,tsn+01,,,"Torii,:K.,Saito,:Y.,","Nagase,F.,:Yamagami,:T.,",1997.0,,,
781,tek+15,,,"Torne,:P.,Eatough,:R.","P.,Karuppusamy,:R.,:Kramer,",1997.0,,,
782,,,,"M.,Bailes,:M.,:Manchester,","+R.:&amp;:Sandhu,",1998.0,863.0,,
783,tsb+99,,,"Toscano,:M.,Sandhu,:J.","S.,Bailes,:M.,:Manchester,",1998.0,863.0,,
784,tbf+06,,,"Townsley,L.:K.,:Broos,","P.S.,:Feigelson,:E.",1998.0,863.0,,
785,tri68,,,"Trimble,:V.,1968.:Motions",andStructure:of:the,1998.0,863.0,,
786,tv68,,,"Turtle,:A.:J.","&amp;Vaughan,A.:E.,:1968.",1998.0,863.0,,
787,umw+93,,,"Ulmer,:M.:P.,Matz,","S.M.,:Wilson,:R.",1998.0,863.0,,
788,,,,"E.,Ferraro,:F.:R.","+&amp;:Origlia,:L.,",2004.0,,,
789,,,,"E.,Ferraro,:F.:R.","+&amp;:Origlia,:L.,",2010.0,,,
790,vck+10,,,"van:der:Horst,A.","J.,Connaughton,:V.,:Kouveliotou,",2010.0,,,
791,,,,"Etten,:A.,Romani,:R.","+W.:&amp;:Ng,",2012.0,151.0,,
792,vk07,,,"van:Kerkwijk,:M.","H.&amp;Kaplan,:D.:L.,",2012.0,151.0,,
793,vk08,,,"van:Kerkwijk,:M.","H.&amp;Kaplan,:D.:L.,",2012.0,151.0,,
794,vbjj05,,,"van:Kerkwijk,M.,:Bassa,","C.G.,:Jacoby,:B.",2012.0,151.0,,
795,ker96,,,"van:Kerkwijk,M.:H.,",1996.The:White:Dwarf,2012.0,151.0,,
796,vks+15,,,"van:Leeuwen,J.,:Kasian,","L.,Stairs,:I.:H.,",2012.0,151.0,,
797,vk99,,,"van:Kerkwijk,:M.","&amp;Kulkarni,S.:R.,:1999.",2012.0,151.0,,
798,vg97,,,"Vasisht,:G.:&amp;Gotthelf,","E.V.,:1997.:The",2012.0,151.0,,
799,,,,"G.,Gotthelf,:E.:V.,","+Torii,:K.:&amp;",2000.0,,,
800,vl70,,,"Vaughan,:A.:E.","&amp;Large,M.:I.,:1970.",2000.0,,,
801,vl72,,,"Vaughan,:A.:E.","&amp;Large,M.:I.,:1972.",2000.0,,,
802,,,,"A.:E.,Large,:M.","+I.:&amp;:Wielebinski,",1969.0,,,
803,vl14,,,"Verbiest,:J.:P.","W.&amp;Lorimer,:D.:R.,",1969.0,,,
804,vbv+08,,,"Verbiest,J.:P.:W.,","Bailes,M.,:van:Straten,",1969.0,,,
805,vbc+09,,,"Verbiest,J.:P.:W.,","Bailes,M.,:Coles,:W.",1969.0,,,
806,vwc+12,,,"Verbiest,J.:P.:W.,","Weisberg,J.:M.,:Chael,",1969.0,,,
807,vazs69,,,"Vitkevitch,V.:V.,:Alekseev,","Y.I.,:Zhuravlev,:V.",1969.0,,,
808,,,,"M.,Mohanty,:D.:K.","+&amp;:Salter,:C.",1983.0,,,
809,wpk+04,,,"Wachter,:S.,Patel,:S.","K.,Kouveliotou,:C.,:Bouchet,",1983.0,,,
811,wl02,,,"Walter,:F.:M.","&amp;Lattimer,J.:M.,:2002.",1983.0,,,
812,wm97,,,"Walter,:F.:M.","&amp;Matthews,L.:D.,:1997.",1983.0,,,
813,wmp+00,,,"Wang,:N.,Manchester,:R.","N.,Pace,:R.,:Bailes,",1983.0,,,
814,wmz+01,,,"Wang,:N.,Manchester,:R.","N.,Zhang,:J.,:Wu,",1983.0,,,
815,,,,"N.,Johnston,:S.:&amp;","+Manchester,:R.:N.,",2004.0,13.0,,
817,wob+04,,,"Webb,:N.:A.,Olive,","J.-F.,Barret,:D.,:Kramer,",2004.0,13.0,,
818,wbb+81,,,"Weisberg,J.:M.,:Backus,","P.R.,:Boriakoff,:V.,",2004.0,13.0,,
819,wpc+90,,,"Weisberg,:J.:M.,Pildis,","R.,Cordes,:J.:M.,",2004.0,13.0,,
820,wck+04,,,"Weisberg,J.:M.,:Cordes,","J.M.,:Kuan,:B.,",2004.0,13.0,,
821,,,,"J.:M.,Nice,:D.","+J.:&amp;:Taylor,",2010.0,,,
822,wsc+06,,,"Weisskopf,M.:C.,:Swartz,","D.A.,:Carrami:a,",2010.0,,,
823,wj08,,,"Weltevrede,:P.:&amp;Johnston,","S.,2008.:Profile:and",2010.0,,,
824,waa+09,,,"Weltevrede,:P.,Abdo,:A.","A.,Ackermann,:M.,:Ajello,",2010.0,,,
826,wg96,,,"Whiteoak,:J.:B.","Z.&amp;Green,:A.:J.,",2010.0,,,
827,,,,"R.,Vaughan,:A.:E.","+&amp;:Large,:M.",1969.0,47.0,,
828,wf92,,,"Wolszczan,:A.:&amp;Frail,","D.A.,:1992.:A",1969.0,47.0,,
829,,,,"A.,Cordes,:J.:M.","+&amp;:Dewey,:R.",1991.0,276.0,,
830,,,,"A.,Anderson,:S.,:Kulkarni,","+S.:&amp;:Prince,",4880.0,,,
831,wkm+89,,,"Wolszczan,:A.,Kulkarni,:S.","R.,Middleditch,:J.,:Backer,",4880.0,,,
832,wdk+00,,,"Wolszczan,:A.,Doroshenko,:O.,","Konacki,M.,:Kramer,:M.,",4880.0,,,
835,wol91a,,,"Wolszczan,:A.,1991b.:A",nearby37.9:ms:radio,4880.0,,,
836,wol94,,,"Wolszczan,:A.,1994.:Confirmation",ofEarth-mass:planets:orbiting,4880.0,,,
838,wkv+99a,,,"Woods,:P.:M.,Kouveliotou,","C.,van:Paradijs,:J.,",4880.0,,,
839,wkg+02,,,"Woods,:P.:M.,Kouveliotou,","C.,G"":ou:g""",4880.0,,,
840,wkg+11,,,"Woods,:P.:M.,Kaspi,","V.M.,:Gavriil,:F.",4880.0,,,
841,wmlq93,,,"Wu,:X.,Manchester,:R.","N.,Lyne,:A.:G.",4880.0,,,
842,wkh+12,,,"Wu,:J.:H.","K.,Kong,A.:K.:H.,",4880.0,,,
843,ymv+11,,,"Yan,:W.:M.,Manchester,","R.N.,:van:Straten,",4880.0,,,
844,,,,"S.,Hamilton,:T.:T.","+&amp;:Helfand,:D.",1994.0,,,
845,,,,"A.,Uyaniker,:B.:&amp;","+Kothes,:R.,:2004.",1.0,,,
846,yws+15,,,"Young,:N.:J.,Weltevrede,","P.,Stappers,:B.:W.,",1.0,,,
847,,,,"M.:D.,Manchester,:R.","+N.:&amp;:Johnston,",1999.0,,,
848,ymw+10,,,"Yuan,:J.:P.,Manchester,","R.N.,:Wang,:N.,",1999.0,,,
849,ywml10,,,"Yuan,:J.:P.,Wang,","N.,Manchester,:R.:N.",1999.0,,,
850,zct+05,,,"Zane,:S.,Cropper,:M.,","Turolla,R.,:Zampieri,:L.,",1999.0,,,
851,zhi+11,,,"Zane,:S.,Haberl,:F.,","Israel,G.:L.,:Pellizzoni,",1999.0,,,
852,zpst00,,,"Zavlin,:V.:E.,Pavlov,","G.G.,:Sanwal,:D.",1999.0,,,
855,zbcg08,,,"Zeiger,:B.:R.,Brisken,","W.F.,:Chatterjee,:S.",1999.0,,,
856,,,,"A.,Cordes,:J.:M.,","+Wasserman,:I.:&amp;",1996.0,,,
857,,,,"B.,Sanwal,:D.:&amp;","+Pavlov,:G.:G.,",2005.0,,,
858,zcl+14,,,"Zhou,:P.,Chen,:Y.,","Li,X.-D.,:Safi-Harb,:S.,",2005.0,,,
859,zkgl09,,,"Zhu,:W.,Kaspi,:V.","M.,Gonzalez,:M.:E.",2005.0,,,
860,zsd+15,,,"Zhu,:W.:W.,Stairs,","I.H.,:Demorest,:P.",2005.0,,,
861,zhw+05,,,"Zou,:W.:Z.,Hobbs,","G.,Wang,:N.,:Manchester,",2005.0,,,
